,PartNumber,Description,Count,SumPrice,BookingCode,DocumentId
0,AVFC,Read/reset error code,0.3,,E101,61784A9D-1DFF-4D7F-832E-7A8ABA731A92
1,570500076D842,"Starter battery Blue Dynamic
EFB",1.0,207.58,C201,6C4AD3D3-84D6-497B-913B-7D4170253234
2,99999999,Fluid management,,14.0,E405,0EBC8A63-96D5-434A-B819-0FDD5C58DCD5
3,N10437301,BATTERY,1.0,3.3,I104,A6F29568-3477-40D0-B6B2-6B73C6DCDB67
4,66126912985,"Button cell 3.2 V-
CR2032",1.0,3.33,I104,4B9D3ED4-DA1E-4566-BBD7-72D30169A244
5,1030025,"Maintenance service after
Manufacturer specification (see
Maintenance plan): Inspection
Service with oil change
carry out",15.0,153.0,E220,7A3919F9-CD4A-4501-A3A1-2D7882BFDBEB
6,OX10,"OX1075D oil filter
Accesories",1.0,13.84,E413,6331DD55-6072-4D13-A539-77D563403A29
7,27060150,Battery checked,,12.1,C103,8BB63D11-5276-4B14-864A-E6E0606C80AA
8,27068950,Battery shop,1.0,10.2,G116,617E02A6-5257-4879-A051-D5CB28DCFD03
9,SPL1001360320000,Adblue 1 liter,13.0,37.7,A101,46CC90D8-3EBA-4C79-99A5-816030C231CA
10,85455B48FA2,"245/50r19 105h Goodyear
Ultra Grip Performance
Fuel efficiency class: B
Wet liability class
Volume in DB
Vehicle has a tire breakdown
Since the tire is not currently
2 tires mounted.",2.0,386.56,P411,2B0339D6-D676-447E-88E9-219AE1F64F48
11,1-EBC-37,"Hol-and Bringservice 5.01
Up to 20.00 km (up to 5 km
simple route free)",1.0,27.5,X608,ED9158CF-F198-4A03-AC79-13EB304C1242
12,WZS,Washing system added,3.0,3.75,E418,ED82A464-9370-49B7-BFA6-EF8C76982EDF
13,5010N10528301,BATTERY,2.0,6.83,I104,D681F3B0-F0C8-4324-A0F3-04DDB93E9BBC
14,94751900,"Course lamp F reversing lamp from
U.",,21.4,L103,EE266BEE-A47E-4B79-9FFB-DBA86C2983CA
15,83A073227A8Z8,Complete wheel,4.0,1366.1,P706,43C6DA6C-129C-46F1-9F58-647FF478DC6C
16,2414781,Matte Passform Velor,1.0,75.02,Q213,C9B9587C-EC5E-46E7-BAD7-A47334CE1849
17,3528709201728,"Transporter Winter 15 ""/16"" |
225/75R16c*r tl agilis
Alpine 121/120R",2.0,389.08,P420,6DD22296-7C3B-4721-9D0F-A64D8B4A1E2A
18,F026407327,"Oil filter | F026407 327
Oil filter",1.0,13.95,E413,9ABDEA4F-335B-4ABE-A67E-80A541C10BE8
19,2629110,Lights on the license plate/li.,1.0,10.1,L102,8072B0E7-82E2-4A78-AAFE-C9F86699E42C
20,9999,Fill the engine oil,0.0,8.5,E405,F45474A2-0DF4-47A0-8097-BA46EAD5DF61
21,P201,Change of wheel including storage,,100.0,P149,1A0F27B5-874A-46BB-B69C-43089C4E3484
22,19010100,Check tightness cooling system,2.0,23.3,R210,45847959-DB4B-4582-9579-5D31D3EBC6F2
23,,"Service oil change |
0.1l Helix Ultra Prof
AR-L 0W20",5.0,9.5,E412,564B3046-55BC-4A27-8051-64086A87DA89
24,3323000,"Frost protection,
Panel cleaning system
AntiFrost+clearance",1.0,5.03,E416,7ED5D8B7-A2F7-479A-A47A-1F6774517DE7
25,1500000,GfS/guided function.,,21.0,E102,8A0FEC09-49C5-49F6-844E-CECEFB752C28
26,152,Towing costs external performance,,160.0,X702,A51D1A02-32E3-47F9-ABCD-E3EF0AEAF7EB
27,38S0910,Russian exchange,0.5,59.0,G315,96F4E408-9E8F-4C1C-823F-891BAA8351F3
28,1300002,"Functional test of the digital
Motor electronics (DME)",14.0,252.28,G109,2C9916B7-576D-480D-BFC6-C818F220353B
29,91,Decra,1.0,97.5,E319,C126D405-20EE-42CC-8E68-90262FDB3A34
30,98440799,4 wheels changed/stored + laundry,,83.19,P149,06E688AC-6299-4290-9CF2-3CFB1D2F3B76
31,93840000,Inspection carried out,5.0,60.5,E249,A695654A-E87F-44F6-A5BB-4BF5136675C4
32,16050600,Anti -frost concentrate,1.0,4.5,E416,8143EB38-AEA7-4B02-BBF2-1C5169715825
33,1500060,Led/guided function.,,14.7,E102,522879DF-CFBC-4681-BEF1-517E17ADDD93
34,27061900,Battery removed,,36.0,C201,66AEF633-CE6F-4470-97A1-004D1CAF98D5
35,VO9481519,BATTERY,1.0,4.72,I104,CDA3D6D6-BB96-442C-B5D7-23EB395E934A
36,93840000,Initial service operation,0.5,62.5,E247,516FA236-112F-4024-88B8-D56EF5AB6AC3
37,19010100,Cooling system checked,20.0,29.0,R210,1827FBB0-0663-4A23-AEC0-67E5DCEA93E7
38,19206502,"Car, main inspection |
HU/AU external performance
Prüz., 3.1.1.1 A. VIII
StVZO (BW)",1.0,154.0,E326,9E075412-AD08-460D-9F98-A2253040DCA5
39,104682490018530004,"Car steel rims 12 ""/13"" |
5.5JX13 5/67/112 ET30",1.0,66.0,P601,D8D667C5-0349-45E0-9F9B-461DD0EF8C43
40,1085270,"Battery 2032
Overall 1) Renew the key battery",1.0,6.89,I104,45B0B97F-04F6-4CC2-8FFD-C359F8BD5DAD
41,EL550,Starter battery EFB,1.0,173.17,C201,617E02A6-5257-4879-A051-D5CB28DCFD03
42,122260,"Brake disc rear axle
Renew both sides",0.8,88.0,F206,BB0FC4D7-2F51-4281-A926-BB6FFBEDFEEE
43,5LA054412F,Charging cable,1.0,284.87,W501,879C3FA5-539A-4C9A-AF05-C0E308C44774
44,1-EBC-345,"Tuev acceptance / HU
To para.29 StVO",1.0,153.0,E325,EEA649FC-F9E8-4B44-B299-79DD6F415EF6
45,156,"Low after relief from
10.06.2024",1.0,160.0,X702,7CB3E543-47ED-4117-B5D0-28EB2E3E8BAC
46,GJZW164DS,Disc cleaner,1.0,6.19,E416,E6243B51-24A3-4787-A0A3-E3D6DB799F57
47,2382101,NOx sensor with module 6.2,1.0,401.86,G315,20FFD42D-371F-445D-BDBB-55F97C323E3B
48,540566,Bef screw F wheel,20.0,96.8,P130,FE2EA1C8-2421-4C96-A9DB-5B1CFDF93F0D
49,HU7020Z,"Oil filter |Oil filter
7020 Z",1.0,14.36,E413,F5273830-3B12-4D7C-8DBF-5FBAE4E8312F
50,83125A85517,Disc clarification with frost protection,1.0,5.14,E416,5DB1C782-C061-41E7-9DE6-2A4589677FAA
51,SL,"Read out fault memory
Check peace flow",0.4,17.09,E101,9F5285CA-939A-41DF-8DFA-7178A59006E4
52,2490405,BATTERY,1.0,,C201,8E5AFC5A-CF01-4A35-A5CD-D69D355C64FE
53,AVF-HUO1,TÜV fees HU-follow-up control,1.0,19.5,E310,E5F4DC9E-F092-4656-8137-8FFB23FCC988
54,ZPAKET99,"Change of wheel change plus package € 119.90 (change,
Wash, store)",,100.76,P149,E1DDC69D-3294-4482-BF1A-7604CF925E4E
55,2490405,BATTERY,1.0,232.6,C201,AC3108FA-0DF7-45C2-8077-7B2C9BD4C8A3
56,65E5AA,"Error memory query
SteuergeraetGlobaltest on
VEHICLE",0.3,33.06,E101,89843F0E-8A70-4D3D-8BA2-A416B994615C
57,1154,Cycle change package car,4.0,54.0,P149,08D137C7-4666-4207-984B-A9ACB18EC981
58,94241900,"Environmental lamp.
AZ reduces composite, note AP
For 2 lights!",,59.2,L107,C2640EEA-68E5-426E-82B3-0B076958CA66
59,701-8300015,"Features (Service Article) |
1 LTR Adblue Liquid |
Adblue urea solution /
Divers / diverse /",10.0,41.9,A101,F5273830-3B12-4D7C-8DBF-5FBAE4E8312F
60,10917003,"Car, otherwise. Autoservice |
Vehicle diagnosis with
Diagnosis tester",1.0,29.41,G109,08D572C7-357E-4D7E-AD26-66B8904D75E8
61,26931919,"Particle sensor
And replaced (G784)",,75.0,G315,E77568EE-35FC-43FB-9F0B-A1DC60FA926E
62,312141,Battery out and install,0.3,34.5,C201,EAB620CB-6282-443F-B1DE-F1A7697D4CEF
63,44405501,1 tire replaced U.,,16.81,P165,2053D10F-58D8-4A93-A796-357A01109C26
64,1090000,Inspection with oil change (flexible),,239.7,E220,651E00B3-2552-423B-BECC-B2E1C2508D61
65,95515591,Battery 12 V,1.0,264.98,C201,7DCA3CF5-6E3C-4C8A-9737-818F46921D38
66,WRL2,"Winter bikes Mont.-
Store summer bikes
***************************",0.5,74.79,P149,3A205D7D-ED4C-4476-B24B-E68159EDDA5E
67,,"Oil 0W20 508.00/509.00
Oil standard 50800/50900",1.0,18.73,E412,EBEFCDFC-3EE7-42AE-B83A-73139EA7F6A2
68,4N0971675G,Charging cable,1.0,230.64,W501,4BAD1D53-9B77-4442-990C-EDB7F62C9D74
69,ha,Inkasso TÜV and AU,1.0,158.66,E326,C53E6BFF-8C3C-402B-8683-A1C8944DB0A1
70,1617246180,"Control housewife
2 days lf time",1.0,85.19,I905,D630A3F3-295E-4D49-A819-99F397B88185
71,AW,"Normal conditions 15,000 km/12 months
The inspection is carried out after
Prerequisite of the manufacturer.
All work steps:
-test work
-Controll work
-
-exchange work
are documented in the attached service plan and
confirmed.",12.0,72.0,E211,897EB596-04A8-4D69-B597-8F1C530528C5
72,1109AL,Oil filter cartridge,3.5,,E413,185BB2DB-426F-4F81-8F23-2D25B39141E5
73,16050600,Anti -frost concentrate,1.0,4.5,E416,AAAD6385-AC39-4D83-ADEF-8927A8D3A039
74,910315,"Main inspection including
Emissions",1.0,155.4,E326,A26B3897-C24B-401A-9E96-8C24E03BE461
75,1-EBC-345,"Tuev acceptance / HU
To para.29 StVO",1.0,153.0,E326,6CDC8D53-D743-44AE-B8E6-41F2A95EBC87
76,93840000,Original maintenance work,0.5,56.25,E249,01986A84-A468-4380-B4BE-5E20F98B9F92
77,1199000,Vehicle interior cleaning because of,,194.39,X149,DD2FFBED-94AD-49E3-B8B2-6FACC82F226F
78,B000DS,Brake flue,1.0,12.88,E402,97639383-E1E8-46BC-971E-33BC41216A7A
79,915089AC,089 AC,1.0,215.8,C201,1F6A7A64-E03D-4E50-AC3E-4C7C2D9AE29C
80,N10591501,Glue lamp,1.0,3.75,L102,E58CA6F0-C6A2-4848-B66D-B4776760EF31
81,FT2413061,"Disclar with
Frost protection 1l, TU",2.0,8.4,E416,690B993F-4679-40C0-BC4C-9B6C990FB719
82,99976961,0W20 MagnProfd Castr,6.2,117.18,E441,3F18E994-A8AA-450B-A7CE-3DC18365451C
83,GW052164,Wazus i.L,2.0,6.46,E416,4D15B0B6-3061-444C-99B9-A4D3BDD83589
84,93840000,Original maintenance work,0.5,52.5,E249,9D2350D8-6C19-487B-9846-FA7B055FC4B9
85,G052910DS,Adblue,11.0,19.25,A101,216DA5DD-9A86-449C-B112-518E9A908887
86,3323000,"Frost protection,
Panel cleaning system
AntiFrost+clearance",1.0,6.1,E416,CA85F219-7C7A-4449-8C69-DD04572D40EE
87,9D107210,"Diagnostic 10 troubleshooting on
VEHICLE",1.0,218.4,G109,A61A74DD-F770-4718-B5FE-1EB09C850E27
88,330901,Minister and install nitrogen oxide sensor (N0X),0.3,28.83,G315,1A0FF8E1-2230-4308-820E-28E84920859E
89,312111,"Check the battery
-> Battery defective <-",0.2,23.31,C103,A285BAD1-39D7-4C9D-A0A2-8DEAD4F18EE4
90,915089AC,BATTERY,1.0,215.8,C201,6C03D522-045C-4DE9-8F3C-8CCD5172A076
91,24.0125-0158.1,Brake disc,2.0,187.3,F208,A7EE8B78-264D-473E-8AF4-848407ADFB1A
92,4038526044310,"215/60R17 100V XL
Vector 4Seasons gene
3",4.0,549.12,P511,084D4B8E-7FA8-4893-B667-890B66CD1167
93,PAFR0058B,Frost protection,1.0,10.38,R106,869E6A09-49AF-4042-BD28-922B6EA0BEE0
94,Z4400-01A,Change/store bikes,,108.4,P149,9B3DC5D8-2923-401C-B36C-94EF5BBDCC3E
95,512,Fill the engine oil,1.0,12.9,E405,ECD9B0B2-16CE-4FF9-9FE5-AFD57FA6B3ED
96,24.0124-0127.1,Brake disc,2.0,202.24,F208,3DCDAC6A-8BD7-4CC5-B61B-BB141CE15346
97,1169,"Assembly package without
Disposal of car assembly",4.0,68.0,P165,B9694049-3E9E-4FF0-ABA0-9AC443730689
98,7018300015,"Features (Service Article) |
1 LTR Adblue Liquid",6.0,19.5,A101,C1588A3A-3EF8-4E77-BD59-32D5BBFDEEDC
99,1500000,GFS/guided function,,16.5,E102,0C7B177C-25FD-4958-838F-DD787BE4AE1C
100,93840000,Original maintenance work,0.6,80.0,E249,F805D7E8-9B3A-41A1-A5B7-6647DE72467B
101,8207,*Ka exchange 12-V battery,3.0,28.5,C201,30E94DC9-E085-410B-BC78-513FBC966910
102,14800501,"Car, otherwise. Autoservice |
Labor value
Inspection |
Labor value
INSPECTION",48.0,81.6,E220,9ABDEA4F-335B-4ABE-A67E-80A541C10BE8
103,95150A,Diagnosis and troubleshooting,10.0,115.0,E102,AAA8A180-9CCD-4720-AA26-7B4E84AB0F74
104,0986494799,"Brake blocks |
Brake padding, slide 0
986 494 799",1.0,101.25,F214,1FFB22FB-2FCC-42BB-B703-78BFD1F42210
105,0 092 S4E 081,Starter battery S4EEFB,1.0,214.6,C201,E96BC61A-04BB-4630-BCE8-5808FD5C2F79
106,15044950300,Vehicle in front and measured,,136.06,T103,8DFE2981-C5C8-4D9E-AD28-E5B5A420CE7E
107,1050,Disc clear,1.0,4.31,E418,31572076-2CAC-42C1-A10F-F42E5887C2F5
108,1500060,"GfS/guided function.
Error message: Oil sensor defective
-> No relevant error entry,
Exam i.o.",,27.51,E102,0B5BD418-072D-48BC-8FD8-FE99F2374AAC
109,17013550,Check engine oil,0.1,11.0,E405,B0A6E1FA-36CA-437F-9150-B3DD9710612B
110,14800480,"Car, various services
0.1 l
Display frost protection",3.2,10.88,E416,531B2AEB-980F-44E1-B97B-AD5E90165EA2
111,1647883280,Kit 2 brake discs Belooed,1.0,284.71,F208,50D3948D-A118-4DFF-A1D0-DDA9F132D0C6
112,1500060,GfS/guided function.,,60.65,E102,EA6E71C9-32C3-4B91-8793-8B48F9D59CE5
113,SLEFZG,Inspection after 1 year,0.9,108.0,E211,416ED619-540D-4107-9D36-8FE655692484
114,ZRÄDERW7,Change/storage diacom (€ 55.00),,46.22,P149,8D91AD91-C9A5-4201-9D8A-854A4C65FA4B
115,93840000,Original maintenance work,0.5,51.0,E249,FAD7C2C9-60C0-48C8-8479-3EF92B841CB6
116,5235458WGA30,Tire goo,1.0,154.62,P411,BD6231D8-C6C5-4F06-B11B-2E8572B45AFD
117,OC1397,Oil filter,1.0,15.6,E413,4550919D-6C8F-4556-9160-9B82A24604E2
118,290990,Diagnostic unit followed/Herst.,0.3,35.7,G109,73F48603-F268-401E-9381-7EEB3896EA2E
119,Z00049,Key battery replaces CR2032,,8.4,I104,ECAE41D2-00FD-4A60-9591-99811D4EDBDF
120,1-EBC-345,"Tuev acceptance / HU
To para.29 StVO",1.0,162.3,E325,6F894A50-B0F6-4F5D-9DE0-2175A50AE474
121,26883500,Fill in adblue,2.0,23.3,A101,FF85B1E4-AE32-4885-8074-1696C59C77E2
122,263502M100,Oelfilter Service set,1.0,25.44,E413,8FBC2D01-8B97-43F9-A8EE-1E29DC67EC46
123,P1,"92-4011 Mount winter chip and the
40-1450 4 complete
40-2070 4 Complete Stationaer",,100.42,P149,E7DD246D-D993-4CE3-AEF6-B84293F08989
124,83125B5ED57,"BMW disc clear with
Frost protection",1.0,5.22,E416,3A9ED9BF-D7D7-42D5-89E3-2308F795F114
125,11057085500,Key replaced,,25.8,I104,45D871B2-4D8F-4FC7-8997-5D5B207C8EFE
126,ZUB00110,Batt.-2032,2.0,4.8,I104,C06C3756-9C24-4F96-B427-3E5618ABE66A
127,1500010,GfS/guided function.,,24.26,E102,A0CF6AB2-5324-470F-B42B-43E7F9BDB5C5
128,NUHUTUEV,TÜV fees HU/AU according to §29 StVZO,1.0,150.0,E326,5CFDBF5C-8B89-4227-BB5D-E7A0C44C37E5
129,D_GESETZL.HU,"Throughout the legal
Main inspection through
Prueforger",1.0,117.5,E326,0636D591-699D-449D-992E-9482BB32DBED
130,2013334,BATTERY,1.0,326.52,C201,3250433F-3989-4698-8B44-FD970F29BDDF
131,47370824,Battery Load [Standard],0.2,21.0,G116,6C4AD3D3-84D6-497B-913B-7D4170253234
132,M100000558,"Frost protection,
Panel cleaning system (1
863)",3.0,17.1,E416,60736562-DB56-4996-B800-F0BABC3CB08C
133,4RWE,"Change 4 wheels, 2 wheels balanced.
Force weight
4 wheels cleaning with
The wheel washing system and storage in
Tire hotel",,66.39,P149,8C2156E4-FB48-484E-91B2-C62288600B86
134,986424364,"Brake blocks |
Brake pad, disc
23130",1.0,60.0,F214,9616DDE0-EF24-49E9-B891-639FF2C0E81E
135,57085599,"Key batteries A+E and
Replaced",,12.5,I104,DB9F5DC7-CC40-4E3B-9F4B-84E39FC4E86B
136,321470,Renewal headlight lamp renewy low light,0.3,27.0,L502,24CCB7B6-EAB5-48D6-9EDF-E834960DD65E
137,L1001360320000,Adblue 1 liter,10.0,40.0,A101,1B25CF3C-D39B-40F2-B661-C5C4EB9A5270
138,83125A1A166,"Disclar with
Frost protection 1000ml",1.0,4.54,E416,5922D153-930B-45C3-822F-11580988235C
139,M999999909,Display cleaner (1893),1.0,5.7,E418,62E7E6B4-2484-488F-8591-5A79095F8781
140,6216A1,LAMP,1.0,2.25,L102,63136E80-608D-45A4-AD8E-F33D665C09D9
141,,Motoroel with Longlife,0.7,14.35,E412,C20412A8-06B9-4A62-9E1C-5754C66746D1
142,26931919,"Particle sensor
And replaced (G784)",,75.0,G315,9184AAB5-7812-44C1-9B44-7B5742F40C81
143,46502050,"Brake disc front axle
Renew both sides",11.0,112.2,F208,A7EE8B78-264D-473E-8AF4-848407ADFB1A
144,5G9955427B,Wiping blade,1.0,11.33,E422,CB0287DB-67D7-40A3-9892-79216500CED6
145,32500,TUEV-follow-up examination,1.0,350.0,E310,4031EB30-260F-4E39-88EC-674D26CF60F1
146,93190461,"Glue lamp
H7 12V 55W",1.0,15.03,L502,D43BDA28-A7F2-4821-8C18-64DD0572AC58
147,93840000,Original maintenance work,0.5,61.5,E249,70E4C926-2CB1-4E56-A18A-112F2B050303
148,3200155,"Chassis measurement kinematics
Diagnostic system with
Height measurement without
Vehicle load",11.0,155.21,T103,2DCB015B-1166-4C77-A665-B9583B541C46
149,27068950,Battery loaded,,12.77,G116,730FC9C2-7F32-40D4-AD38-4FB21344D41A
150,VO36001,"Reading/reset error codes
VST/ VCT",0.2,22.32,E101,98B8D3FD-8753-4B3D-B257-DB1337C863C8
151,ZRÄ-KOMFORT,Cycling package comfort,,91.6,P149,4C246720-BC9B-4CAC-9264-2172D15F81B8
152,1678168180,"Set of 4 brake pads
Vo",1.0,114.58,F214,D867F03C-283E-42CD-A4E2-A4CB1EC9FD4A
153,FC,Read out error code with tester,0.3,32.7,E102,A5CA6D2D-549E-44DD-BCFD-0596FD176752
154,99999999,Key battery replaced,,14.0,I104,CB0287DB-67D7-40A3-9892-79216500CED6
155,83125A1A167,Disc clarification with frost protection,1.0,9.9,E416,C33E9B9E-4A38-480A-9FD6-E3A97CEFE058
156,FLO0810,Premium interior cleaning,,125.21,X149,174DB5C2-3630-4E99-8619-92DEE202300A
157,N10528301,283 01,1.0,3.41,I104,1F6A7A64-E03D-4E50-AC3E-4C7C2D9AE29C
158,,Motoroel with Longlife,4.0,63.2,E441,20177DCE-01FE-4137-8033-359847BE513E
159,1EBC71,"Error memory
Read out /loeschen
(as part of the inspection
for free)",1.0,49.0,E101,33853059-EFCD-4712-A948-D28551C1B0B4
160,16050600,Anti -frost concentrate,1.0,4.5,E416,2D8FBFA7-9695-407A-8291-51488F763849
161,Z444003,"2 tires replace without a wheel and
tear down",,50.42,P165,CFFCF885-5705-4D61-BBE4-04C7F277E670
162,14800562,"Service brake |
Work value brake |
Both brake discs
renew (front axle)
[Minutes]",48.0,81.6,F208,15D45BC5-7F4B-4B67-B180-0076061F15D5
163,27065550,Battery replaced,,13.5,C201,43965216-DB9C-4AF9-8639-0EF5DC4AF30C
164,27065550,Replace battery 807,,11.0,C201,2D1777D0-AA0E-4516-8003-371B11B427DD
165,19206502,"Car, main inspection |
HU/AU external performance
Prüz., 3.1.1.1 A. VIII
StVZO (BW)",1.0,154.0,E326,DA531A7A-8F28-40FA-9A46-93959E2B914E
166,M100000557,Frost protection (3356),0.5,5.75,R106,1DA88A51-71DF-479A-9EBB-C7D79921F23F
167,66209826784,Parking sensor,1.0,115.36,I514,0B2F8FE0-A403-4199-92F1-693B2F890407
168,M100000558,"Frost protection,
Panel cleaning system (1
863)",1.0,4.9,E416,DFEF17D2-1314-463A-96C9-45641C16C78C
169,,Eni I-Sint Tech VK 0W-30,4.6,76.91,E412,2B5F802B-27FF-4270-947B-20CBCDB32C94
170,17027065550,Battery replaced,,14.9,C201,115B2845-B35D-4E3F-933D-532A1F0579E7
171,1EBC345,"Tuev acceptance / HU
To para.29 StVO",1.0,153.0,E326,89A56EE8-9649-4003-9C26-E1B29AEF0492
172,072011114,H7 Longlife Würth Lamps,1.0,13.54,L502,F8BEE640-B53B-4722-AFFE-684D6AE9986B
173,27068950,Battery shop,,13.85,G116,D3F21C66-B72A-4FDD-A533-9C08163BEFA0
174,10821900,"Sound protection tub from-062
U.",,73.6,M113,7A655623-FEE6-48C3-A058-B044DDF7A375
175,83122413061,Disc clarification with frost protection,2.0,8.1,E416,BCBEA0EF-7F82-4FB3-B892-886569722F1F
176,312141,Battery out and install,0.3,34.5,C201,0DB3D5FC-4917-4844-9795-DA9EFB152A23
177,HU,"Fee Main Inspection
According to § 29 StVZO
TÜV",1.0,99.5,E319,35A24DCF-3DAD-4DDC-A252-D3F9C9A0BA73
178,,Refill oil,0.8,14.98,E412,7D5B1B7D-6DFF-45A2-AF5C-0A2EBECF2A86
179,1684934580,Set of 4 brake pads,1.0,161.38,F214,7A666E1B-A8EF-45B1-B7DC-546546CFC1C3
180,P44050,"Service package change change and
Storage",,79.75,P149,05067D9F-39B7-49BC-82DF-E8CD0C1AFEB7
181,10911030,"Complete assembly car |
Complete assembly
Van/van",1.0,17.0,P165,572D1E2D-B626-4FED-B2AE-BF3A5F4797B5
182,47180749,Check the battery [Standard],0.25,26.25,C103,D82D8728-A648-472B-BCDE-8E79EBCBEA21
183,27060150,Battery checked,,12.13,C103,A0CF6AB2-5324-470F-B42B-43E7F9BDB5C5
184,55058274,Disc cleaner,1.0,2.37,E418,8D13CFBC-6938-4F5C-A206-4BAFEF5D9777
185,14800484,"Service brake | 0.1
LITER
BRAKE FLUID",10.0,15.0,E402,901A7C51-D210-4AF0-9C2F-A7B2A99D4CFB
186,79111,brake fluid,1.0,14.4,E402,E9639359-EDFF-4D66-8F74-1A9DB5F0D713
187,290990,"Diagnostic unit followed/Herst.
According to the KD FZ, does not start
*******************************************",0.3,27.75,G109,D83A4042-40DC-437E-9777-915E69A337C7
188,6216A1,LAMP,1.0,15.03,L102,658BE52C-4E74-4CA4-BED9-F2F815BBFA0B
189,2305506,Brake disc,2.0,218.88,F208,2AA135F6-A16F-47AB-8892-434EF20847F4
190,95N48A,"Maintenance service after
Manufacturer specification (see
Maintenance plan): Service all
30,000 km/ 1 year
carry out",10.0,102.0,E211,6100478F-D613-4107-BF40-DC6EC505BD9B
191,66126912985,Button,1.0,3.0,I104,7A9A1EDB-BB59-45FC-A8EB-91B0EE6A76BD
192,W1,"Store (per season)
Tighten the bikes after 50 km route
let!",6.0,67.06,P149,BF1647F3-1821-4FEA-80A9-F9CCD52EC104
193,,"Service oil change |
0.1l Shell Helix Ultra
Prof.AV-L 0W20",5.0,9.5,E412,63DDF7C7-07A1-4196-9B16-FF674B03DA0C
194,4101101,Make a short test,3.0,56.85,G109,CF1BDADC-40B2-4527-8AD6-281FBCBBFAEC
195,WELA,Change of wheel + storage,,137.81,P149,6A0F2A2D-FB0A-4A6F-8DDC-FC7ADBC0345C
196,N400809000007,64 glue lamp H7,2.0,29.34,L502,492BAFD6-0E8D-4104-AE5D-EEA9A80EA0C6
197,14800562,"Service brake |
Work value brake |
Both brake discs
renew (front axle)",42.0,68.04,F208,49413E2E-C831-4607-8417-F62F8F38693C
198,994MUA,Read/delete error codes,0.1,11.65,E101,C63F0531-1660-415B-9809-1AC8CF8A0FFC
199,14800480,"Car, various services
0.1 l
Display frost protection",5.0,2.1,E416,13E11A72-CDAD-46C3-BB10-60D7D6F21E51
200,MG4MF1Y,"MG4 Maintenance for 24,000 km
/ 1 year",,118.0,E211,9E74216D-7F4D-4C08-A2D2-F209575B921B
201,915089AC,BATTERY,1.0,215.8,C201,78ED5347-078C-4932-A10A-E0B51AFD60BA
202,13626520,"Service oil change |
0.1 l Markenoel after
Manufacturer specification
0W30 |0W30 C-Tec
Special F / Divers /
0010030020300 /
4260592070843",66.0,99.0,E441,7AAFAEE2-69A6-452E-9A1E-A1643347DBFA
203,290990,Diagnosis of motor offspring/electronics,0.3,37.5,G109,C5A2F81D-6113-4960-A90F-0542B72EE010
204,ANZ819514,Disc cleaner,1.0,4.2,E416,D4183679-9DFC-420A-95C1-B68D2E9756D0
205,1647883280,Kit 2 brake discs Belooed,1.0,284.71,F208,8ED098CA-C400-419A-9615-7F8FE6B72190
206,802711,"Battery remote control
renew",0.1,9.5,I104,A71DDF91-8AEF-4051-AFFC-1ECD34BB83EB
207,FROSTSCHUTCAR1,Display frost protection concentrate,1.0,4.7,E416,65909B78-FCD6-47D3-8D5F-89E014311FD1
208,263481952,"Brake blocks |
Brake pad
Display brake 263481952",1.0,162.14,F214,AB57688F-3A53-4145-9454-44F0DB60C92F
209,14800554,"Motor electrical system service
|Work value engine
Electrics |battery
renew [minutes]",24.0,39.12,C201,08D572C7-357E-4D7E-AD26-66B8904D75E8
210,G052910DS,Adblue,12.0,27.9,A101,9DAA19F3-8A0F-435C-BC77-86711E0DC210
211,N10528301,BATTERY,1.0,3.41,I104,9D7346DE-8E33-4B6D-A2F5-26C2C272CDBD
212,13.0460-2785.2,"Brake padding,
Disc brake",1.0,86.62,F214,A7EE8B78-264D-473E-8AF4-848407ADFB1A
213,N10528301,BATTERY,2.0,6.83,I104,70C5EAB2-F0BF-4AD2-9CE6-40D312F499A6
214,12159,"Overdraft fee too
Review according to § 29 StVZO",,20.68,E328,1DFEB38E-D462-4E44-A297-AC498486CCD4
215,ZM4403GF,"Change change with storage
Arval",,70.0,P149,D9525A47-22D6-4B7A-B032-D38449C889CF
216,206557VBZ00,Ripe bri,2.0,301.3,P404,5A0430BC-1908-4CDA-B3EC-D403E6A52F60
217,915089AC,BATTERY,1.0,215.8,C201,2E480235-F09A-4A64-946C-2695D243E031
218,55058274,Disc cleaner,1.0,2.37,E418,3D9BF45D-774B-4F80-A459-695D4EBEFD81
219,6430300,Transmitter battery exchange,0.1,10.29,I104,E32CF7FC-899A-470D-AE8F-7BFA9BF286B1
220,27065550,Replace the battery,10.0,12.7,C201,079A5215-B56D-4DC8-BE4E-BAE48A7065D6
221,95515591,Battery 12 V,1.0,225.23,C201,FA999173-7A06-4804-82E2-B058FEAEC162
222,VO60109,Chassis check,0.3,33.48,T103,CDA3D6D6-BB96-442C-B5D7-23EB395E934A
223,93840000,Original maintenance work,0.5,61.5,E249,594C552C-F1DB-48C0-AE4C-92F1E260C963
224,14800562,"Service brake |
Work value brake |
Both fronts
Renew brake discs
[Minutes]",60.0,97.8,F208,434E9BB4-56CE-41BF-9D72-985D3CA02842
225,AVDIAG,Diagnosis,2.0,248.0,E102,9EDEC898-B22D-4304-9A00-B6AD2BF54B9D
226,14800501,"Car, otherwise. Autoservice |
Labor value
Inspection |
Main inspection/oil change
Months",30.0,51.0,E211,4D6EB4B7-877C-4572-A579-981D8A813275
227,1675652380,Kuehler frost protection,0.25,,R106,607F1F38-C847-449F-9B10-DBC114FBEC39
228,990167603,Refrest frost protection CT12,1.0,4.0,R106,F9AE3BC7-79EF-412D-B389-DE0D3BE79036
229,M999999905,"Main inspection (without
VAT according to §10 paragraph 1
UStG)",1.0,155.0,E326,4BF57AAB-298C-48A3-9A69-DF6D39ABFF57
230,27061900,Complete the battery,,55.4,C201,9F295F79-0918-47E7-B427-4B66B2C4CEEB
231,N10528301,BATTERY,1.0,3.41,I104,730FC9C2-7F32-40D4-AD38-4FB21344D41A
232,915089AC,BATTERY,1.0,215.8,C201,A31CBE9E-5070-47EB-8E6C-CCE7624D0360
233,,Refill oil,1.0,21.5,E412,C5D9FC7C-D5DF-4129-B97A-4C72E9D99CFB
234,24012701031,"Brake discs |
Brake disc 24.0127-
0103.1",2.0,180.36,F208,11B9A505-9E13-4DEC-A211-991FEEEA80EE
235,1152,"Assembly package with
Disposal of cars (assembly",2.0,34.0,P165,36910862-EC29-4175-B625-66D0479C91F3
236,,"Service oil change |
0.1l Helix Ultra ect
C2/C3 0W30",15.0,22.5,E412,9CAE7E2B-A483-4F55-9DEE-E7617C0CC4AD
237,1150,Disc cleaner,1.0,3.83,E418,0CF49FD0-F8FF-456B-9450-556E4BF55A59
238,,"High -performance engine oil/
exact description
register",1.5,31.35,E412,49555B1C-50E8-4CEF-8C7D-BC0DB0F35A28
239,986479058,"Brake discs | 0 986 479
058 brake disc",2.0,196.5,F208,8653B39D-8DE3-498E-9745-A7FABE9B6EBE
240,14800480,"Car, various services
0.1 l
Display frost protection",2.0,8.4,E416,DAE5E1A1-C5B5-4B49-B07B-291AB3B63085
241,43930004,"Association pocket after
DIN 13164",1.0,8.73,X534,51A03F3B-1F37-45B7-855F-93E945AC929B
242,,"Service oil change |
0.1l HELIXHX8 ect C3
5W30",40.0,76.0,E441,C216DE27-481B-4C1F-8557-A607214AE857
243,1-7MF13Z,Adblue 1 liter,10.0,29.0,A101,A7BF3CF9-0A05-4313-8591-896DDB1CEFD8
244,P7BXC,"Main inspection and AU
Investigation § 29 StVZO NL46",1.0,153.0,E326,24A8A036-7D7A-4806-9BE9-0B90F7BE1773
245,290994,Read out error codes,0.1,11.66,E101,A285BAD1-39D7-4C9D-A0A2-8DEAD4F18EE4
246,HUE,"Main inspection §29 StVZO
Overall other",1.0,97.5,E319,09445D14-0237-42B0-A204-E03F052AC929
247,1500000,GFS/guided entrance test,,41.55,E102,9F295F79-0918-47E7-B427-4B66B2C4CEEB
248,J852130,"Diagnosis-
Engine management system",1.5,283.5,G109,B4C66387-C13A-4B73-ADEC-60F492D9830E
249,801815,Battery load and test,2.0,22.4,G116,8E2A436B-46CD-4E46-A460-24617F2861AE
250,VZTW205556TMA90,Ripening of the winter,1.0,121.58,P420,5A8A4C59-520E-4D3E-A0B0-2C428E199E8E
251,AN600000000,Safety Seal Black to HR,1.0,4.36,P204,63AB0E8D-C413-43C4-AB29-3C6DF3C78299
252,SLM,"Diagnosis MKL lightet-> FC deleted
including test drive",0.5,55.0,E101,74A1D67A-4CEC-48EF-B6EF-5F7BA03B9CBD
253,tüv,Main inspection (continuous item,1.0,153.0,E326,648D5431-3DB4-4CA8-A82F-1D95838B844C
254,19010100,Cooling system checked,20.0,29.0,R210,ADA590C9-3803-414E-89EC-7F6F289BC320
255,237559TSWPICY1,OZ-WKR-PIR 235/55/19,2.0,932.78,P722,FA491E0E-1015-41EE-96BA-B084EC5C40E8
256,2682706,Windshield,1.0,941.57,O207,85BA162B-76A4-4A2C-A157-FA0BE6D50A23
257,VO36608,"Battery remote control
change",0.1,11.16,I104,CDA3D6D6-BB96-442C-B5D7-23EB395E934A
258,46362050,"Brake block set of front axle
renew",0.8,83.2,F214,C216B247-13D9-4D62-B2ED-53AE1C93EFCD
259,27061900,Complete the battery,,33.0,C201,45BBEBB7-5190-42C7-8CB2-DB9E0DB3C47D
260,34118,Renew the key battery,1.0,11.65,I104,CF6A5510-818A-4800-B211-1A1FE43C0019
261,9999SF,Disc clear,0.5,1.35,E416,3E778642-FEA4-4849-AF4A-D6D761EFDF77
262,801815,Battery load and test,2.0,22.4,G116,B7A30059-7484-43FB-9D96-313609CDBAED
263,4041510,"Replace the battery.
Test code 9G480-083K9-97J4RG
Battery deep discharge",0.3,25.5,C201,8A4ADE6F-840E-4B38-B651-9EE9615E47FA
264,27060199,Battery loaded,,49.5,G116,B17F9983-4B6F-4FF6-BA87-CEC2E0491263
265,DY5002,"Slow washing additive
1ltr.",1.0,3.15,E416,83EEB657-D30E-4CE7-B845-BDE474BD0840
266,1-EBC-345,"Tuev acceptance / HU
To para.29 StVO",1.0,99.0,E318,830D78EF-087F-4847-B8F9-AA7777E03DD6
267,01040199,"Motor oil level tested /
Added",,26.0,E405,825ED511-2469-4C4A-9743-CEEBB00C61F7
268,14800480,"Car, various services
0.1 l
Display frost protection",20.0,6.8,E416,399C344D-720A-4D49-997F-1B3D42CC1133
269,,Oel Longlife III bottle,1.0,21.0,E412,2FAC65B1-EF69-4970-9EF2-96D06740A91B
270,AW,Inspection without oil change,4.0,33.2,E220,A280CA41-DFA4-4A2B-BBDE-B3BF0AB02DD7
271,312141,"Battery out and install, Ern.
-Battery test: battery defective/replace-",0.3,28.5,C201,C5AB3B26-94DE-4C4F-8A1B-5AA5F0D88AED
272,12950910,Control unit battery charging status,3.0,34.5,I905,D630A3F3-295E-4D49-A819-99F397B88185
273,83125A85517,Disc clarification with frost protection,1.0,5.14,E416,D010EFF5-19D7-403E-B8AF-DF2CB11A7313
274,N10437301,BATTERY,1.0,3.3,I104,401DC696-0207-4EDE-9E94-E6ADF9CD2B2C
275,S100002950,Adblue refill wages,1.0,15.2,A101,1DA88A51-71DF-479A-9EBB-C7D79921F23F
276,FC1,"Read out error code
Simple system",0.5,45.37,E101,6640FDFD-EE91-4ACD-8E9F-7291DC9D517B
277,541138,"Renew the on -board system battery (on -board power battery
depth), (after a short test),
Unlocked shooters in three high -volume
Batteries and with arrangement MB tipfall, (
Fall no.: 86057782).",10.0,114.1,C201,CE827621-8E33-496A-B3E6-DE9ED7E0A004
278,51719448471,Recording lifting platform,1.0,16.38,U333,A85A9207-CD81-4EDA-89F2-C23F5545D76B
279,27061900,Battery removed,,40.5,C201,7B967F01-8116-43AB-BF5F-354AD29FD6E5
280,MG4MF1Y,"Maintenance MG4
24,000km /1 year",0.8,127.2,E211,79A59638-0758-4FCA-AA73-2471A3732D81
281,1980000,"Towing from Rostock
Südstadt
Order of Ms. Hinz (fleet
SIV) 100 kilometers driven",,319.0,X702,B90DEFE4-1A10-4B4E-8418-3DCDD26D78BF
282,290990,Diagnostic unit followed/Herst.,0.3,34.97,G109,A285BAD1-39D7-4C9D-A0A2-8DEAD4F18EE4
283,14800501,"Car, otherwise. Autoservice |
Labor value
Inspection |
Main inspection maintenance:
Oil service (service display):
a maximum of 30,000 km/24
Months",36.0,58.68,E220,F5273830-3B12-4D7C-8DBF-5FBAE4E8312F
284,10911017,"Complete assembly car |
Complete assembly 15
Up to 17 inches",1.0,17.0,P165,FCD8F3C2-6BF8-43DE-94FE-7172746E6F13
285,1500000,GFS/guided function,0.3,35.4,E102,4A623B39-5DF7-4276-A4C1-7817D0C7A252
286,F026407268,Oil filter,1.0,13.92,E413,543AFA4F-C42E-44A1-ADF8-2134BF076983
287,1EBC345,"Tuev acceptance / HU
To para.29 StVO",1.0,158.0,E326,79985CF3-351B-4CBA-BE12-89489B127D53
288,1EBC345,"Tuev acceptance / HU
To para.29 StVO",1.0,160.0,E326,068E88CF-3C1E-48F6-88EA-3C2B108A9B81
289,3321000,"Frost protection,
Panel cleaning system
AntiFrost+clearance",2.0,3.42,E416,BFAF0470-9088-47ED-93C1-968A96423FA1
290,AVFHUAU01,TÜV fees Huau,,148.0,E326,3E305787-2BCB-46C9-A013-BC1C8E66FD3D
291,7018300015,"Features (Service Article) |
1 LTR Adblue Liquid",6.0,19.5,A101,793B0814-04AF-438B-9543-10824CCF78F4
292,14800562,"Service brake |
Work value brake |
Both brake discs
renew (rear axle)
[Minutes]",60.0,102.0,F205,7B2E435E-0F77-471A-A59D-767B2F5CD9FB
293,14800562,"Service brake |
Work value brake |
Both brake discs
renew",12.0,19.56,F208,8653B39D-8DE3-498E-9745-A7FABE9B6EBE
294,1500000,"GfS/guided function.
Motor oil lid was not correct
Ready.
Complaint: steam smoke came from the
Ventilation and front right.From the engine compartment.
We found in our work:
Rim in front right: damage",,44.1,E102,C4CF520F-0AC9-4EF4-AF9D-DD0F30DA0E36
295,17,Display frost protection,1.0,3.4,E416,0A878741-473D-4589-B209-8C3B5B4D948A
296,14800480,"Car, various services
0.1 l
Display frost protection",30.0,10.2,E416,C4AFE0D8-9163-405B-AE69-39E9A1C2F657
297,N10528301,BATTERY,1.0,3.41,I104,29C61369-2AFE-4268-BCE7-067E5EF77F78
298,FLO0810,Premium interior cleaning,,125.21,X149,3127C515-7FEC-4136-AB51-C4CE9B5DA80D
299,93830000,Systematic maintenance work,10.0,108.0,E249,7E4993BA-0606-403F-AA03-E59EE321C18C
300,OEL7,Helix Ultra Prof.AVL0W-3,0.7,13.11,E412,C95B7661-D0EC-4839-84A6-286EA880A078
301,584520,"5.J.O.100,000km Insp.inkl.Fam/DSN",,113.3,E211,26A15455-B945-4E92-8540-5809AFEB6B74
302,27068950,Battery loaded,,11.96,G116,87B91A4B-6AE2-4D95-B84D-E3605DF955D1
303,W205551997V,Goodyear,4.0,648.72,P411,E6B2F979-9EAE-43A2-A953-E1DE21272472
304,46362060,"Brake block set of front axle
remove and install",5.0,58.25,F214,9883D3FD-E879-4B39-82AF-0B1AB43C1A45
305,290990,Connect diagnostic device,0.1,10.5,G109,40F89A6D-BA99-4DD3-BB39-C80A0D525B57
306,Z44444490,"4 bikes change, wash and store
season",,92.35,P149,5FA4CF04-FAFD-46F7-9E62-06082FA9E751
307,290994,Read out error codes,0.1,9.5,E101,F0D6F842-A282-4C7E-9365-24FD6671E651
308,3207650,Oil filter,1.0,13.39,E413,20B27411-4293-4704-AFB5-D71EB3CCD99F
309,93108M,Association pocket with mouth protection,1.0,11.27,X534,0E0E50EA-A22B-4ACA-AA26-1D09CCEB4F05
310,16050600,Anti -frost concentrate,1.0,4.5,E416,75397DB4-9C89-48E5-8999-C4DD3125F15E
311,1EBC37,"Hol-and Bringservice 5.01
Up to 20.00 km (up to 5 km
simple route free)",1.0,27.5,X608,F9AE3BC7-79EF-412D-B389-DE0D3BE79036
312,N10437301,BATTERY,2.0,6.6,I104,D44FC967-D964-43EB-AA16-104BD316AB81
313,10912073,"Car, measurement |3D
Axis measurement including
Setting VA",1.0,69.1,T103,DDD109BF-3999-428A-8B69-7D8318A82275
314,ZRAEDER2,Change of bike inclusion,,87.4,P149,28F52CEB-7C91-468E-ABAD-68A3FFA2481F
315,39560845,"Brake disc front axle both
Renew pages [Standard]",1.3,136.5,F208,78554A95-EA73-4684-B0C4-20B3D9406E46
316,26931930,Construction of the particle sensor,,60.41,G315,9D8E68A0-DE9C-424C-A995-509884D55B89
317,G052164DS,CLEANER,1.0,6.16,E416,C95B7661-D0EC-4839-84A6-286EA880A078
318,10911017,"Complete assembly car |
Complete assembly 15
Up to 17 inches",2.0,34.0,P165,BE5AA0DC-DD0A-449E-9C2B-B3B8FFC9DE51
319,102288,Küs fees for the main inspection HU/AU,1.0,164.0,E326,D50936F2-9215-4DE5-BBBC-DF5D893212E1
320,600933075,"Headlights, testing and setting (including Zusat
Additional headlights)
.",0.2,20.57,L118,E32CF7FC-899A-470D-AE8F-7BFA9BF286B1
321,915089AC,"BATTERY
-Arrefüf, what def.",1.0,215.8,C201,CEC19832-44FE-4CF6-BFC3-6393F3B41845
322,MG4MF1Y,Maintenance 1,10.0,130.9,E211,3F2ACEFF-9793-499B-A67C-97170BCBDF50
323,OX12,"OX1238D oil filter
Mash
EAN: 4057635170086",1.0,17.68,E413,AF39789B-0982-456F-A768-1724D00AC908
324,57085599,"Key batteries A+E and
Replaced",,12.5,I104,C06C3756-9C24-4F96-B427-3E5618ABE66A
325,26883550,Reduction agent checked and asserted,,15.5,A101,2549F864-0E4B-4C58-BDBC-4E2CEA9CF84E
326,A2546706001,Windshield,,291.22,O207,24A039C5-43FE-488F-A57E-2A1883C72EF9
327,27060100,Check the battery,20.0,25.2,C103,60B6F8C2-B3CE-4362-8D1C-EA4C662F26FD
328,Z1MHRWME,"Seasonal wheel change with
Storage",,104.2,P149,CC2CFEBD-7EBD-4E12-8839-DD9D61EBA692
329,-31650050,"Main inspection oil service after
Interval display (from model year
2021, with flexible problem
Maintenance interval)",0.7,73.5,E220,65909B78-FCD6-47D3-8D5F-89E014311FD1
330,112,"Storage per wheel and
season",4.0,36.0,P149,1F896179-E696-466A-9BA0-9EA30519E2D5
331,323050,Turn light unit and in.,0.3,40.5,L103,422B1B48-23E7-459B-9171-11AE2464AA80
332,41,"41
Material costs",1.0,8.0,X100,A0BE0705-5060-4FD1-AB5F-559AC3D0461C
333,FTADBLUE,"Diesel Exhaust Fluid
Adblue 1l",6.0,9.42,A101,A49C4EB3-EE4F-45F1-98B5-BAE80EC66A6B
334,6121528,"Support on -board network voltage /
Refoad the on -board net battery (to
Base in the engine compartment)",1.0,16.52,G116,71AD5439-AD27-4816-8EED-3E88211847C9
335,2453,"Maintenance service after
Manufacturer specification (see
Maintenance plan): Service all
15,000 km/ 1 year,
carry out",8.0,93.2,E211,9DDB2152-AC3F-4E25-8B21-78B9A70C606C
336,avdiag,Diagnosis according to MDI Diagnosteblatt,0.4,48.8,E102,79DD7F7A-9079-4E97-A904-E94341EB30C5
337,N10528301,Battery for remote control,1.0,3.41,I104,474433A6-18E5-480D-A3D2-9ED5E5505A82
338,1170073,"Brake pad, disc brake",1.0,98.48,F214,F83B0645-7905-4CAA-B88F-FCE682D70E8A
339,2810075996,"Diagnosis
Perform the batteries set,
Restary trump exam carried out",0.3,33.0,C103,09A982DE-A734-446F-918D-8306F1101FEA
340,ZZ6671RW,Restry the wheel including change,,79.75,P149,33AEFF89-BDEB-4288-9B77-0C351437F723
341,FCL,Delete fault memory,0.1,10.9,E101,A5CA6D2D-549E-44DD-BCFD-0596FD176752
342,91,TÜV without VAT (continuous item),1.0,97.5,E319,0327F274-95D8-459B-93D5-1CA079C8E820
343,85455A9EFB1,"Goodyear Vector 45Eeasons G3
EDR",1.0,128.58,P511,7A2DD622-F86C-4206-AA37-090BF40E1F24
344,1500000,Guided troubleshooting,,88.2,E102,258F3F74-0904-4904-8883-E0BDD774B702
345,422731,"Brake disc front axle
Renew both sides",1.84,191.36,F208,C6B51650-1D56-4860-96C1-9A245716E7DB
346,,"0.4l Special Tec
Accesories",0.4,6.0,E412,15EBE1DB-AA07-47EE-8557-1EFB21FC5DF2
347,0000667,Additional work Adblue fill in,2.0,21.9,A101,44EFF8F4-0C65-4DB1-AEDB-40AECCC05FC7
348,915089A,BATTERY,1.0,215.8,C201,B2E97D8C-22C6-42D5-8FEC-44EC5FFDFA61
349,32257777,Charging cable,1.0,293.28,W501,BE113058-455D-4BDB-B4C8-843DD8E1BB08
350,HE1,BRAKE FLUID,1.0,15.47,E402,19AFC907-A817-41E1-90B1-AE9020E2D0D9
351,27061900,Complete the battery,,46.8,C201,2E480235-F09A-4A64-946C-2695D243E031
352,SLM,Fill up oil,0.1,15.0,E405,F79AD97F-276C-4AB6-8A37-C314E5FA62D5
353,27061900,Battery removed,,42.3,C201,AFC0CEEB-D016-4F64-B780-88F40971E007
354,HU,Main inspection,1.0,99.0,E319,F805D7E8-9B3A-41A1-A5B7-6647DE72467B
355,14800480,"Car, various services
0.1 l
Display frost protection",5.0,1.7,E416,77A9945F-8737-49AB-88F2-B5C4949C1A06
356,OX13,"OX1301D oil filter
Mash
EAN: 4057635172776",1.0,17.84,E413,97B68D36-D01C-4E30-9157-04808176CC4D
357,93840000,Inspection carried out,5.0,61.0,E249,2D8FBFA7-9695-407A-8291-51488F763849
358,FT2413061,"Disclar with
Frost protection 1l, TU",0.4,1.51,E416,9D30EA62-B692-4CA7-9D04-CCBAC5758E16
359,S007,"OEL 50400/50700 0W30
Refill oil",1.0,18.73,E412,AAB27BB0-F0C4-494D-8367-6B0F29771C74
360,1654509380,SPARK PLUG,1.0,21.82,E427,31DA9EFD-4685-4FAE-99C9-E4C6C1FACD71
361,307,Battery shop,2.0,20.4,G116,3B2FF6CA-BF78-4B6D-87B3-187F9E982102
362,27068950,Battery loaded,0.1,13.5,G116,1E7B65C3-FD80-4307-9D0A-03FBE395DF3E
363,Q32005,"Course lamps set GT20
Course lamps set GT200",1.0,55.5,L502,DC3EA987-76BC-4CDF-B267-B1D5C68166CC
364,10911018,"Complete assembly car |
Complete assembly
18 inches",1.0,17.0,P165,10DC3C0E-D38B-4F03-8E4F-446EF3C9207B
365,2463,"Battery remote control
renew",0.1,10.4,I104,5B0558A3-AEDE-4C55-8EEE-468EB36F7A00
366,14800567,"Car, otherwise. Autoservice |
Work value maintenance",66.0,112.2,E220,88D89CC2-1A2C-4008-B8CF-0116612F8770
367,6032,"Device battery battery
CR2032 3V 1 Series
Button cell d = 20.0 h =
3.2",1.0,3.35,I104,ED90292B-4B37-4C6B-B3B5-FA04769DEB5F
368,93160455,"CLEANER
Inspections: unique controls/work",1.0,3.0,E416,EDAE9D1F-56F8-4BAA-8C6D-90AD996DD49D
369,27060100,Battery checked,,27.0,C103,D5719FAC-D072-4F66-B75D-9DF80D598E44
370,M999999909,Display cleaner (1893),1.0,5.7,E416,043BBE6D-E415-49C4-BDF3-8DB90A6DD42B
371,8290099,Motor oil level checked and supplemented,,15.3,E405,4E4218F1-CD8D-4761-B075-204F3F83A8C7
372,6032101401,"Battery |BATTERY
CR2032 3V",1.0,3.98,I104,930B027D-B727-4D14-8B49-6399C68454A6
373,556,Carry out the vehicle test,3.0,43.89,G109,3CAAC887-7985-4484-A589-BFFE80D8DA6C
374,14800562,"Service brake |
Work value brake |
Both brake discs
renew (rear axle)
[Minutes]",48.0,81.6,F206,94AEF69B-104B-4929-93AA-B4E1DE16B2E2
375,312110,Check the battery,0.7,63.0,C103,0C17086F-B1E1-4326-972D-FE9377445A18
376,10110120AC,"Sm. View concentrate 1 l
Article No.: 10110120AC",1.0,2.95,E416,B8AD474E-9A75-40EB-8CC4-6286E04ADDA7
377,,"Motoroel 0W20B71OP
2010",1.0,19.5,E412,50AEFE5B-A5B7-48FB-BE61-9EB2B7738DB8
378,1-EBC-345,"Tuev acceptance / HU
To para.29 StVO",1.0,153.5,E325,8C0B2D29-39F5-49FD-AFDE-7586EEBF93F5
379,48,"48
Transfer costs",1.0,60.0,X100,33D213AA-3443-4F54-8BA6-1FAE40815E32
380,10917003,"Car, otherwise. Autoservice |
Vehicle diagnosis with
Diagnosis tester",6.0,9.78,G109,805CF39B-D616-4CE3-86B8-F2FFD73C8D77
381,FT2413061,"Disclar with
Frost protection 1l, TU",2.0,7.56,E416,8DE189DB-FF7E-4A63-A741-7144F6E624BC
382,1-EBC-345,"Tuev acceptance / HU
To para.29 StVO",1.0,154.0,E325,B9E4AAEA-E512-4DEC-826F-B6C8245DE5DE
383,1-EBC-345,"Tuev acceptance / HU
To para.29 StVO",1.0,149.0,E326,B54C2B18-63CE-4A75-ADCA-CC4708CBDC44
384,WARTUNG,60000km/ 48 months maintenance,,196.8,E211,E9639359-EDFF-4D66-8F74-1A9DB5F0D713
385,HU,Main inspection §29 (HU) incl.Exhaust,1.0,153.0,E326,D61C6721-A605-46E5-BD5C-42D395C64E34
386,12159,Review according to § 29 StVZO,,150.0,E326,A4CD0C71-9AC8-47A4-8DDC-B64E1DED82F0
387,51717065919,Recording lifting platform,1.0,15.91,U333,1513DFFD-06B6-4129-A903-0D745D557565
388,621699,"Headlight bubble H4
12V-60/55W",1.0,12.29,L502,89F9E212-DFCC-43D2-83EB-E9FDD5E0D82D
389,1638015580,"Motoroel 0W20B71OP
2010",1.0,19.5,E412,EC92D715-A4B0-470F-BA87-D8761C654452
390,14800480,"Car, various services
0.1 l
Display frost protection",2.5,10.5,E416,C1588A3A-3EF8-4E77-BD59-32D5BBFDEEDC
391,1-EBC-71,"Error memory
Read out /loeschen
(as part of the inspection
for free)",1.0,34.0,E101,FA19A2B6-E935-43DE-82DA-DDA69499E09D
392,13626519,"Service oil change |
0.1 l Markenoel after
Manufacturer specification
0W20 |Totally quartz
Ineo Xtra First 0w20 /
Divers / 225987 /
3425901122311",43.0,64.5,E441,C0FF0C89-A508-48AF-9968-AF75B27C3D33
393,10H01,"Maintenance service after
Manufacturer specification (see
Maintenance plan): Service all
15,000 km/ 1 year
carry out",8.0,81.6,E211,C756EAB9-A72A-4924-A95C-9447534C6110
394,1638015580,"Motoroel 0W20supra
0W20 Supra",0.5,8.55,E412,05523986-138E-4579-9D2A-3E7B802E876F
395,B000DS,brake fluid,1.0,12.88,E402,7D5B1B7D-6DFF-45A2-AF5C-0A2EBECF2A86
396,83125A85517,Disc clarification with frost protection,1.0,5.14,E416,DB7E032B-4171-4AED-9CA7-497FC48AE634
397,,E: Motor lubricant PSA,6.1,115.9,E441,312BCBC0-4299-495B-A018-A5B747367642
398,89818845080,"Error: the JSON object must be str, bytes or bytearray, not NoneType",20.0,98.4,P130,905B83CE-1AE1-471B-ADE9-D47E58D2E1C5
399,701-8300015,"Features (Service Article) |
1 LTR Adblue Liquid",4.0,16.76,A101,7B965370-C103-4CC2-93A3-218F490FD6B1
400,1EBC345,"Tuev acceptance / HU
To para.29 StVO",1.0,126.05,E326,D790ECCF-A0F2-46ED-8584-2F0E6B6D21B7
401,Z010036TE,BATTERY,1.0,0.88,I104,F0E0B36F-CE32-4C2D-AE08-A25EFF1C6E23
402,1696918380,Multifunction video camera,1.0,,I545,61784A9D-1DFF-4D7F-832E-7A8ABA731A92
403,27068950,Battery shop,,13.78,G116,847C6A29-78CB-473C-B317-D416F4999D5F
404,83122413061,"Error: the JSON object must be str, bytes or bytearray, not NoneType",3.0,11.34,E416,8CB22086-D77A-4784-8436-B403EE72B756
405,1340010,"Maintenance service after
Manufacturer specification (see
Maintenance plan): Inspection
Service without oil change
carry out",13.0,132.6,E220,A7BF3CF9-0A05-4313-8591-896DDB1CEFD8
406,1500000,GFS/guided function,,31.0,E102,D88C1454-5059-474B-9EA0-F3F6B94D46B4
407,27068900,Battery shop,,33.54,G116,596C6216-5BC3-4296-88C3-264934506BEB
408,6231101401,Button cell V28PXL,1.0,26.4,I104,14E9DE63-B769-4CD9-86B8-26D6929CDBD2
409,27065550,Battery replaced,,15.5,C201,D88C1454-5059-474B-9EA0-F3F6B94D46B4
410,,Titan GT1 Flex 50W 20 C5,4.8,72.0,E441,8FBC2D01-8B97-43F9-A8EE-1E29DC67EC46
411,95530556,Battery 12 V,1.0,263.54,C201,A760CC80-086C-41CE-8FB6-4B76E471C6B9
412,292060000610,Service motor oil,3.0,30.6,E222,1DFF8CD8-9D0E-40AE-8218-FB9AA26481D6
413,290990,Diagnostic unit followed/Herst.,0.3,35.7,G109,9757D8F9-A1DC-4CB3-996E-A5780ED83D44
414,RPS5555,"Frost protection,
Panel cleaning system
Anti -frost concentrate 1l",1.0,4.8,E416,99CC2F55-7E38-41E2-9585-D7278927D70F
415,290994,Read/delete error codes,0.1,10.12,E101,20FFD42D-371F-445D-BDBB-55F97C323E3B
416,FL00800,Service laundry plus,,10.84,X191,D2A34107-03D1-48CD-94B3-A2FF2620880E
417,1-EBC-345,"Tuev acceptance / HU
To para.29 StVO",1.0,158.0,E325,996C82E2-0EFA-43C9-9333-AC96E02C6E6C
418,CFA0139954218,BATTERY,1.0,3.72,I104,76C04BE3-5D4C-4306-B1B1-FEF12046695D
419,1638153480,Battery 12 V,1.0,395.19,C201,D630A3F3-295E-4D49-A819-99F397B88185
420,27060100,Check the battery,,21.8,C103,865EAA84-9988-4BC6-8E0A-3E93706C44A5
421,14802200,"Service oil change |
0.1l Helix Ultra Prof
AR-L 0W20",5.0,9.5,E412,B9B07CE5-0F0B-48B2-9716-525DD852927C
422,10911028,"Complete assembly car |
Complete assembly SUV
From 18 inches",1.0,17.0,P165,1206DF9E-1078-4FE4-B7B6-9786B1F33E1E
423,9002000,Hol-and Bringservice,1.0,28.0,X608,4323E4F8-D47A-4431-B45B-A76DE4A809E9
424,1030025,"Maintenance service after
Manufacturer specification (see
Maintenance plan): Inspection
Service with oil change
carry out",15.0,153.0,E220,20177DCE-01FE-4137-8033-359847BE513E
425,12950910,Control unit battery charging status,3.0,34.5,I905,21A400FD-A070-4082-A64A-387F7DB6A57C
426,L1001360320000,Adblue 1 liter,12.0,34.8,A101,FEF651EF-7104-4546-B46F-9A1BD4A6047C
427,F026407327,Oil filter |Oil filter F026407327,1.0,14.18,E413,077EDB8E-4C79-4975-BAB0-9241EF5A203E
428,290994,"Delete error codes
If the error occurs again, there are more
Work required
Total 1) motor lamp",0.1,9.5,E101,F0D6F842-A282-4C7E-9365-24FD6671E651
429,5131011,Replace the windscreen,24.0,252.0,O207,F69B6251-34B7-449E-8463-6B0AC227A24F
430,N10528301,BATTERY,1.0,2.89,I104,D5016781-3C7C-42EB-9E7A-A09886A78232
431,N10528301,BATTERY,1.0,3.41,I104,9294DE1D-37CF-405E-B2CC-758481EA565A
432,786410010,battery,0.7,112.0,C201,DC61C4A8-AB6D-47D4-A62F-B401AF9F38E7
433,G052164DS,Disc,1.5,5.86,E416,21E09146-F826-4233-A245-789D1BCAC669
434,93840000,Original maintenance work,0.5,66.67,E249,4CE3517E-6FFA-4F29-BEE5-A16CE4E50F5F
435,Z86RW416,4 Wheels-Full Service,,100.76,P149,03288F29-46BA-4B09-B596-04BBE383911C
436,4026050,Sensor replace nitrogen oxide position 1,0.6,72.0,G315,E357F61D-0661-46E6-B265-34C73F9001D2
437,26931919,"Construction of the particle sensor
and renewed defect according to GFS",60.0,85.8,G315,9B2CE2F4-4A8B-4907-8048-AD49076C4B55
438,51717065919,Recording lifting platform,1.0,16.38,U333,EAADE023-DF65-4FF5-AF38-C2A5566BFE8F
439,83125B5ED57,"BMW disc clear with
Frost protection",1.0,5.8,E416,206C2522-334B-429C-9A00-E23EA4FBF08E
440,1674712580,(ACC) Set carpet mats,1.0,69.7,Q213,3EE36638-9AAF-45A2-98AD-0DE1B258BD79
441,556,Carry out the vehicle test,3.0,44.55,G109,71AD5439-AD27-4816-8EED-3E88211847C9
442,27068950,Battery loaded,,16.5,G116,0C7B177C-25FD-4958-838F-DD787BE4AE1C
443,ADBLUE16,Adblueplausche,1.0,33.6,A101,2549F864-0E4B-4C58-BDBC-4E2CEA9CF84E
444,MK,"Multi -kilometer
378 km",378.0,86.94,X612,82F5E94F-4959-4C48-8DE6-4CCD2DAADDAF
445,VO9481519,BATTERY,1.0,4.72,I104,98B8D3FD-8753-4B3D-B257-DB1337C863C8
446,"1,0A",Disc cleaner,2.0,3.94,E416,E61D4CAD-3C40-409E-80D7-26574FC9FA4E
447,312141,Battery out and install,0.2,21.0,C201,9F27B214-8027-47AF-A4C2-604548D22441
448,10906001,"Car tire repair |
Repair for repair
TIRES",1.0,26.55,P168,572D1E2D-B626-4FED-B2AE-BF3A5F4797B5
449,99130,"Vehicle preparation inside and
outside",,184.03,X105,EA497C7A-41F9-4A9F-9240-B18061A42961
450,N10528301,Battery CR2032,1.0,3.41,I104,4ACA7248-818D-409A-8E53-289533A5645C
451,1EBC345,"Tuev acceptance / HU
To para.29 StVO",1.0,154.0,E325,8BA9B532-04EE-4E32-8F3A-0761647EC4EB
452,444,Fill the engine oil,1.0,6.3,E405,8C40E5EB-FD03-4D9E-8310-62939715BCE7
453,1682088580,Wiperblatt Hi,1.0,9.83,E422,C5BE1BD1-FCA8-405B-9276-2F7F55656E48
454,95522256,Battery 12V,1.0,439.61,C201,92DB54DC-1501-4A55-AA24-E8CCDA02B15A
455,44050098,"Seasonal retrofitting Arval 107
Good Year grip performance
235/55 R19 107T 4222 and 255/50 R19
107T 4122 assembled",,95.0,P149,60AAA920-F3C2-4AA6-8200-351BD65DE220
456,1340010,Inspection.,,249.6,E220,F58DA702-E7C7-4E53-924C-0B0A1DC23614
457,SLM,Error code read out,0.3,43.01,E101,D0B50489-AD2F-47E5-83F6-0332D4B590D2
458,FT2413061,"Disclar with
Frost protection IL, TU",2.0,7.56,E416,A49C4EB3-EE4F-45F1-98B5-BAE80EC66A6B
459,SPL1001360320000,Adblue 1 liter,11.0,31.9,A101,F4D41034-8CC8-4BA6-9267-819772A50069
460,10,"Main inspection according to §29 StVZO, including requirements
According to No. 1 Anl.Viii a Stvzo",1.0,104.95,E319,28EE0BB3-FF1E-4E97-A150-EE55F3175C99
461,920010,"Tire package Standard incl.
Raeder change + storage",,71.35,P149,48BD4285-4198-4942-BDA3-374DE4317B11
462,0 986 494 799,Brake padding sentence VA,1.0,108.0,F214,01B943AE-89E6-4CF2-B5B5-61E826DE5121
463,667,Additional work Adblue fill in,2.0,32.2,A101,56A8B855-22FE-4E1B-858D-D082C5BE1E4E
464,801419,Cooling system leaks,0.3,35.4,R210,76C04BE3-5D4C-4306-B1B1-FEF12046695D
465,174X2GY,Motoroel with Longlife,4.25,87.13,E441,F9AE3BC7-79EF-412D-B389-DE0D3BE79036
466,10906001,"Car tire repair |
Repair for repair
TIRES",1.0,26.55,P168,60689106-CC65-40D2-9F3C-C31CA87064A2
467,103000,"Storage Ground incl.
Change of bike",,58.68,P149,54D30FA6-DEC5-4624-9AC3-07F5D001F616
468,27065550,Battery replaced,,12.1,C201,8BB63D11-5276-4B14-864A-E6E0606C80AA
469,7032,Fill in adblue,1.0,11.65,A101,33853059-EFCD-4712-A948-D28551C1B0B4
470,HU60,"HU 6028 Z oil filter
Man-filter
EAN: 4011558342432",1.0,20.17,E413,3D9A293A-DCF6-47A8-9CCA-32067F5330BF
471,14800567,"Car, otherwise. Autoservice |
Work value maintenance
|Computer diagnosis
carry out * [minutes]",6.0,10.2,G109,911FCA0A-9353-4DFB-B0D1-34A56DEF8CF2
472,P7BW6,"Main inspection and AU
Investigation § 29 StVZO NL14",1.0,153.0,E326,CA14BB4D-5886-489A-B939-8276427F51D7
473,1500000,GFS,,14.85,E102,1578088F-826D-496D-B127-52E334949A81
474,27061900,Battery removed,30.0,52.97,C201,45016C25-C316-4C63-AB0D-7309801312D8
475,1675652380,Kuehler frost protection,1.25,6.97,R106,B58ACF58-F0EB-4342-9BD4-34BAF5B07155
476,10911017,"Complete assembly car |
Complete assembly 15
Up to 17 inches",1.0,17.0,P165,C712650B-E1E3-4DC0-8F26-8D58941ECC07
477,14802148,"Service oil change |
0.1l Helix Ultra ect
C2/C3 0W30",55.0,104.5,E441,265DBE8E-9497-4F8B-8321-D26C463876EE
478,290000,"Delete fault memory after
REPAIR",,19.0,E101,8E3C1F71-7DA6-4E6E-8081-D3046234DF5A
479,SLM,"Check the battery
Vehicle starts hard / bad",0.2,20.6,C103,2942CB68-47D7-446C-ABF3-4F2A634B83F2
480,EWKS,Store wheels,1.0,42.81,P107,052D935B-E326-41C0-B71E-81044F0BE3B7
481,1EBC345,"Tuev-
Follow -up",1.0,20.0,E309,0279B279-C754-47D7-A3C9-6FB560A74BB2
482,6032,"Device battery battery
CR2032 3V 1 Series
Button cell d = 20.0 h =
3.2",2.0,6.7,I104,27930D5C-F929-4786-AF46-9505FE7AFE01
483,Z4400-01A,Change/store bikes,,108.4,P149,27998B64-C34E-4830-A00D-ABCF7179974E
484,21313,"Frost protection
Cooler frost protection Universal",1.0,7.65,R106,E0DE6CA1-EDBD-4799-8978-3ED75555D4BD
485,27068950,Battery loaded,,11.96,G116,83CCDCE0-C92F-41FC-909E-EBCF4E556560
486,F026407143,Oil filter,1.0,13.6,E413,7A3919F9-CD4A-4501-A3A1-2D7882BFDBEB
487,2414781,Matte Passform Velor,1.0,75.02,Q213,7FFB1574-9F30-4DC1-BE9B-799A890487E0
488,1500000,GfS/guided function.,,44.7,E102,7FD436C5-CE2F-4854-8490-DB9EA3787450
489,Z44066,"Service package change change and
Storage",,79.75,P149,4F6F23F3-3CA7-4326-B326-1FA5A3CAF625
490,1340000,Inspection.,,175.5,E220,9E930F97-C3E3-44F3-B0F1-0B2BBA90D10A
491,19010100,Cooling system checked,20.0,29.0,R210,7B5B083D-D7C1-4116-A1A1-337C4F14CDA5
492,1500000,GFS \ Guided function,,341.0,E102,4C1B59D4-F0A8-41EB-B5BC-99BE03D44034
493,1638153480,Battery 12 V,1.0,474.23,C201,0C3927B9-E34E-4E66-8255-DEB6E4D88FBA
494,26014199,Free the exhaust system from condensate,,30.21,N100,9D8E68A0-DE9C-424C-A995-509884D55B89
495,312141,Battery out and install,2.0,25.0,C201,DE87A6D2-B87A-4757-801F-C5D9BF364FD1
496,19206506,"Car, main inspection |
HU according to No. 3.1.1.1 system
VIII StVzo (BE)",1.0,97.5,E319,B3DA3D2D-A89C-4E91-9599-D0DE1680F2A8
497,14800480,"Car, various services
0.1 l
Display frost protection",20.0,6.8,E416,B4E14CC1-91B5-44B6-9834-4F7F973DAF86
498,HU9009Z,Oil filter,1.0,18.32,E413,4E71AA43-00A9-4369-9AF2-5173FD63B38D
499,1500060,GFS/guided function,10.0,14.2,E102,F612FB35-4C5E-4B77-94CF-F6314299CE34
500,2651139,BATTERY,1.0,204.07,C201,9F27B214-8027-47AF-A4C2-604548D22441
501,587310,"4th year/60,000 km inspection
(+D)",,225.76,E211,69949D80-DDD0-47BD-AC0B-B86C50F9075B
502,M092148,Sch.-clear,2.0,6.69,E416,F682443C-525C-489C-959A-3296655ECCBF
503,,"High -performance engine oil/
exact description
register",1.5,31.35,E412,B0A6E1FA-36CA-437F-9150-B3DD9710612B
504,HUG2,HU/AU GTÜ,1.0,159.0,E326,988EAABA-533B-493A-8930-1844EAEE31DB
505,801419,Cooling system leaks,0.3,35.4,R210,7EC8E90A-8EA6-48A9-8B67-86DBAD62BDD7
506,1500010,GfS/guided function.,,24.26,E102,EA6E71C9-32C3-4B91-8793-8B48F9D59CE5
507,701-8300015,"Features (Service Article) |
1 LTR Adblue Liquid",10.0,41.9,A101,FDD3444C-7E80-46F5-AAA4-411BBB4B5D8A
508,2404736,Brake pads from,1.0,149.6,F214,E14AC1B8-5A33-48FB-B22A-CBC7C5594B56
509,Z096122DS,Disc cleaner,1.0,3.2,E416,8FD5D2BA-6F3E-4FB0-870A-12FE1E5EF50D
510,236359V5FNPZ3,Cupra Leon Copper,4.0,1683.53,P722,4BAD1D53-9B77-4442-990C-EDB7F62C9D74
511,803001,Disc clear,1.0,3.95,E416,F8E1D712-C6AE-4B36-A628-2589247626E7
512,Q32005,"Course lamps set GT20
Course lamps set GT200",1.0,55.5,L502,055ED2EF-19E0-4EA8-9507-F4ACE421558D
513,16027061900,Battery removed,,44.7,C201,115B2845-B35D-4E3F-933D-532A1F0579E7
514,,"Ltr. Motor oil 0 W 30, fully synthetic",5.5,96.25,E441,174A5AB6-73CE-4E51-88B8-E11654CA419E
515,8E0012619C,Ripe,1.0,48.23,E421,CA54DACA-EF32-458A-ACEE-BB1D5C0BC94E
516,1500000,GfS/guided function.,50.0,58.0,E102,5ECF3185-27D3-4CD4-9C73-5E75722F53E5
517,290991,"Diagnostic unit followed/
Herst.",0.1,9.5,G109,4C43C8C1-D619-4437-97DC-8B2D3F57A6FF
518,83125A1A167,Disc clarification with frost protection,1.0,9.9,E416,69342511-7B2A-4A75-81DC-CA399175104A
519,93820000,"Annual inspection according to MG maintenance plan
including annual body control",1.7,170.0,E211,ED82A464-9370-49B7-BFA6-EF8C76982EDF
520,13001500000,GFS / guided troubleshooting,,23.95,E102,6912DA04-F65C-4CC0-9E69-0211658F885E
521,93820000,"Inspection IT. MG warning plan
including annual body control",1.7,170.0,E211,EACE35AB-D5C3-4FBF-A183-81E479C16E37
522,,Motor oil Petronas 70.00 CP0W-30FO 21600000,6.37,117.85,E441,CFF19A9D-0154-49A6-9EE2-78826BBE480B
523,801815,Battery load and test,0.16,12.8,G116,7696F693-7798-4645-9558-4B96F96E32EC
524,10911018,"Complete assembly car |
Complete assembly
18 inches",4.0,68.0,P165,F87A14FE-66BD-4D9C-A0B3-7D95D30D8B82
525,19206502,"Car, main inspection |
HU/AU external performance
Prüz., 3.1.1.1 A. VIII
StVZO (BW)",1.0,154.0,E326,B0C2AFF7-DB81-4906-A5D5-B0B0E65D83F6
526,290994,"Read/delete error codes
(after repair)",0.1,9.5,E101,C5AB3B26-94DE-4C4F-8A1B-5AA5F0D88AED
527,27060150,Check the battery,,14.8,C103,DD85B938-3593-491C-8A9B-B8B5D8F79476
528,24RE,"Continental 225/45
R17TLXL 94V
Energy efficiency class: C
Wet liability class: e
External roller sound class :,",4.0,1143.72,P706,AC2844EE-9764-4864-B5C6-0BF1F413CE21
529,915089AC,battery,1.0,215.8,C201,05643DB7-858B-4406-AA34-771D689FB0F2
530,38S0910,Russian exchange,0.5,64.5,G315,3559300A-DA9C-463A-A240-F877A7E4D34E
531,093106,"Association bag replaced
Association",1.0,7.48,X534,AD309B0E-95FE-4169-A879-A8DF0F5C86E9
532,915105CC,BATTERY,1.0,258.96,C201,43965216-DB9C-4AF9-8639-0EF5DC4AF30C
533,801815,Battery load and test,0.2,26.0,G116,7DCA3CF5-6E3C-4C8A-9737-818F46921D38
534,2080253,Glue lamp,1.0,2.56,L102,7018AD11-44D1-4032-BDCF-D6029878CBA8
535,915089BC,BATTERY,1.0,258.96,C201,55E2C8BF-8914-4977-AB92-7999995EADC4
536,93840000,Inspection after 3 years,0.5,42.5,E247,14D8B8FF-44A6-4E2E-8089-012C5C3B681E
537,99101,"Assemble complete wheels*package*
Storage: 2,519.245",8.0,70.0,P149,410C4E25-B41B-4DA2-8324-C996269C0E2F
538,A90790057109051,Switch module coat tube,1.0,273.05,D416,121E9F98-B745-48B2-BD5A-A939A6FA4F82
539,27065599,"Battery replaces LT TPI
2023230/19",,23.6,C201,009044C8-BC19-4C20-A2AD-E638A0F062F6
540,10,"Main inspection according to §29 StVZO, including requirements
According to No. 1 Anl.Viii a Stvzo",1.0,104.95,E319,3A7D13C7-C4D2-4B84-95BA-2ED721CF1EED
541,3901,Change of wheel/Reing./Storage> 18 Z.,,79.83,P149,FAF12D36-F7F6-49EC-8C96-52412BD9B62F
542,1500000,GfS/guided function.,,78.0,E102,D3C400F2-00AD-4E26-8813-24498EBB8E0F
543,34107,Renew brake fluid,4.0,40.8,F506,D5830234-4559-45E4-B42D-E86C235E0197
544,N10528301,BATTERY,1.0,3.41,I104,2A1EC54A-0437-4D62-9AE2-692D9920E0D1
545,13.0460-7338.2,"Brake padding,
Disc brake",1.0,116.9,F214,8801D7B4-CC0C-47D0-BCDC-55E503687188
546,AVFHUAU01,"TÜV fees HU Au
The further load on the exam fees",,148.0,E326,F7D0C383-DC5B-4DF6-9348-11E33CA9989C
547,83122413061,Disc clarification with frost protection,1.0,4.05,E416,D2A34107-03D1-48CD-94B3-A2FF2620880E
548,1500060,Led/guided function.,,14.7,E102,E0201707-B33B-43C3-930F-F623D44C3B9E
549,895530555,Battery 12V,1.0,162.86,C201,B7A30059-7484-43FB-9D96-313609CDBAED
550,FT0015,Dekra overdraft,1.0,19.8,E328,C5F5784B-B1B7-4ED4-AACD-874E1660A107
551,27060100,Check the battery,2.0,20.4,C103,4B8C11C2-2215-4CF7-897D-E84FC710D4C6
552,34118,Renew particle sensor,14.0,142.8,G315,38A3F04C-C0EA-4F64-829F-FC171BAB70A4
553,6079730,Glue lamp,1.0,1.85,L102,002CC60A-2925-4EF1-928B-D91E3939AEC3
554,M100000558,"Frost protection,
Panel cleaning system (1
863)",3.0,14.7,E416,CE136EF6-AF6C-45BD-8BCA-CCBE87AFF4F2
555,SPL1001360320000,Adblue 1 liter,10.0,29.0,A101,DA630BE4-0296-47AC-940C-38505FBBC716
556,216557V87COCY1,OZ-WKR-CON 215/55/17,4.0,1509.24,P706,94A0270A-3FE3-4280-AC2B-8F5B065160AA
557,27068950,Battery shop,,12.85,G116,2B67B5FF-F51F-4A82-B7AF-8C8120C34349
558,3528705295509,"215/60r17c 104h agilis
Alpine",2.0,378.75,P420,1F9C9B34-B03A-4EC9-B083-D2BBB4F635A9
559,14800562,"Service brake |
Work value brake |
Both brake discs
renew (front axle)
[Minutes]",48.0,81.6,F208,AB57688F-3A53-4145-9454-44F0DB60C92F
560,27061900,Battery removed 399,,67.6,C201,EAA3CAA2-8AC5-4614-A1E6-8F3101235ED2
561,39490907,Renew the battery [Standard],0.1,10.5,C201,E96BC61A-04BB-4630-BCE8-5808FD5C2F79
562,920010,"Tire package Standard incl.
Raeder change storage",,71.35,P149,ACEE321F-2FBD-49D9-B121-73A675EAB2B9
563,51712R0B,"Brake disc front axle
Renew both sides",7.0,71.4,F208,5AA06D95-1860-4A0B-8FEC-5C22801C7FBF
564,83125A85517,Disc clarification with frost protection,1.0,5.14,E416,094231F7-BCFA-4AAA-8743-20713C0DFA8E
565,93840000,Original maintenance work,0.5,59.5,E249,EDB94D63-63F9-4A05-9AD8-C31A49E630DA
566,51237468350,Front flap Castle actively right,1.0,104.42,U227,C0C20400-A704-480C-AF21-263E8165D7A7
567,6310502,Set headlights,2.0,35.1,L118,3ED59D06-73CB-4C27-935A-122A70473CAA
568,19206501,"Car, main inspection |
Subsequent examination no.
3.1.1.1 Appendix VIII StVZO
(BW)",1.0,39.0,E310,583911E1-F378-4E9C-B875-CF03F2CD97AA
569,803001,Disc clear,1.0,3.95,E416,A280CA41-DFA4-4A2B-BBDE-B3BF0AB02DD7
570,1500000,GfS/guided function.,,69.12,C103,B285F35B-81B6-425F-8DCA-29BA67439C8B
571,27060100,Battery checked,,27.0,C103,9B4BA63C-8CBE-4E78-8109-27BAAA51C843
572,27060100,Battery checked,,31.5,C103,8A0FEC09-49C5-49F6-844E-CECEFB752C28
573,36115A279A0,WKR Complete bike winter or,4.0,2450.41,P722,D6254958-CAFD-444E-A16C-C5B1362B11ED
574,2420671,Replace brake disc at the front-pages,1.0,120.0,F208,3C867E19-1658-4629-96DC-1ADF39CA80C1
575,M999999901,Adblue,5.0,20.0,A101,1DA88A51-71DF-479A-9EBB-C7D79921F23F
576,1199000,Replace key battery,1.0,12.9,I104,2391ECAB-14EB-4435-AE50-0DE4B2A9B104
577,263481952,"Brake blocks |
Brake pad
Display brake 263481952",1.0,162.14,F214,15D45BC5-7F4B-4B67-B180-0076061F15D5
578,OX13,"OX1340D oil filter
Mash
EAN: 4057635205900",2.0,30.56,E413,7DECDF85-F2E9-404E-ACC5-C664413CC11A
579,2080253,Glue lamp,1.0,2.52,L102,422B1B48-23E7-459B-9171-11AE2464AA80
580,27068950,Battery shop,10.0,14.2,G116,2EA45FD6-19D9-496E-A8B6-C38FCFA50C41
581,27061900,Battery removed,,38.3,C201,55E2C8BF-8914-4977-AB92-7999995EADC4
582,Z440501,Package wheel change without balancing,,91.6,P149,CFFCF885-5705-4D61-BBE4-04C7F277E670
583,M100000558,"Frost protection,
Panel cleaning system (1
863)",3.0,14.7,E416,C8E79BB9-28CE-4465-97BD-EAB251EE6A6C
584,667,Additional work Adblue fill in,2.0,32.2,A101,A49C4EB3-EE4F-45F1-98B5-BAE80EC66A6B
585,,"Motor oil per liter
Mobil1 ESP Formula P5W30",4.0,60.0,E441,0C29EBB8-85B9-420D-935F-0159BEDD8A33
586,95150A,Diagnosis and troubleshooting,10.0,115.0,E102,0C3927B9-E34E-4E66-8255-DEB6E4D88FBA
587,44449901,"Change of bike with storage from 16 """,,83.19,P149,39151401-AAB2-495D-9C85-7114145AEBD3
588,1-EBC-71,"Error memory
Read out /loeschen
(as part of the inspection
for free)",1.0,39.0,E101,85A89F02-C73A-495F-99B3-DF12AB2F5E05
589,10911030,"Complete assembly car |
Complete assembly
Van/van",1.0,17.0,P165,D8D667C5-0349-45E0-9F9B-461DD0EF8C43
590,8496276882,Device battery CR 2032,1.0,4.16,I104,98AC0744-A3D6-43B9-85FE-91B0EF3AA89E
591,,Motoroel with Longlife,1.0,15.8,E412,1B5814E2-748B-4F35-864F-EAF25B19CC8D
592,1500060,Ges/guided function,,97.5,E102,A1761290-4D25-46B0-81AF-61496CECF2DC
593,312111,Check the battery,0.2,23.8,C103,AC3108FA-0DF7-45C2-8077-7B2C9BD4C8A3
594,6100006,"Vehicle diagnosis test module
carry out",3.0,60.81,G109,BEE3BFB6-CF5B-4FC8-BCCE-772507F1C0F1
595,1500050,GFS/guided function,,9.45,E102,FF3B33D2-F16A-41DA-B5D2-277EFC8A2C33
596,27065550,Battery replaced,,13.5,C201,1578088F-826D-496D-B127-52E334949A81
597,802711,"Battery remote control
renew",0.1,10.4,I104,7AF5C6BD-45A1-4A68-BABA-66EDC8D88FC8
598,174X2GY,Motoroel with Longlife,6.6,104.28,E441,37EAAC22-C544-4EED-8484-1E73838409B5
599,9D047210,Diagnostic troubleshooting,0.4,54.4,E102,96F4E408-9E8F-4C1C-823F-891BAA8351F3
600,85452729081,Bridgestone Blizzak LM-001,2.0,264.71,P404,9D11EFC4-75C1-4E01-9962-643584947342
601,2099515,Battery EFB 70AH700Amp,1.0,232.61,C201,A7638D37-7220-4483-A5C6-D9844EED56BC
602,93820000,"Inspection IT MG maintenance plan
including annual body control",1.7,170.0,E211,4F544988-F90F-4658-A7AE-DFF71EB6BE05
603,1150,Disc cleaner,1.0,3.83,E418,54CAF42F-461F-4180-8A0D-B61906A9C99C
604,1611909180,Disc washes,1.0,2.68,E416,5868DD75-693D-4060-AF24-7498E4622785
605,5LA945302C,LIGHT,1.0,7.79,L107,ED03433A-02A2-48C1-8944-8A28BC6D19E1
606,780099012,Diagnosis of resting stream,0.5,80.0,C103,6C3E1721-5B31-4694-B119-111AA9A8EC45
607,F026407157,Oil filter,1.0,15.04,E413,544A4BBF-4461-4E7A-A8D1-009112C5C295
608,32324600,Charging cable,1.0,387.31,W501,FE533D20-9FD7-4F2C-A0E5-7C528E5C33B3
609,1340020,"Maintenance service after
Manufacturer specification (see
Maintenance plan): Inspection
Service without oil change
carry out",10.0,85.5,E220,62FF6838-8D7A-4634-A0F7-F8F7DB6CCCA2
610,210000,Damage diagnosis,0.5,52.5,E102,2F15F062-CDC5-4C49-8FAA-3BFA1137F391
611,M100000558,"Frost protection,
Panel cleaning system (1
863)",1.0,4.9,E416,7E460D9A-D616-407F-A551-0FB24C802AFC
612,NL16009,Adblue fill in BMW Rent,2.0,29.0,A101,D5FD2E1B-8EF8-4140-B867-7DAD829D0474
613,10912070,"Car, measurement |3D
Axis measurement including
Setting VA/HA",1.0,90.0,T103,8D1209F7-EE0F-43D0-B065-C77DCBCBDA6B
614,19206545,"Car, main inspection |
HU according to No. 3.1.1.1 system
VIII STVZO (SH)",1.0,116.2,E319,4AC93082-C1DB-4ECF-888C-FA1B3FE148E6
615,290994,"Read/delete error codes
Effect DPF below limit
Recoration to customers: Free DPF (extreme
Total 1) Mil lamp lights up",0.1,10.9,E101,29199E25-6493-4A07-9572-332766CA80A4
616,N10528301,BATTERY,2.0,6.83,I104,9355CADF-9FAE-4CF6-ABB0-1EC6A7DDEF21
617,102,Posts in accordance with Section 10 (,1.0,100.0,E319,BCE6E1DF-27B0-4876-BC9E-B301AB005B94
618,OX10,"OX1075D oil filter
Accesories",1.0,13.84,E413,B3A9FE58-9138-4C60-A52E-8A201261F9DD
619,915089AC,BATTERY,1.0,215.8,C201,847C6A29-78CB-473C-B317-D416F4999D5F
620,VO36608,"Battery remote control
change",0.1,11.16,I104,98B8D3FD-8753-4B3D-B257-DB1337C863C8
621,685455,"Interior view view
renew",4.0,69.28,Q126,19EEC357-BFFF-486E-B3EE-67CDE22BBD45
622,27060100,Check the battery,20.0,25.4,C103,079A5215-B56D-4DC8-BE4E-BAE48A7065D6
623,1EBC345,"Tuev acceptance / HU
To para.29 StVO",1.0,99.0,E319,11429194-E4C5-4EC2-9501-039D7398E5AC
624,112545015,Change tires up to 17 inches (1),,29.41,P165,40A34841-5883-4E9B-8BBF-1A7B66952251
625,27068950,Battery loaded 399,,16.9,G116,EAA3CAA2-8AC5-4614-A1E6-8F3101235ED2
626,62E5NA,Exchange lamps low beam 1 page,2.0,31.69,L502,595424F2-3E57-4CA3-87DC-5928781F4E5C
627,27068950,Battery shop,,14.7,G116,522879DF-CFBC-4681-BEF1-517E17ADDD93
628,17MF13Z,Adblue 1 liter,10.0,29.0,A101,38EB5C85-57D6-4ACB-9C8A-39EAE6C5956B
629,,Motoroel with Longlife,1.0,15.8,E412,EA5AB233-E49E-44EA-94E6-1D3CD48B9829
630,265103161R11,Lamp Ja81,1.0,43.06,L215,076FD897-5B22-4EB2-9CDC-46F7F6813EAC
631,27068950,Battery loaded,,16.5,G116,B17F9983-4B6F-4FF6-BA87-CEC2E0491263
632,93840000,Inspection carried out,5.0,61.0,E249,7B134624-792D-4322-9E72-C5C23BD78521
633,1500060,GfS/guided function.,80.0,119.92,E102,CF987210-2FF3-44AA-84FE-CD3DAF80A83A
634,95150A,Diagnosis and troubleshooting,10.0,115.0,E102,D630A3F3-295E-4D49-A819-99F397B88185
635,701-8300015,"Features (Service Article) |
1 LTR Adblue Liquid |
Adblue urea solution /
Divers / diverse /",10.0,41.9,A101,73493B54-A9E4-4072-A8C0-CA4C9C763D67
636,9D157210,"Diagnostic 15 troubleshooting on
VEHICLE
Read out fault memory and data list
Injection nozzle return quantity
Check testers, remove V -belts and
Check the crankshaft game
Visual examination: strong in idle
V -belt is damaged and
Tension roll has too big game, spares on
Course shaft strap disc visible
Customer regulations: Vehicle jerky
And the engine clacks very much
LOUD.",1.5,198.0,E102,33608CA0-7DE8-4795-B09E-918DEF32E971
637,915089AC,BATTERY,1.0,215.8,C201,32C0240B-86FA-4ED4-983B-7BB549ED2D66
638,46362050,"Brake block set of front axle
renew",10.0,102.0,F214,0D6650D7-43B6-488A-A13F-C76CAE96E7C7
639,AW,Delivery service,24.0,24.0,X608,75764250-DED0-439F-898B-6E335BC7DC45
640,Z86RW416,4 Wheels-Full Service,1.0,100.76,P149,3ABD19B2-687A-4287-8DD1-D5B7A726F8EF
641,540642,"Battery of the 12-V sector network
Check for condition (after
Short test)",,0.8,C103,4FBAD12E-9D68-488B-8C8B-FAAEB7C34B96
642,27061900,Complete the battery,,58.8,C201,8C16FA81-8769-4C9B-BA2C-85A1798F181F
643,12161,Section 29 StVZO,,19.5,E310,52B655CD-90A7-4192-A5E3-3C66FF7F1B42
644,N10437301,BATTERY,1.0,3.3,I104,CB0287DB-67D7-40A3-9892-79216500CED6
645,921803,"4 Laufraeder
Steam it and
CLEAN",,60.0,P149,4C0FCE3E-2887-4277-A735-B81C2AA83B07
646,83122413061,"Disc clarification with frost protection 1l, TU",1.0,4.07,E416,FEFE32E6-7F12-4F75-8804-9A6F91FE4508
647,27060100,Battery checked,,27.0,C103,6C03D522-045C-4DE9-8F3C-8CCD5172A076
648,,"5l Special Tec
Accesories",5.0,75.0,E441,15EBE1DB-AA07-47EE-8557-1EFB21FC5DF2
649,19206545,"Car, main inspection |
HU according to No. 3.1.1.1 system
VIII STVZO (SH)",1.0,116.2,E326,DE8C6544-D150-4D64-9AD7-0AF10DA42BB7
650,1-EBC-345,"Tuev acceptance / HU
To para.29 StVO",1.0,155.4,E326,3B2FF6CA-BF78-4B6D-87B3-187F9E982102
651,93108M,Association pocket with mouth protection,1.0,11.27,X534,8460864C-F2A2-45D8-91FD-84DAB4685107
652,10911017,"Complete assembly car |
Complete assembly 15
Up to 17 inches",2.0,34.0,P165,6224DF56-4F80-497A-AC38-1D426087F59A
653,14800480,"Car, various services
0.1 l
Display frost protection
|Sonax Antifrost &
Clear (barrel) / diverse /
03327050 |03328050 /",10.0,3.4,E416,73493B54-A9E4-4072-A8C0-CA4C9C763D67
654,55058274,Disc cleaner,1.0,2.37,E416,D24EDAEF-E5B4-4405-9D04-2BF556F64138
655,9100000,TÜV acceptance,,101.5,E319,36CB5F5A-1515-44ED-B9DB-1BCD0F39029E
656,2000350,Glue lamp,2.0,32.72,L502,AAEEA20C-C956-4F97-8DA4-C24FDAD75F71
657,1500000,GFS/guided entrance test,,41.55,E102,D3F21C66-B72A-4FDD-A533-9C08163BEFA0
658,5LA945302C,LIGHT,1.0,7.79,L107,C2640EEA-68E5-426E-82B3-0B076958CA66
659,14054210,Battery CR2032,2.0,,I104,F1686050-E0E8-4117-8815-6B2217A7FCC1
660,111975,Ventilated brake disc,2.0,696.22,F208,6CE7616C-4F15-4638-9983-2514EC5A2945
661,N0000000081,Cill lamp H7,1.0,2.83,L502,7E0B307B-75E5-4ED5-ADD0-4FE49DF63B78
662,27068950,Battery loaded,,12.5,G116,DB9F5DC7-CC40-4E3B-9F4B-84E39FC4E86B
663,3528707769886,"Summer W |
225/45R17*W primacy 4
S1 91W",1.0,101.79,P320,8997DD5A-A8E9-46FB-8118-9C26CD2CA70D
664,17013550,Check motoroel and.,,13.6,E405,658E517D-6AA5-4F1F-A800-DACF184D969C
665,2420761,replace the back-,0.9,108.0,F205,BF712C2F-FF8D-40D7-8A5A-D2654E723CC9
666,SPL1001360320000,Adblue 1 liter,5.0,14.5,A101,21201629-06C7-41AA-A5EB-50C2B80760E6
667,VW50,VW50800/50900 SaE0W-20,1.0,18.73,E412,D32282F5-28DF-4B42-9F9E-806C15FFBC30
668,27068950,Battery shop,,14.8,G116,11128EE3-EA76-40C9-9381-30F9BF180C10
669,1EBC345,"Tuev acceptance / HU
To para.29 StVO",1.0,100.0,E318,E6074644-638F-4D82-AA7D-9D12D9041E43
670,0373621000,Semperit Speed ​​Grips 215/65R16 98H,2.0,194.78,P425,34F67412-4C16-4A13-B5E5-22E864D1CCA9
671,SPL1001360320000,Adblue 1 liter,10.0,29.0,A101,0BD1232B-CBF8-4BE2-B7C3-8018EF863893
672,60577M2EUR,0W-20 ll IV,1.0,18.73,E412,E5F7CC16-376D-42AE-B1DF-4910BBBF4C8B
673,93190467,LAMP,1.0,2.76,L102,84A81ED2-B206-429D-863C-375D9165CBA1
674,SLM,Service performance mechanics,1.0,125.0,E211,3B7DD944-C96C-4F98-9471-8E397F667C62
675,1-EBC-37,"Hol-and Bringservice 5.01
Up to 20.00 km (up to 5 km
simple route free)",1.0,27.5,X608,2A13D6E4-E46B-4099-9EF0-736AE5A02C71
676,TÜV,Fees main inspection,1.0,160.5,E326,98C72947-96BD-403F-B00D-357A2BF0EC60
677,36608-2,"Battery remote control
renew",0.1,9.5,I104,FD07A348-F8F9-487C-8035-62E5FC197185
678,L1001360320000,Adblue 1 liter,14.0,40.6,A101,142593B8-94DF-496C-8090-CC6F2EAF943E
679,1500060,GFS/guided function,,57.5,E102,422C7B4D-DC8F-4B30-862B-FE9A0D2DAB52
680,4RWE,"Change 4 wheels, 2 wheels balanced.
Force weight
4 wheels cleaning with
The wheel washing system and storage in
Tire hotel",,66.39,P149,08D8BB07-8D80-4414-AA83-27F1B9A234CB
681,14802174,"Service oil change |
0.1l Shell Helix Ultra
Prof.AV-L 0W20",57.0,108.3,E441,A4F6E2FE-BB3B-4BAE-8AB3-F16DFA926ECD
682,14800480,"Car, various services
0.1 l
Display frost protection",10.0,4.2,E416,7729D783-FDD8-4396-B057-E4030208639D
683,,"Motor oil Longlife IV
Viscosity 0W20
VW standards 50800/50900",2.0,36.0,E412,F8106874-69F9-47ED-93B1-DEE2827CDA9C
684,986479F90,"Brake discs | 0 986 479
F90 brake disc",2.0,238.0,F208,49413E2E-C831-4607-8417-F62F8F38693C
685,A001982820826,Bordnet battery,1.0,303.51,C201,D23FEE57-F59C-4376-97E8-3DFC752DF04E
686,2580321,-Brake,1.0,107.73,F214,2AA135F6-A16F-47AB-8892-434EF20847F4
687,1400000,Brake fluid service.,,115.5,F506,628EC364-AF60-4DB0-B159-CD82D2E21744
688,290994,Read fault memory,0.3,31.5,E101,6FDE9F40-9BAF-4985-9F9A-7CC260C1766C
689,OX13,"OX1301D oil filter
Mash
EAN: 4057635172776",1.0,17.84,E413,C37E3BB5-1AE0-4B59-B012-DD6B827EE381
690,83125B5ED57,"BMW disc clear with
Frost protection",1.0,5.22,E416,9A7A4D8C-9051-4E6C-A462-AAB75FE96874
691,,"Profi Longlife III5W-30
Liqui moly 205 liter barrel",1.0,20.5,E412,B1E7C6DE-1924-4D55-98D3-5004C8EC0B60
692,37001,"Multi -kilometer
Your vehicle: FR-CW 621, 155833
for inspection
Your driver: Lars-Eic Brandes",20.0,3.0,X612,BF1EFB6F-9D25-4FE5-A309-D6570F7BBEE1
693,83A073227A8Z8,Complete wheel,4.0,1400.47,P706,4B2A5F37-17A2-4DEA-949F-3ADFAFF324BE
694,27068950,Battery shop,,14.8,G116,DD85B938-3593-491C-8A9B-B8B5D8F79476
695,210000,"Damage diagnosis
Model name
Mondeo
Chassis number.",0.5,52.5,E102,2F15F062-CDC5-4C49-8FAA-3BFA1137F391
696,,"Service oil change |
0.1 l Markenoel after
Manufacturer specification
5W40",28.0,53.2,E441,D9DE8D48-BF62-4EA8-8767-86CA1399D757
697,OX10,"OX1075D oil filter
Accesories",1.0,13.84,E413,E3FE7FA8-87F7-4CAD-A5FE-D5CD2E055C0F
698,N0177382,"MS 12V 21/5W
Times yes no, this happens
Irregular.",1.0,3.19,L102,83CCDCE0-C92F-41FC-909E-EBCF4E556560
699,2305506,Nan,2.0,218.88,F208,36CB5F5A-1515-44ED-B9DB-1BCD0F39029E
700,TVV205606HMB5A,Mature mic,2.0,237.58,P420,A678AB67-AE8B-44E3-8DBD-CF7C0500DAC2
701,360000,Renew the key battery,1.0,10.6,I104,3DE72D46-2850-4C9D-80B5-AFE349DB2BBA
702,Z052164M2,Disc clear,1.0,7.3,E418,EACCCDCB-7653-4254-8722-93AF4FD31848
703,906,Button battery CR2025,1.0,3.02,I104,0AC6080D-7ED7-422F-8B45-AF53E716B8A7
704,N10528301,BATTERY,1.0,4.55,I104,90D551C8-A202-46E2-B6FA-969BEE29A1C4
705,1684934580,Set of 4 brake pads,1.0,161.38,F214,16246897-1BCC-426D-B2CC-1F148286E2C0
706,,Motor oil (1862),0.5,8.75,E412,7AF5C6BD-45A1-4A68-BABA-66EDC8D88FC8
707,M999999907,Motor oil (3224),6.5,113.75,E441,9042A4C5-03E9-4F2F-A908-E73616258AF8
708,3.9901-6602.2,Brake fluid Super Dot5.1,1.0,25.97,E402,A280CA41-DFA4-4A2B-BBDE-B3BF0AB02DD7
709,986478343,Brake disc,2.0,91.18,F208,0B754876-66D7-491F-B54B-379C73BE524D
710,851806,Read out and delete error codes,0.2,25.8,E101,375A1AA7-4C5D-4B8C-908C-AC6E79514055
711,13526485,"Car, main inspection |
Overbringing fee
Main inspection",1.0,28.0,E328,DA531A7A-8F28-40FA-9A46-93959E2B914E
712,,Motoroel with Longlife,1.0,15.8,E412,76C1BCEE-603A-4725-BCA4-D1C04A0976BE
713,1647883280,Kit 2 brake discs Belooed,1.0,284.71,F208,83188D71-5059-4356-BEA1-A5A86698A18E
714,2099515,Battery 70AH700A EFB,1.0,232.61,C201,EF7F9435-83F3-4D0C-8FC1-AC9F6294745C
715,1194,Mot.öl 5W30 Special Tec LL,9.8,202.86,E440,19AFC907-A817-41E1-90B1-AE9020E2D0D9
716,OX81,"OX813/2D oil filter
Accesories",1.0,20.65,E413,1F22D541-56E4-4FA8-A568-FE7844DD64B8
717,FT0015,"Dekra completeExhausted
search",1.0,174.8,E326,CE7E8EA3-0C58-4763-80D4-829553E8BCA3
718,93840000,Original maintenance work,0.5,59.5,E249,0A878741-473D-4589-B209-8C3B5B4D948A
719,14800404,"Service oil change |
Labor value
Oelservice |
Labor value
Oil service",60.0,97.8,E211,7AAFAEE2-69A6-452E-9A1E-A1643347DBFA
720,G052164DS,Clear,1.0,4.55,E418,947716AF-5B73-464D-814E-8FDEAFE47C76
721,AZ11320,Upgrade laundry,,14.2,X191,0072A1DB-39EB-4AF4-8561-FB3249692368
722,4998,TÜV incl. Au without VAT (continuous item),1.0,153.0,E326,D146CEF5-B301-4C44-A6EC-5A362C5F5E7F
723,-30L,0W-30 1 liter bottle,1.0,21.5,E412,9294DE1D-37CF-405E-B2CC-758481EA565A
724,26931933,Construction of the particle sensor,0.4,54.0,G315,1E7B65C3-FD80-4307-9D0A-03FBE395DF3E
725,14800480,"Car, various services
0.1 l
Display frost protection",0.4,1.4,E416,36B4265D-BFB6-49A3-A764-4604759BB7F0
726,1-EBC-345,"Tuev acceptance / HU
To para.29 StVO",1.0,163.0,E326,11053AC7-B7FF-47C8-B4DC-83A02DFDFE39
727,DEKRA2,"Main inspection including
Demonstration for exhaust gas inspection
Arval leasing without surcharge ""1"" 1111111tilif",1.0,153.0,E326,EFF869F6-8A3A-4C11-B6AD-092F793D74BB
728,1-EBC-345,"Tuev-
Follow -up",1.0,16.8,E309,AB6D791E-D3BC-4946-BE78-66D61E3CF7FB
729,D_GESETZL.HU,"Throughout the legal
Main inspection through
Prueforger",1.0,117.5,E319,D25C61F4-2800-440C-9ECF-49FC08308CD2
730,2490405,BATTERY,1.0,232.61,C201,8B61A75F-D2F0-41EA-9C51-13F1F433EA9E
731,14800480,"Car, various services
0.1 l
Display frost protection",25.0,8.5,E416,BD63B6E5-4BEF-4DF1-8C53-934F385B9D13
732,7018300015,"Features (Service Article) |
1 LTR Adblue Liquid",10.0,32.5,A101,13E11A72-CDAD-46C3-BB10-60D7D6F21E51
733,SLM,Error memory read out,0.4,40.8,E101,F2DE11FE-C144-4FAB-BA98-A1E34552D8A9
734,OEL17,Oel0W20,0.5,10.5,E412,658E517D-6AA5-4F1F-A800-DACF184D969C
735,DGESETZL.HU,"Throughout the legal
Main inspection through
Prueporganization",1.0,117.5,E326,122F3111-2FE5-459C-AE47-92A92D1CB031
736,6121509,Rout the lane -up battery,1.0,17.64,G116,FF424938-1CEF-494E-8FC5-3484CED413B6
737,290990,Connect diagnostic device,0.1,10.5,G109,0709F3F6-A1C1-4BA4-AB1A-84BCFDB0E548
738,1-74X2GY,Motoroel with Longlife,5.5,86.9,E441,3B1047D6-2854-4860-93B2-EC829DDF1013
739,2420150,Replace the brake pads at the front,0.8,88.8,F214,16246897-1BCC-426D-B2CC-1F148286E2C0
740,26883550,Reduction agent checked and asserted,,15.5,A101,474433A6-18E5-480D-A3D2-9ED5E5505A82
741,90541381,BATTERY,1.0,5.63,I104,113CF110-8BE3-4F99-8195-F91016E73189
742,14800501,"Car, otherwise. Autoservice |
Labor value
INSPECTION",102.0,173.4,E211,7CCD0EFE-CC54-4820-9D19-7640C5B6F8AE
743,2490405,BATTERY,1.0,232.61,C201,B4417A94-E32B-486E-AF3B-6034D25C284B
744,36115B4E8D3,205/55R17 95H RDC,4.0,983.2,P706,D627474C-EABA-4E93-9C9C-329FBDD4EF86
745,312110,Check the battery,0.4,48.8,C103,E2CF2974-5730-4546-A6BE-A9A5146A9928
746,1152,"Assembly package with
Disposal of cars (assembly",4.0,68.0,P165,3F9DDB2A-5400-4D9A-9310-716FFBDC005E
747,27068950,Battery loaded,0.1,8.99,G116,E433C48E-78A4-4A61-9A7C-1CC8698AC9B4
748,19010100,Cooling system checked,20.0,29.0,R210,4D0F2743-6FC7-4322-A7D8-BB5C970D8F9E
749,1103786,Dekra fees HU,1.0,102.5,E319,F27BBD05-7515-4B1B-AA6A-5C12B7980E1B
750,6032,"Battery |BATTERY
CR2032 3V",1.0,3.98,I104,3D578324-0532-41DE-9D37-64204A013651
751,83125A85517,Disc clarification with frost protection,1.0,5.14,E416,684AD644-7C66-448A-919D-46F24C75EECE
752,999999907,Motor oil (1862),1.0,17.5,E412,0A442F9F-364C-41B6-BFE3-75B703A85A98
753,66585520,Replace the rear spoiler,,66.0,Q139,9DB80DE2-A1EF-49E5-B79D-31DF81CEEA78
754,1,Disc cleaner,1.0,6.68,E416,474C78E5-EC2C-412B-9A9F-A9489E0F7C73
755,1675652380,Kuehler frost protection,1.25,6.97,R106,F1DD33ED-E1BD-4B3B-AD08-9B67A3887298
756,52590910,Medium brake light Austauf,0.2,19.6,L103,9D71DEF3-E2C7-498D-915C-F69FB46EB08A
757,ZM4403GF,"Change change with storage
Arval",,70.0,P149,00768E60-C768-496A-827E-5A4706AB9AB3
758,312141,Battery out and install,0.3,31.5,C201,EE6282DF-C108-45B9-BEC0-3612F3C33A4C
759,27061900,Battery removed,,50.0,C201,8703517F-56D6-4DFA-84E3-F0FF6F8962C7
760,SLM,Inspection 12 months,0.8,80.0,E211,26A6A97A-4AD0-4121-AB60-21747AE339B7
761,NL00201,Hol-and Bringservice (up to 10km),,74.79,X608,EAADE023-DF65-4FF5-AF38-C2A5566BFE8F
762,10831900,Coverage removed 062,,36.8,M113,69D0768B-7073-40C8-88ED-D29AF367CA49
763,340023,TÜV fees HU + AU,1.0,150.0,E326,C754062A-A54A-4F7C-B883-22912AF1DD9C
764,,0W-20 ll IV,1.0,18.73,E412,44298E76-CD78-4205-AD36-A743A3A28AFE
765,27065550,Replace the battery,,13.5,C201,6C03D522-045C-4DE9-8F3C-8CCD5172A076
766,100002,2 mount tires,,31.09,P165,2DD81EDB-639C-459E-92A8-348B804F41CB
767,16027061900,Battery removed,,44.7,C201,FF01079C-20C5-4F1F-B478-A614482FCEA8
768,44003299,Complete assembly 2 wheels,,53.78,P165,49AFAC8F-787B-40A3-8004-DCAE58628246
769,14800501,"Car, otherwise. Autoservice |
Labor value
Inspection |
Labor value
INSPECTION",78.0,127.14,E211,51058AF2-B69E-4D91-9B32-EE6F6CA57635
770,28705654,Renew the spark plug (rate),4.0,40.8,E427,20177DCE-01FE-4137-8033-359847BE513E
771,9163329,Cooler frost protection,0.3,2.48,R106,2FB22D63-589D-47B5-8830-34EC37951821
772,Z201,"Change of wheel including storage and
Bike linen",,100.0,P149,7DA10F3A-ED6A-4FDA-B67A-759D30D087D2
773,2490405,BATTERY,1.0,232.61,C201,C5AB3B26-94DE-4C4F-8A1B-5AA5F0D88AED
774,9D047210,Diagnostic troubleshooting,0.4,54.4,G109,8C320AFF-BA26-4347-8517-E788AD0BE32B
775,915089AC,"BATTERY
-Arrefüf, what def.",1.0,215.8,C201,D3F21C66-B72A-4FDD-A533-9C08163BEFA0
776,HT1,"ThroughPost hu
Incl.Emissions",1.0,154.5,E326,A1F0ED0F-ECCC-4F8B-BA5F-8E485BE8D3DC
777,27065550,Battery replaced,,16.9,C201,62811A7C-F2AA-4992-8070-E9247F0A7935
778,1500000,"GfS/guided function.
Motor oil lid was not correct
Ready.
Complaint: steam smoke came from the
Ventilation and front right.From the engine compartment.
We found in our work:
Rim in front right: damage",,44.1,E102,220A00C3-DA60-4755-A9D9-F43926F1415E
779,1672030780,BR Fluessi,1.0,13.8,E402,7ED24A74-A117-4A64-92C1-C97CFDC2B741
780,3528706971310,"225/50R19 100VXLS1E
Primacy",2.0,360.75,P320,36910862-EC29-4175-B625-66D0479C91F3
781,1158,"Package tire repair
Car/SUV (tire REP",1.0,24.7,P168,F0816409-2A9B-46C6-B3A3-5160D7C1EF4F
782,2744487,Sealant-fluid,1.0,22.97,E421,9E7F6EB1-286E-424E-A92E-150E6F8EAE1C
783,G052164DS,"Slice concentrate
Quantity 1 = 1 liter
Display cleaner concentrate",1.0,7.9,E416,DD867F0E-8C0D-4A83-A819-30AC55BF3B6C
784,,"Titan GT1 Flex 952 0W-20
Fuchs per liter",5.5,112.75,E441,31408F0D-3FFF-40FF-8D34-B6FF62F37808
785,1647883380,Ventilated brake disc,2.0,355.24,F208,3E4550DC-5110-42D5-8443-255E8314B715
786,27068950,Battery loaded,,12.8,G116,B285F35B-81B6-425F-8DCA-29BA67439C8B
787,801815,Battery load and test,0.3,37.38,G116,92DB54DC-1501-4A55-AA24-E8CCDA02B15A
788,915089AC,BATTERY,1.0,215.8,C201,EAA3CAA2-8AC5-4614-A1E6-8F3101235ED2
789,5LA054412F,Charging cable,1.0,284.87,W501,9C793B7D-3664-4FC0-953F-B0711A14F73B
790,2080255,Glue lamp,10.0,1.74,L102,9C30F5DD-C7B2-436F-A0CE-4043AFBE054E
791,1340010,"Maintenance service after
Manufacturer specification (see
Maintenance plan): Inspection
Service without oil change
carry out",11.0,112.2,E220,B8BB3CB9-166A-4A59-8E52-970E8683810F
792,83122413061,Disc clarification with frost protection,1.5,5.29,E416,41EBBC1D-162D-4BE2-A1AA-40B340932C7C
793,312111,Check the battery,0.2,23.8,C103,08EFADEF-32E3-4C1B-B132-28394DCDA3BA
794,93840000,Original maintenance work,0.5,69.65,E249,1E522C88-9ECA-41B1-B752-C3366168B76D
795,1EBC345,"Tuev acceptance / HU
To para.29 StVO",1.0,100.0,E318,F8952199-5E2A-4BE3-B726-4DFD1FCAF374
796,RE15F60B,Motoroel F0W-30,0.5,10.5,E412,625D03E4-7115-4E7B-8E78-56C2B5CCA87C
797,OX10,"OX1075D oil filter
Accesories",1.0,13.84,E413,A1D49151-6824-4479-AB1D-E8571FE9A08C
798,9D047210,Diagnostic troubleshooting,0.4,51.6,E102,3559300A-DA9C-463A-A240-F877A7E4D34E
799,24012803181,"Brake discs |
Brake disc
24.0128-0318.1",2.0,399.42,F208,15D45BC5-7F4B-4B67-B180-0076061F15D5
800,36001,Read out fault memory with VIDA,,24.26,E101,5116DEEF-2863-4E13-A789-8AB35B8DA1D1
801,1686610780,Mature Michelin car summer 2,2.0,243.9,P320,155533F7-2215-4270-B1C8-D4B8B8984778
802,190677,BATTERY,1.0,4.38,I104,F1DD33ED-E1BD-4B3B-AD08-9B67A3887298
803,FL900164,Hol-/delivery service,1.0,25.0,X608,AE00F3A1-99B6-438C-A618-1FCA84C9B178
804,43930004,"Association pocket after
DIN 13164",1.0,8.73,X534,19AA5CBA-1EAF-4CA5-9D1B-DE3995FDF82C
805,4041510,Battery exchange,0.3,33.6,C201,A760CC80-086C-41CE-8FB6-4B76E471C6B9
806,330901,Minister and install nitrogen oxide sensor (N0X),0.3,28.83,G315,20FFD42D-371F-445D-BDBB-55F97C323E3B
807,83125A1A167,Disc clarification with frost protection,1.0,9.9,E416,3061D9EC-997F-4F1A-B0AE-C06F03D52F9E
808,AVDIAG,diagnosis,1.2,174.0,E102,61784A9D-1DFF-4D7F-832E-7A8ABA731A92
809,4069790,Renew the oil pressure switch,6.0,69.9,G227,1D1FD7F2-F825-438A-8AC2-3E4F9B594B7C
810,47157455,"Error memory query
carry out",0.25,26.25,E101,A510F687-3800-4BC4-8FCB-FA55D3E249D2
811,93840000,Inspection carried out,5.0,60.5,E249,D2D42757-1547-4FB6-813F-C23198FCA4B4
812,SLM,Service performance mechanics,1.0,125.0,E211,230795B9-32B4-4815-987F-5C03D5424DD9
813,Z096122DS,Disc cleaner,1.0,3.2,E418,9E930F97-C3E3-44F3-B0F1-0B2BBA90D10A
814,1-EBC-345,"Tuev acceptance / HU
To para.29 StVO",1.0,99.0,E318,28EC4859-BC92-4436-AA67-1711FD52AAFE
815,9538479,Disc clear,1.0,5.9,E416,9E74216D-7F4D-4C08-A2D2-F209575B921B
816,27060150,Battery checked,,11.8,C103,009044C8-BC19-4C20-A2AD-E638A0F062F6
817,263502M100,Oelfilter Service set,1.0,25.44,E413,D9E63FF7-7B68-4A90-8C14-836F2702E8F9
818,OX1340D,Oil filter,1.0,15.28,E413,3B1047D6-2854-4860-93B2-EC829DDF1013
819,19206502,"Car, main inspection |
HU/AU external performance
Prüz., 3.1.1.1 A. VIII
StVZO (BW)",1.0,154.0,E326,62B8859C-8C6C-4BC9-995C-BDC414E06565
820,27061900,Battery removed,,40.5,C201,1578088F-826D-496D-B127-52E334949A81
821,14802156,"Service oil change |
0.1l Shell Helix Ultra
Prof.AF-L 0W30",10.0,15.0,E412,391F3ACC-D5A6-4ADE-981D-BA5B9CE7574F
822,915089AC,BATTERY,1.0,286.0,C201,01BDFFE2-8D01-461D-BBC0-4090C3A4277C
823,VS99998888310,Shipping costs winter wheel set,1.0,167.23,P108,2B38EDD6-B0FA-4ED7-9A24-04C03EFD3A19
824,F026407143,Oil filter,1.0,13.6,E413,20177DCE-01FE-4137-8033-359847BE513E
825,SLM,Error memory read out,0.4,40.8,E101,BCE06AAF-265C-4372-8237-C7F82581FE97
826,1EBC345,"Tuev acceptance / HU
To para.29 StVO",1.0,171.96,E325,7300EC70-9DA9-4664-9E60-21E1B7DF17AD
827,6032/BLISTER/1#VVARTA,VARTA ELECTRONICS CR2032,3.0,10.06,I104,93E0C158-690D-4AE4-907B-DA479371630B
828,OX10,"OX1075D oil filter
Mash
EAN: 4009026957998",1.0,13.84,E413,D779490A-5476-4E13-A727-538037869B9E
829,4038526043337,"205/55R16 94V XL
Vector 4Seasons gene
3",4.0,366.96,P511,178A2555-B276-475A-AE1E-E7A0CE93B6CD
830,27061900,Complete the battery,,41.34,C201,178F1762-9ABC-4F7F-A29F-58DFFE208EB2
831,1500060,GfS/guided function.,,67.92,E102,78AA090C-668E-48CC-BC3D-F9450A0721E2
832,W-30,"Castrol brand oil 0W-20 after
Manufacturer approval",4.3,61.12,E441,745E4884-4709-4240-B7C9-BABCFE24F8A5
833,27060100,Battery checked,,28.2,C103,AFC0CEEB-D016-4F64-B780-88F40971E007
834,P1,"Renew 40-2440 4 tires
40-2070 4 Complete Stationaer
40-2181 addition to wheel balanced:
40-5075 tire pressure control system",,80.67,P165,D92FF200-0F5A-44A1-9746-68EC94782A15
835,LR146854,Sensor particle detection,1.0,182.24,G315,375A1AA7-4C5D-4B8C-908C-AC6E79514055
836,13626520,"Service oil change |
0.1 l Markenoel after
Manufacturer specification
0W30 |C-TEC Special C2
0W-30 (1l) / Masteroil /
0010030030600 /
4260592073554",66.0,99.0,E441,51058AF2-B69E-4D91-9B32-EE6F6CA57635
837,99999999,FZG. Preparation carried out,,49.9,X105,F61249F1-362D-449C-B252-AE42827C4AE9
838,786410010,battery,0.7,112.0,C201,6C3E1721-5B31-4694-B119-111AA9A8EC45
839,83125A1A167,Disc clarification with frost protection,1.0,9.9,E416,E2AB1557-7183-42C7-8A97-B7BAD8ED0B98
840,541138,"Renew the on -board net battery
(after a short test)",7.0,133.07,C201,D23FEE57-F59C-4376-97E8-3DFC752DF04E
841,14802148,"Service oil change |
0.1l Helix Ultra ect
C2/C3 0W30",55.0,104.5,E441,C7D24A4C-752A-4674-8424-74F414C5B9B8
842,27065550,Replace the battery,,14.8,C201,01BDFFE2-8D01-461D-BBC0-4090C3A4277C
843,986494660,"Brake blocks |
Brake padding, slide 0
986 494 660",1.0,89.25,F214,8653B39D-8DE3-498E-9745-A7FABE9B6EBE
844,1EBC345,"Tuev acceptance / HU
To para.29 StVO",1.0,158.0,E326,A7019136-9667-4011-9F3D-081368D75435
845,83125B5ED57,"BMW disc clear with
Frost protection",1.0,5.22,E416,007AC1A9-8E07-43B2-9751-01C20C733535
846,VO36001,"Reading/reset error codes
VST/ VCT",0.2,22.32,E101,CDA3D6D6-BB96-442C-B5D7-23EB395E934A
847,9911017,"Assembly winter wheels / storage
Summer bikes including cleaning,
Security check and car wash
-> Fach 070105",0.7,96.55,P149,791EA0DB-E4E0-4E08-9567-D2FDFD87AFEF
848,G052164DS,Disc clear,1.0,2.5,E418,DC3E3551-B3ED-401D-AE7F-78A967595119
849,Z-RAD02,"Seasonal wheel change including
Storage",,79.83,P149,FAB31FC5-51B9-4BE8-9F28-8EB7166A309D
850,14800501,"Car, otherwise. Autoservice |
Labor value
INSPECTION",66.0,107.58,E249,DC27CE25-658C-4AA8-952A-0B63379E165A
851,1688983980,(ACC) Set carpet mats,1.0,34.74,Q213,DBF40383-0606-48B6-B61F-0EBF3D64EF9D
852,TE2032,BATTERY,2.0,8.54,I104,E6243B51-24A3-4787-A0A3-E3D6DB799F57
853,MDI,"*********************************
Diagnosis MDI with basic documentation
*********************************",4.0,32.77,G109,A3E1D10C-76E3-45A4-9310-3C7AAAAC9B70
854,2446902,"Brake padding,
Disc brake Q+ VA",1.0,104.72,F214,2D4C4B54-46D2-48B2-975B-27D97D82BAEB
855,6,Carry out the vehicle test,4.0,61.84,G109,4B44D844-2C92-41CD-BCE5-3D08358407A9
856,1085270,Key battery,1.0,6.89,I104,F897BD61-D0AF-48D7-945C-53F5DD3766F0
857,,Refill oil,1.0,18.73,E412,F6005746-DF5C-4143-A9BC-7CC6B308FE51
858,27068950,Battery shop,,11.7,G116,2E480235-F09A-4A64-946C-2695D243E031
859,C0012159,"Review according to §29 StVZO
(HU+AU)",,19.5,E310,7CF1CF20-315F-461F-802A-A5C4222EBA3C
860,312110,Check the battery and charging system,,51.2,C103,DC340560-3A0E-4FB7-8870-713859D111FE
861,1675652280,"Motoroel 0W20
0V0401547-A20",4.8,86.4,E441,6F4E221D-8E94-4F24-9AC0-310C979F4FB4
862,4041510,Replace the battery,0.3,24.0,C201,7696F693-7798-4645-9558-4B96F96E32EC
863,M999999909,Display cleaner (1893),3.0,17.1,E416,E2D982EF-68D1-4CE6-AF25-61664F01B02B
864,2099515,Battery EFB 70AH700Amp,1.0,232.61,C201,A285BAD1-39D7-4C9D-A0A2-8DEAD4F18EE4
865,G1956515,195/65R15 95V Goyear Vec4Season,2.0,202.0,P511,09B23DC9-B649-440E-9805-3A7B75D67EF2
866,9999SF,Disc clear,0.5,1.35,E418,97CFD864-5CE6-40EE-9854-D10B101780F2
867,ZPRE181,"1 tire replaces from 18 inches (contains 1
Bike assembled, kept & out and out
Installed plus material)",,30.0,P165,11F84CAE-6A92-44A9-9150-5C56FC945AD3
868,CFA0139954218,BATTERY,1.0,3.72,I104,7EC8E90A-8EA6-48A9-8B67-86DBAD62BDD7
869,1680583880,Kit brake hi disc+topping,1.0,293.82,F206,3C867E19-1658-4629-96DC-1ADF39CA80C1
870,2385498,BATTERY,1.0,199.37,C201,4C9C0497-85D7-45DE-A650-0B1601B3BF33
871,93840000,Initial service operation,0.5,57.5,E247,E2572EDD-2930-407F-B690-1EC17FCBC605
872,Z44444490,"4 bikes change, wash and store
season",,92.35,P149,602DF0C2-1D82-492D-9D3D-3A9D4ADA8E7A
873,93840000,Inspection carried out,5.0,61.0,E249,AAAD6385-AC39-4D83-ADEF-8927A8D3A039
874,290990,Diagnostic unit followed/Herst.,0.3,52.8,G109,A5CCDAEC-8AD5-4091-9958-EBBCCF51729A
875,1340010,"Maintenance service after
Manufacturer specification (see
Maintenance plan): Inspection
Service without oil change
carry out",11.0,112.2,E220,F99F874D-28CF-43F0-A821-A65F03D8F2A4
876,M100000557,Frost protection (3356),0.5,5.75,R106,1750BE04-7687-48EC-B8AC-FF99899CD67D
877,915089AC,BATTERY,1.0,215.8,C201,2EA45FD6-19D9-496E-A8B6-C38FCFA50C41
878,1680791780,"Set of 4 brake pads
Vo",1.0,163.23,F214,3E4550DC-5110-42D5-8443-255E8314B715
879,W20F,"VW original motor oil
Viscosity: 0W-20 VW standard: 508.00/509.00",2.0,37.46,E412,AE83B323-7B01-45C2-B381-E9ABDB3DC90D
880,F026407299,Oil filter,1.0,12.32,E413,3837FF6E-EC4A-46A5-856E-0A1530E8C643
881,312144,Renew the battery,,17.0,C201,77999121-E3CF-4320-9313-37E020F79CA4
882,27061900,Complete the battery,,52.08,C201,04B0D80E-895D-461A-B774-537484758FE9
883,S100002950,Adblue refill wages,1.0,15.2,A101,9EEC6B5A-610F-4E42-A1AD-AF0286CDF6DD
884,122240,"Brake disc front axle
Renew both sides",10.0,102.0,F208,A65FFA98-BB88-4DBA-B7BA-8C36153FAE45
885,OC1397,Oil filter,1.0,15.6,E413,9042A4C5-03E9-4F2F-A908-E73616258AF8
886,3611534E8D3,205/55R17 95H RDC,4.0,983.2,P706,AB5DA1ED-1CDD-4C85-9928-2DC9CE9B7FE4
887,803208EU,Washing additive,1.0,4.53,E416,185BB2DB-426F-4F81-8F23-2D25B39141E5
888,FT0015,"Dekra completeExhausted
search",1.0,155.0,E326,64AC1E2B-F938-4455-BDC7-6A971DFBC27A
889,1500060,GfS/guided function.,0.3,40.5,G109,661FA997-665D-43C6-92FB-8E6DC7AADBDE
890,16050600,Anti -frost concentrate,1.0,4.5,E416,1FF8D6FE-BA1A-4D77-9F74-ABEF837621CE
891,12027060100,Battery checked,,31.93,C103,6912DA04-F65C-4CC0-9E69-0211658F885E
892,4026050,Sensor replace nitrogen oxide position 1,0.6,72.0,G315,024097DB-E575-43EA-8B8F-5C3C1BE34B02
893,55506886,Lambda probe for exhaust gas cleaning,1.0,261.55,G315,357EDEE4-F70A-4C2E-BBC0-2977BD3635E8
894,1EBC345,"Tuev acceptance / HU
To para.29 StVO",1.0,100.0,E319,03A96A30-EF31-4383-9E66-01DA63927926
895,1500060,GFS/guided function,,144.5,E102,8F714E1B-4DFC-4335-BC76-77CF24E9455F
896,14800480,"Car, various services
0.1 l
Display frost protection",20.0,6.8,E416,860A76E8-D2B7-4DF3-8F71-04ADE604BF93
897,1EBC345,"Tuev acceptance / HU
To para.29 StVO",1.0,126.05,E325,502E4518-58D2-4A3D-99C8-B54E8F2BCAE0
898,HU5003Z,Oil filter,1.0,20.95,E413,C01E36BD-915C-4CFD-B477-B8338F9A1A83
899,,"Service oil change |
0.1l Shell Helix Ultra
Prof.AV-L 0W20",15.0,22.5,E441,D841521F-CC0C-4EB5-B94D-19CA938A3F29
900,N10528301,BATTERY,1.0,3.41,I104,7946E27B-21C5-4009-B638-DF12D7CC2E92
901,100000558,"Frost protection,
Panel cleaning system (1
863)",3.0,14.7,E416,7AF5C6BD-45A1-4A68-BABA-66EDC8D88FC8
902,312140,Renew the battery,5.0,51.0,C201,816EAF35-1348-4970-BECC-A52A9CBD6E67
903,5452000726827,"Car all -season tires V |
205/60R16*V vector
4Seasons 3 96V XL",1.0,129.03,P511,19D8C188-0748-4718-BD63-3384F9B7B9E1
904,72350L-BATT,Device battery,1.0,6.0,I104,83967B08-1CE5-41C1-847E-F38C10564EB3
905,,Motoroel with Longlife,3.5,71.75,E441,A52F2ED1-7B2C-497B-95C1-714649BC4BA6
906,5033,"Snap-in valve
Pirelli Cinturato",2.0,20.14,P180,F559C3CD-6F3C-4463-82B7-BE440EFEA485
907,122,Fill in adblue,1.0,11.65,A101,5676B4E0-A3F1-4A7C-BFEA-28806CD7BB1B
908,14800501,"Car, otherwise. Autoservice |
Labor value
INSPECTION",102.0,166.26,E220,901A7C51-D210-4AF0-9C2F-A7B2A99D4CFB
909,5199697,Cill lamp H15,1.0,55.32,L502,74F67D57-4119-49B4-B347-0B70B250731C
910,1470646,"Pruefen high-voltage network
(After a short test)
Check the HV on -board network via actual values ​​I.O.
Check the shooter for controlling I.O.
Battery 2 locks around battery
1 and 3.4 to load afterwards",18.0,198.0,C103,19358B67-BAC6-45C4-9A00-3590433BC0A5
911,71105A9BCA1,Lip sealing agent bottle,1.0,22.83,E421,C437091F-30F6-4DDA-9B34-5598BB7C84C4
912,A000506,Control valve,1.0,248.71,M506,2A964404-9F3B-4DF8-9EEB-DD858BF25857
913,,"BMW Twinpower Turbo LL-
17 FE+ 0W-20 1L",1.0,21.0,E412,1FDB03BB-2B9C-4D7A-A2CE-343ABF4310A2
914,1EBC345,"Tuev-
Follow -up",1.0,20.0,E309,2921AA01-C489-4011-9D64-D68AB4AB2EE2
915,215156,Diesel Exhaust Fluid Adblue 10L,0.8,21.93,A101,BB2A455E-68C2-4070-805D-AC081729BB84
916,Z440503,Package change change including balancing,,108.4,P149,3678C3B2-2A50-4F49-84E2-1C548B6AA639
917,L1001360320000,Adblue 1 liter,10.0,29.0,A101,35C33495-36F4-47B8-8C3D-0F774C6F2413
918,HU80,"HU8016 oil filter
Mann-Filte
EAN: 4011558828561",1.0,35.38,E413,F77D588A-53D7-428A-9019-A8BB03CAB09E
919,1500000,GFS/guided function,0.3,37.8,E102,EBB7BFCD-B08D-49FC-9356-5392F70820B4
920,SPL1001360320000,Adblue 1 liter,15.0,43.5,A101,0C0BF348-3AD9-4FDF-8977-A7B41077F4C2
921,29206 0000610,Service motor oil,3.0,30.6,E222,78BDEAAF-2B27-4168-94A8-4F804E67E3D3
922,27061900,Battery removed,30.0,44.7,C201,1F6A7A64-E03D-4E50-AC3E-4C7C2D9AE29C
923,701-8300015,"Features (Service Article) |
1 LTR Adblue Liquid",10.0,41.9,A101,F2DF2539-0F16-46DB-8619-A9E1997EE150
924,,"50400/5070
Engine oil",1.0,20.0,E412,50BCE02A-0D03-4376-B8D3-C04D551ABBA7
925,312110,Check the battery,0.4,46.0,C103,0DB3D5FC-4917-4844-9795-DA9EFB152A23
926,290990,Diagnostic unit followed/Herst.,0.3,28.5,G109,5F6B2BDB-AB05-4412-B44A-ABC245F1B60C
927,27061900,Battery removed,,38.3,C201,730FC9C2-7F32-40D4-AD38-4FB21344D41A
928,5LA945302C,LIGHT,1.0,7.79,L107,86746360-0CD8-476F-BF80-D89A23009787
929,1-7MF13Z,Adblue 1 liter,11.0,44.0,A101,5676B4E0-A3F1-4A7C-BFEA-28806CD7BB1B
930,14800562,"Service brake |
Work value brake |
Both fronts
Renew brake discs
[Minutes]",60.0,97.8,F208,9616DDE0-EF24-49E9-B891-639FF2C0E81E
931,W30F,Motor oil 504/507,1.0,19.5,E412,CE290C30-B879-47EE-9CA8-093959586227
932,72350L-BATT,Device battery,1.0,7.5,I104,439434BE-1CF5-4971-9047-C44933522EFB
933,1-EBC-345,"Tuev acceptance / HU
To para.29 StVO",1.0,155.4,E325,6620556B-A4B5-4919-856B-6CA8148E6DC7
934,PRÄDERSICHER,Securing the wheels including clamping belt,,25.67,P204,2E9F9503-52B8-49F3-9C3E-F41162D0A786
935,27061900,battery,,67.6,C201,05643DB7-858B-4406-AA34-771D689FB0F2
936,312110,"Check the battery
Battery LT test device defect",0.4,49.2,C103,14FC9C82-FA4E-4B56-AC58-8FD75193E506
937,14800480,"Car, various services
0.1 l
Display frost protection",20.0,6.8,E416,29E968C6-1450-4805-B46B-682E4740E99A
938,915089AC,BATTERY,1.0,215.8,C201,2B67B5FF-F51F-4A82-B7AF-8C8120C34349
939,SCHEIBF,Display frost protection,1.0,3.6,E416,D1794734-2936-4EA6-80A7-47016899E0B6
940,1152,"Assembly package with
Disposal of cars (assembly",1.0,17.0,P165,BF35C210-D2AC-4460-8835-E3DE7BADB0A4
941,1EBC345,"Tuev acceptance / HU
To para.29 StVO",1.0,158.99,E325,8FD3FE76-F7DE-4173-BA6E-23BE40C11F8D
942,1-EBC-345,"Tuev acceptance / HU
To para.29 StVO",1.0,153.0,E326,01100E1A-9CDB-443E-A695-BB0FC2B4148D
943,1611909180,Disc wash fluid 20 ° C (1 l),1.0,2.98,E416,51EA7910-AFCB-4C86-B012-A04062DE914B
944,2463,"Battery remote control
renew",0.1,11.0,I104,9EEC6B5A-610F-4E42-A1AD-AF0286CDF6DD
945,ZSBO305,"Seasonal wheel change with storage
(one season)",,97.47,P149,9D2424DD-1B14-4010-B982-BD795A3577CF
946,ZM4403GA,"2 tires mounted and balanced
Arval",,21.0,P165,3F8B4B3F-72D3-4962-8C1F-ACE06C85003F
947,72350LBATT,Device battery,2.0,15.0,I104,60736562-DB56-4996-B800-F0BABC3CB08C
948,100244,TÜV fees Huau,1.0,150.0,E326,010440E8-909A-4261-B69B-DF242B0F10D0
949,2099515,BATTERY,1.0,245.53,C201,3953A310-6AD3-458E-A8D7-F057206AC017
950,99999999,Oil level tested and supplemented2,,14.0,E405,1B3540B8-3503-43A9-B63D-C7144F5C1D10
951,14800480,"Car, various services
0.1 l
Display frost protection",40.0,13.6,E416,A9E17501-EA75-44C9-9E03-E4DD2471EDF3
952,83122413061,Disc clarification with frost protection,2.0,7.06,E416,6018E231-ECE2-4A7C-B695-E049D18DBC8A
953,83125A85517,Disc clarification with frost protection,1.0,5.14,E416,357C0742-38FF-46BF-82A4-A030CA687D77
954,,Motor oil (1862),1.0,17.5,E412,A71DDF91-8AEF-4051-AFFC-1ECD34BB83EB
955,TSCHUTZCO5016,Display frost protection concentrate,2.0,9.4,E416,44269C8A-2930-495F-B37D-E071DE6446AC
956,11001A,Renew the engine oil filter,0.7,72.8,E413,9042A4C5-03E9-4F2F-A908-E73616258AF8
957,10911017,"Complete assembly car |
Complete assembly 15
Up to 17 inches",1.0,17.0,P165,8997DD5A-A8E9-46FB-8118-9C26CD2CA70D
958,,"157515 engine oil
Accesories",4.0,60.0,E441,13E646B2-0385-434A-A4CD-1F32DCB6A5A0
959,17027065550,Battery replaced,,14.9,C201,FF01079C-20C5-4F1F-B478-A614482FCEA8
960,91752002,"4x sensor f parking aid
u.",,201.5,I513,4C1B59D4-F0A8-41EB-B5BC-99BE03D44034
961,93840000,Original maintenance work,0.5,59.5,E249,5B6F47D7-6746-4011-8A7C-A566CA275391
962,F026407268,Oil filter,1.0,13.92,E413,A9D6769D-B561-4D54-9AC0-A34A9CC41F3C
963,123,"Brake light replaces including
light bulb",0.3,25.5,L103,62E7E6B4-2484-488F-8591-5A79095F8781
964,P4401,Change of wheel including storage,1.0,94.12,P149,A2E7575A-7FF0-4C0F-AB90-7B61A3526775
965,1607973,"Lamp Glassockel 5W
Total 1) License light lamp defective",1.0,1.48,L102,BF2485F8-B7D2-42AD-9278-FC36E85D8326
966,701-8300015,"Features (Service Article) |
1 LTR Adblue Liquid",11.0,35.75,A101,B171737B-2AA7-4291-8FD4-E1AEEE93DC24
967,72350L-BATT,Device battery,1.0,6.0,I104,C8E79BB9-28CE-4465-97BD-EAB251EE6A6C
968,27061900,Battery removed,,67.6,C201,62811A7C-F2AA-4992-8070-E9247F0A7935
969,1-EBC-345,"Tuev acceptance / HU
To para.29 StVO",1.0,19.5,E309,1627CD45-8395-4F7A-936E-9BF4865033FD
970,9816245480,Russ sensor,1.0,463.24,G315,8C320AFF-BA26-4347-8517-E788AD0BE32B
971,915089AC,BATTERY,1.0,215.8,C201,BBFDFB32-1259-4688-B832-052F77678644
972,14800484,"Service brake | 0.1
LITER
BRAKE FLUID",10.0,15.0,E402,12A51CBF-DED9-44BE-AD59-77656E8DDC5E
973,27061900,Complete the battery,,40.5,C201,D5719FAC-D072-4F66-B75D-9DF80D598E44
974,F026407268,"Oil filter |Oil filter
026 407 268",1.0,12.88,E413,7AAFAEE2-69A6-452E-9A1E-A1643347DBFA
975,3323000,"Frost protection,
Panel cleaning system
AntiFrost+clearance",1.0,5.03,E416,F7FFC843-52E3-44A1-8ACA-113D7471129D
976,FL0003,Ratio,1.0,30.0,X608,7F1D1461-0FA1-4561-BE11-C5ED18F1F718
977,5010OW-33,Longlaid,1.0,18.73,E412,8F7E5DC2-F4E5-46FA-885E-318880B27711
978,14800501,"Car, otherwise. Autoservice |
Labor value
Inspection |
Main inspection/oil change
Months",30.0,51.0,E211,D9DE8D48-BF62-4EA8-8767-86CA1399D757
979,12E10050,Cue,2.5,2.13,R106,E58CA6F0-C6A2-4848-B66D-B4776760EF31
980,2468342,Oil filter,1.0,14.62,E413,26A15455-B945-4E92-8540-5809AFEB6B74
981,97854199,"Mass band battery
Check/instst",,11.8,C103,009044C8-BC19-4C20-A2AD-E638A0F062F6
982,23811905,Make the NOx sensor,,64.0,G315,B285F35B-81B6-425F-8DCA-29BA67439C8B
983,11010510,Additional battery,0.1,12.3,C103,DBF4F077-6CC9-4FB6-8644-B8B7D7B362F6
984,14800480,"Car, various services
0.1 l
Display frost protection",10.0,3.4,E416,0DE4D3DD-E05C-4321-8115-FBA426666F94
985,83125A85517,Disc clarification with frost protection,1.0,5.14,E416,51F5FF7F-12F2-46D3-A8E7-9CF35E3FD837
986,9900000832,Brake fluid flat rate,1.0,13.0,E402,78BDEAAF-2B27-4168-94A8-4F804E67E3D3
987,1-7MF13Z,Adblue 1 liter,10.0,29.0,A101,D31FC05E-F988-4547-ABD0-647D23B294AB
988,14800501,"Car, otherwise. Autoservice |
Labor value
Inspection |Oil change",30.0,48.9,E249,C0FF0C89-A508-48AF-9968-AF75B27C3D33
989,83125A85517,Disc clarification with frost protection,1.0,5.14,E416,B5AF5E23-7C57-4935-B437-1AE4281AAB61
990,3612001,"Complete package 1 wheel [incl.Assembly,
Balancing (stat.), Change of wheel,
Weights, valve (except RDC), small parts
and altitude disposal]",2.0,28.0,P165,2203C188-2B9E-4E6C-A79D-642E1A9D6417
991,1-7MF13Z,Adblue 1 liter,10.0,40.0,A101,5C90C306-BD2C-4808-9F18-15D87A4AD6F5
992,BR,Change of brake fluid,1.0,34.8,F506,0842409C-5E7F-43F8-A670-18409011D11C
993,6,Carry out the vehicle test,4.0,61.84,G109,4C7E8FB9-72DC-45E6-8FA4-999D37234DEC
994,7711575175,Battery EFB 70AH720A,1.0,300.4,C201,AA6AEBA2-E359-4D43-B4C7-350A822BE35D
995,,"Service oil change |
0.1l Shell Helix Ultra
Prof.AF-L 0W30",10.0,15.0,E412,A9E17501-EA75-44C9-9E03-E4DD2471EDF3
996,1-EBC-345,"Tuev acceptance / HU
To para.29 StVO",1.0,153.0,E325,39FB57FA-ADAB-40E5-B70A-6D3E8C526B95
997,2043350,Headlight glow bulb exchange,0.4,40.6,L502,63136E80-608D-45A4-AD8E-F33D665C09D9
998,401450,Change of wheel + storage,,83.9,P149,F0E0863E-91D3-429B-81E5-E9732BE83036
999,EL550,Starter battery EFB,1.0,173.17,C201,4B8C11C2-2215-4CF7-897D-E84FC710D4C6
1000,19206502,"Car, main inspection |
HU/AU external performance
Prüz., 3.1.1.1 A. VIII
StVZO (BW)",1.0,154.0,E326,0D664547-4BE2-4C55-A77A-19526932DA36
1001,27068950,Battery shop,,10.47,G116,E68963CE-4F9F-4622-B2E6-49B1E4A6C95A
1002,1-EBC-345,"Tuev acceptance / HU
To para.29 StVO",1.0,149.0,E325,239A29C9-2062-4A6F-AEE0-6C52D2A6D839
1003,RW,"Change change including storage
for a season
Old storage location: 015470
New storage location: 015297",0.7,67.14,P149,21AD61DB-5196-47FC-AE12-84A2CDACD498
1004,584520,"5.J.O.100,000km Insp.inkl.Fam/DSN",,113.3,E211,53F89C81-F782-40F9-B6CE-64AF46C66A51
1005,122,TÜV incl. Au without VAT (continuous item),1.0,161.5,E326,28F2E546-58D5-48C3-8F6D-F50B72B13825
1006,93190461,Pear,1.0,15.03,L502,BE126AE1-3148-489D-BC26-D5DAC6AF201B
1007,G052910DS,urea,25.0,43.75,A101,EBEFCDFC-3EE7-42AE-B83A-73139EA7F6A2
1008,72350LBATT,Device battery,2.0,15.0,I104,E2D982EF-68D1-4CE6-AF25-61664F01B02B
1009,1-EBC-345,"Tuev acceptance / HU
To para.29 StVO",1.0,155.4,E325,0DC392DB-F6C7-457E-BC5A-3E94D8EF0286
1010,RAD02,"Seasonal wheel change including
Storage",,79.83,P149,0BCC0E3F-D4A4-4B11-BDFA-A758E0FE8A9C
1011,922503,Offer price,,100.76,P149,A854B1F3-E72A-4E2B-896F-6A302C9B00B7
1012,93840000,Original maintenance work,,54.1,E249,40F93C52-6D8A-405C-8484-2424BE6F37D9
1013,2391870,Set brake covering,1.0,119.63,F214,34F2CBFD-57E0-489C-91EB-F6A4832F895A
1014,M100000558,"Frost protection,
Panel cleaning system (1
863)",2.0,9.8,E416,6F6FE5A8-C8F3-40B4-B576-C239BCAB69B2
1015,,0W-20 LL I,1.0,25.63,E412,1B3540B8-3503-43A9-B63D-C7144F5C1D10
1016,EV580011,MG ZS EV Maintenance Year 1.3.5.7,,144.0,E211,D8246CCA-CDD5-42BC-BFBA-8578097CFD0E
1017,12027068950,Battery loaded,,14.1,G116,58AB96FC-6C67-4C1E-94C3-6D525F5E9EB2
1018,A2476703902,Windshield,1.0,241.37,O207,069FABC0-87EB-4A36-A949-2B08BA9EA233
1019,93840000,Inspection carried out,5.0,60.5,E249,547D84D4-BB6A-4191-887C-1C8C1FB9CCF3
1020,257509TSWPICY1,OZ-WKR-PIR 255/50/19,2.0,932.78,P722,BFEDDC61-E082-428D-AEB9-7AAA16590D2B
1021,320000,Renew the key battery,0.1,11.5,I104,64FBFC67-8297-40B1-9F81-F5F00E50B809
1022,1500060,Ges/guided function,,8.75,E102,DB9F5DC7-CC40-4E3B-9F4B-84E39FC4E86B
1023,17030150,Oil checked and supplemented,,11.23,E405,7FF1DB6B-D500-4393-8564-17BD9D819AE0
1024,14800562,"Service brake |
Work value brake |
Renew brake pads
(Front axle)",18.0,29.34,F214,1FFB22FB-2FCC-42BB-B703-78BFD1F42210
1025,27060100,Battery checked,,29.8,C103,7FD436C5-CE2F-4854-8490-DB9EA3787450
1026,12356,Oil filter |Div.Oil filter,1.0,40.8,E413,79173219-7822-404B-9314-3E5159AC9F1D
1027,1617246180,"Control housewife
2 days lf time",1.0,102.23,I905,0C3927B9-E34E-4E66-8255-DEB6E4D88FBA
1028,51237468350,Front flap Castle actively right,1.0,104.42,U227,085A9FC0-C0A8-487D-8BEF-1A74AD09DE2E
1029,Z4400-01C,Change/store bikes,,83.99,P149,9AD1DB7A-9E6E-48B7-96AD-0721983E7A22
1030,1500060,Functional function,,24.24,E102,730FC9C2-7F32-40D4-AD38-4FB21344D41A
1031,1500060,GfS/guided function.,,67.92,E102,57794684-792E-4A84-BC7F-A2BDA8C6D536
1032,N10528301,Battery for remote control,1.0,3.41,I104,7D5B1B7D-6DFF-45A2-AF5C-0A2EBECF2A86
1033,312141,battery,0.2,18.0,C201,A576CFAB-0EF4-4DB5-A3B3-685DEBA66392
1034,27061900,Complete the battery,,44.4,C201,01BDFFE2-8D01-461D-BBC0-4090C3A4277C
1035,3207650,Oil filter,1.0,13.39,E413,745E4884-4709-4240-B7C9-BABCFE24F8A5
1036,OX12,"OX1266D oil filter
Mash
EAN: 4057635168496",1.0,20.52,E413,4EB11850-3D4D-4F45-8BD3-74FC819E9B29
1037,5010ZTS206557,Mature mic,,157.25,P320,2053D10F-58D8-4A93-A796-357A01109C26
1038,Kühlerfrostschutz,Coolant,0.25,1.63,R106,30C48A8A-387E-4338-BC49-150B40B94887
1039,M100000558,"Frost protection,
Panel cleaning system (1
863)",3.0,12.9,E416,9FCFA0AA-D91D-4301-9744-4C40ED4B4752
1040,14800501,"Car, otherwise. Autoservice |
Labor value
Inspection |Inspection
Service without oil change
Total time (hour): 1.30",78.0,127.14,E220,D6F64942-4A69-4C00-9047-9110137F1303
1041,320000,Renew the key battery,0.1,11.5,I104,4E609C12-1AFC-432C-9C2B-A60073D19FBF
1042,10911017,"Complete assembly car |
Complete assembly 15
Up to 17 inches",1.0,17.0,P165,78C882FD-5DC2-4AFC-AFD4-9E421BFA9AC7
1043,PT00127586-A,battery,1.0,277.24,C201,6C3E1721-5B31-4694-B119-111AA9A8EC45
1044,OC1397,Oil filter,1.0,15.6,E413,07E237F3-D0E4-47B3-B4C5-577848098725
1045,20,Oel ESP 20,0.5,9.14,E412,E4E21A84-B3D4-4F62-A282-FEF810057895
1046,40782000,Fill in adblue,1.0,10.2,A101,99CC2F55-7E38-41E2-9585-D7278927D70F
1047,5WA919275BGRU,Giver,2.0,177.62,I513,4C1B59D4-F0A8-41EB-B5BC-99BE03D44034
1048,M999999905,"Main inspection (without
VAT according to §10 paragraph 1
UStG)",1.0,100.0,E319,3EEAC232-02B7-4E46-8E87-F7D6B293AE59
1049,Z86RW416,RW4 Wheels-Full Service,,100.76,P149,D907BDD5-E9C4-4C25-98C5-F5E30109EA33
1050,27068950,Battery loaded,10.0,11.6,G116,F0BC330F-9E59-4E76-9B8A-DBCCCC1FC8A3
1051,1686610780,Mature Michelin car summer 2,2.0,243.9,P320,9B8BD246-5AE5-46FD-839D-78027EA750BF
1052,801419,Cooling system leaks,0.3,35.4,R210,F1DD33ED-E1BD-4B3B-AD08-9B67A3887298
1053,1-EBC-345,"Tuev acceptance / HU
To para.29 StVO",1.0,99.4,E318,AFFEC62C-4E65-4ED3-AE2A-073C03749592
1054,65E5AA,"Error memory query
SteuergeraetGlobaltest on
VEHICLE",0.3,33.06,E101,2F5CA2D5-F91E-4539-A84A-4C0247D35F8C
1055,ZRÄDERARVAL,"Seasonal cycle change including storage
(1 season)",,95.0,P149,3C64F13A-B41F-49E2-9357-293D303B7C6F
1056,200809,"Diagnosis It. MDI Diagnosteblatt
There is no action for this Vin",1.0,122.5,G109,E325BF21-2698-4A5E-8460-C841E93EE9CE
1057,27068950,Battery loaded,,13.1,G116,25137614-1016-4212-A5AF-F722BC97197F
1058,6430300,Replace the transmitter battery,0.1,11.8,I104,76C04BE3-5D4C-4306-B1B1-FEF12046695D
1059,A2478206900,Wiper blade,,11.7,E422,3177120F-6B3F-47DE-95FB-04A3FC8170CA
1060,G12E100DS,"Cooler frost protection
KM stand 16906;
No component in the leasing contract",0.4,4.99,R106,ADF62E4A-1A53-4037-8CF7-207027363625
1061,51230001,"otherwise. Part motor mechanics
|Frost protection glysantin G40
Pink (barrel)",3.0,2.5,R106,73493B54-A9E4-4072-A8C0-CA4C9C763D67
1062,10911017,"Complete assembly car |
Complete assembly 15
Up to 17 inches",1.0,17.0,P165,C0578A7D-D11E-42ED-B5B8-D7CC14FC58F5
1063,25680910,2 brake discs VO exchange on the vehicle 11,12.0,156.72,F208,50D3948D-A118-4DFF-A1D0-DDA9F132D0C6
1064,501005L115562,Filtering,1.0,17.1,E413,E05B620E-3045-4A49-96AC-9231AEFD9883
1065,1500000,GFS/guided function,,31.0,E102,7DCACC66-E733-4503-9C0F-B568DEF617A2
1066,1-EBC-345,"Tuev acceptance / HU
To para.29 StVO",1.0,150.0,E325,A92DACF7-48CA-4550-BDCA-381965DE302B
1067,27061900,Battery.,,56.0,C201,A9BC3EE8-854B-4399-8D0E-1DB21F418C02
1068,175092,"Fine dust sensor after the
selective catalytic reduction
-renew",0.7,90.3,G315,375A1AA7-4C5D-4B8C-908C-AC6E79514055
1069,2099515,BATTERY,1.0,228.19,C201,E54FE8E5-CDAA-4ABD-B2C4-107034878852
1070,0W30,0W-30 LL III,1.5,28.1,E412,825ED511-2469-4C4A-9743-CEEBB00C61F7
1071,Z440501,Package wheel change without balancing,,91.6,P149,13AEF0B3-D168-4B4B-BAF2-B73063E1CCC9
1072,ZRADW.WIS2,"GRW seasonal wheel change including
Storage and wheel cleaning",,88.15,P149,58881F21-F096-4A78-B2A8-A86A287B2A2B
1073,27060100,Check the battery,2.0,20.4,C103,0CAF647D-FF89-45C6-89B8-3A4DAA2134C4
1074,99999999,Perform resting measurement,30.0,37.8,C103,A15A135C-25D4-4331-BBE4-7A94C9CA560D
1075,6100006,"Vehicle diagnosis test module
carry out",6.0,91.5,G109,9A661625-3606-4382-98B8-5DB105466D2E
1076,27061900,Battery removed,,48.52,C201,EA6E71C9-32C3-4B91-8793-8B48F9D59CE5
1077,,"Motoroel 0W20
Motor Oil Supra 0W20",1.5,26.25,E412,AB158FA0-AF1A-4DB6-AF84-1FA5F3259502
1078,27060150,Battery checked,0.1,8.99,C103,E433C48E-78A4-4A61-9A7C-1CC8698AC9B4
1079,4025510,Exchange of the heated LambdaSonde sensor,0.6,64.38,G315,357EDEE4-F70A-4C2E-BBC0-2977BD3635E8
1080,13.0460-4807.2,"Brake padding,
Disc brake",1.0,109.52,F214,3DCDAC6A-8BD7-4CC5-B61B-BB141CE15346
1081,N10528301,BATTERY,1.0,3.41,I104,71CFDDE5-CCFB-4383-8A2A-7517709F94FD
1082,559459,Set TPMS sensor,4.0,140.15,P180,81071941-D8E7-4F6B-ABBA-B12C0D0A89E6
1083,83125A85518,Disc clarification with frost protection,1.0,18.91,E416,89081E9B-BA1E-4FD4-837C-24EBDFB9DB3B
1084,66209826784,Parking sensor,1.0,115.36,I514,77DA6EE5-5B03-4AA7-8EB4-5E3E4DB7085B
1085,27065550,Battery replaced,,12.0,C201,66AEF633-CE6F-4470-97A1-004D1CAF98D5
1086,27061900,Complete the battery,40.0,56.8,C201,2EA45FD6-19D9-496E-A8B6-C38FCFA50C41
1087,1654509380,SPARK PLUG,1.0,21.82,E427,D55DB732-C764-4BBF-BE7B-280C3ADEA5F5
1088,Z4400-01B,Change/store bikes,,133.61,P149,8494BFC5-9FE8-4337-B5A6-5651E749CF02
1089,SPL1001360320000,Adblue 1 liter,11.0,31.9,A101,07946FB3-3544-4A40-B88C-A7A6FE8E740A
1090,1-EBC-345,"Tuev acceptance / HU
To para.29 StVO",1.0,158.0,E325,D56BC16F-404D-4EE2-AB02-C6C1DEFF5E71
1091,Z4400-01A,Change/store 4 wheelers,,108.4,P149,48FBD26A-4BDA-4F9F-B4A3-304C7C1D2783
1092,P1,40-1453 addition to complete,,121.85,P149,6E2D8250-B071-46F4-9ABB-0D66431587BA
1093,12159,Review according to § 29 StVZO,,151.0,E326,F0B21992-1F1D-41EB-8DB9-C38EDEB6B069
1094,99999999,"Seasonal wheel change
With storage and balancing",1.0,105.0,P149,9D986473-95D9-4B63-842A-73D6490647D9
1095,93840000,Original maintenance work,0.5,58.5,E249,5868DD75-693D-4060-AF24-7498E4622785
1096,W1,"Mount winter bikes with storage for
Max. 8 months.Lo: R-",0.9,109.16,P149,E3E76100-C918-4A9B-AA22-CBA73595EF66
1097,2050069103,"Other
Frost protection/disc cleaner",10.0,5.0,E416,E018E02A-9237-434E-BE78-483294948A6A
1098,14802200,"Service oil change |
0.1l Helix Ultra Prof
AR-L 0W20",5.0,7.5,E412,66F7F692-3192-4E56-8B01-29E891F26E9B
1099,36115B4E070,"225/55R17 101h RDC
Complete bike winter midnig
Fuel efficiency class: C
Wet liability class
Volume in DB",4.0,1396.28,P713,D70854A8-3FEE-4F4F-B3BC-58CCC2468810
1100,MG4MF1Y,"MG4 Maintenance for 24,000 km / 1 year
Perform free carro control
Overall 1) Inspection",1.0,126.9,E211,5641EEE1-3E4A-4513-94B9-A3B39EBD9745
1101,1500000,GfS/guided function.,,23.1,E102,BBFDFB32-1259-4688-B832-052F77678644
1102,32324600,Charging cable,1.0,316.89,W501,E4896C0F-43A4-4B90-989E-EC65E9EB1AF3
1103,212,Template HU-Buehr incl.VAT.,1.0,99.0,E319,9E80E290-2CDB-48BB-B754-4E054D3477F4
1104,290990,Diagnostic unit followed/Herst.,0.3,35.7,G109,08EFADEF-32E3-4C1B-B132-28394DCDA3BA
1105,1680583880,Hi disc+topping,1.0,293.82,F206,BF712C2F-FF8D-40D7-8A5A-D2654E723CC9
1106,1675652280,Motoroel 0W20 (0V0401547-A20),2.0,38.0,E412,DDD5905A-ADF9-486F-9229-A8D6FB3CBA7C
1107,1500000,"GfS/guided function.
-damage",,48.8,E102,BE83D3B3-CF0F-4B78-BF28-4F485E8D5686
1108,66585520,Replace the rear spoiler,,66.0,Q139,988831F2-BCB0-469F-9F54-CF6FA2776379
1109,9002000,Hol-and Bringservice,1.0,28.0,X608,9FBAC87C-7F39-4059-B794-51E29DF03AEB
1110,NL16009,Adblue fill in BMW Rent,2.0,29.0,A101,F2E8DFBB-5718-4CE7-B641-A12998A6CC3A
1111,3207650,Oil filter,1.0,13.39,E413,8956C21B-662B-4392-9514-63839493043E
1112,32324600,Charging cable,1.0,316.89,W501,268B1546-EB56-4EFE-801C-7A30B81E4067
1113,10911017,"Complete assembly car |
Complete assembly 15
Up to 17 inches",3.0,51.0,P165,A687D47C-5AAC-4081-B66D-B27505864EFA
1114,422881,"2 brake discs of the
Remove, install the rear axle,
N.B.renew
(Brake sheet
expanded)",12.0,167.65,F205,055ABFB2-0CC9-45A8-ACEB-A7CD6D413BDA
1115,542401,"Control unit
Renew the coat pipe module
(according to PRUEFUG)",8.0,128.22,I905,9C5CC0DF-0281-41B6-8525-2E6821265715
1116,14800562,"Service brake |
Work value brake |
Both brake discs
renew (rear axle)
[Minutes]",60.0,97.8,F205,A6287086-0E7C-4518-8EDF-CB97CEE24964
1117,99998888600,Assembly,1.0,6.57,P204,D56E05AD-0F97-4CEF-B3CC-290F88EC9D45
1118,A001982820826,Bordnet battery,1.0,321.36,C201,F19C06FA-7CEC-4BB9-8DBD-1DE94064C311
1119,312111,Check the battery,0.2,23.8,C103,73F48603-F268-401E-9381-7EEB3896EA2E
1120,,"Service oil change |
0.1l Helix Ultra ect
C2/C3 0W30",10.0,15.0,E412,DF3A7C4D-56E6-4E82-956D-3A1152789B80
1121,99101,Assemble complete wheels,,25.0,P165,E215B62B-BA49-4872-A7A6-F60AE0F22815
1122,1EBC345,"Tuev acceptance / HU
To para.29 StVO",1.0,154.0,E326,9B006568-CBA3-4226-9E94-856470E0D359
1123,1500060,Functional function,,24.24,E102,55E2C8BF-8914-4977-AB92-7999995EADC4
1124,ZUBS55,LL3 0W-30,0.7,13.65,E440,5E3643AB-44B3-4019-9806-DB64A7D2E5E6
1125,99999999,Coolant system checked,,26.0,R210,47201028-27BF-4D8C-8670-B49208794349
1126,17008,Freedom,1.0,,E418,607F1F38-C847-449F-9B10-DBC114FBEC39
1127,83125B5ED57,"BMW disc clear with
Frost protection",1.0,5.8,E416,2F48B81D-6279-408F-B894-7844A2C51DC0
1128,570301,"Main inspection including
Au with exhaust gas measurement",1.0,156.0,E326,83C6955D-1F2B-4C55-9C3F-D4AC35AF0C22
1129,910315,"Main inspection including
Emissions",1.0,155.4,E326,D3CF1BD8-C37D-460B-8531-5EF879F7106E
1130,SLM,Renew the battery,0.3,27.75,C201,D83A4042-40DC-437E-9777-915E69A337C7
1131,1199000,"Check AHK, no longer drives",4.0,64.6,E102,1DFE1386-A745-4709-9F13-8FFE3B67F756
1132,G052164DS,Dislaves,1.0,6.01,E416,909E85DD-62AE-4596-B046-29C820FFD97A
1133,PS93190461,H7 light bulb,1.0,16.7,L502,FA6BC966-5296-4A9F-928A-C4CA2E64D976
1134,1090035,"Maintenance service after
Manufacturer specification (see
Maintenance plan): Inspection
Service with oil change
carry out",13.0,132.6,E220,5BDDCF6F-40E9-440B-A0BD-F1EE67F5E881
1135,26883552,Fill in adblue,1.0,10.2,A101,9DADF3B0-502A-4871-B611-5877DFF1FF0F
1136,27065550,Replace the battery,,14.8,C201,11128EE3-EA76-40C9-9381-30F9BF180C10
1137,72350L-BATT,Device battery,1.0,6.0,I104,DFEF17D2-1314-463A-96C9-45641C16C78C
1138,Z4400-01B,Change/store bikes,,133.61,P149,2A1EC54A-0437-4D62-9AE2-692D9920E0D1
1139,93840000,Inspection carried out,5.0,60.5,E249,67B7DE31-3F1D-499D-90C2-A709E2EAEAAB
1140,2999999,"Motor control lamp
Read out fault memory
and delete",,44.4,E101,39FBC6DA-937A-46C1-88F5-FF0D6486A5D0
1141,27068950,Battery shop,,109.2,G116,AC6024E4-2F11-41CB-8821-7E49D89D20E9
1142,1340020,"Maintenance service after
Manufacturer specification (see
Maintenance plan): Inspection
Service without oil change,
carry out",10.0,102.0,E220,A64AB99F-A410-4F59-9FD5-8F2BCC759610
1143,93160455,"CLEANER
Inspections: unique controls/work",1.0,3.0,E416,03724125-B584-4537-9355-2A4F4A1A51CC
1144,KIA1,"Carry out the maintenance kia
DANGER:
Every maintenance must be before the day of
The guarantee registered with the manufacturer
Start date and before reaching the
KM limit according to the maintenance interval
(See maintenance checkbook)
Be guided.
A covering can be covered
Loss warranty.",8.0,87.32,E211,8FBC2D01-8B97-43F9-A8EE-1E29DC67EC46
1145,27065550,Replace the battery,37.0,14.18,C201,32C0240B-86FA-4ED4-983B-7BB549ED2D66
1146,93840000,Original maintenance work,0.6,84.46,E249,7E82E6F3-59DD-4B72-BCE4-0D61F61958F1
1147,1678168180,"Set of 4 brake pads
Vo",1.0,114.58,F214,83188D71-5059-4356-BEA1-A5A86698A18E
1148,14800559,"Service shock absorber
|Labor value
Front axle |
Labor value
Front axle",18.0,30.6,T237,6DDB963E-E1A3-41C0-A8CE-BA9927A65CA6
1149,27068950,Battery loaded,,16.9,G116,62811A7C-F2AA-4992-8070-E9247F0A7935
1150,27060100,Battery checked,,27.0,C103,1578088F-826D-496D-B127-52E334949A81
1151,12159,Review according to § 29 StVZO,,151.0,E326,57055BA3-6315-43C4-AE9F-4E1B943D6BF4
1152,32324600,Charging cable,1.0,316.89,W501,40DBB7B3-77BF-4F67-BBF8-050487577973
1153,W215657HBLMA,Ripe bri,2.0,350.28,P404,269A5C91-2A5A-4ACC-87DD-8A043C21F944
1154,23811955,Make the NOx sensor,,64.0,G315,B285F35B-81B6-425F-8DCA-29BA67439C8B
1155,ZATBAS+R,"Tire replacement ATBAS offer 1 tires
including wheel",,28.99,P165,6CA6BE8E-9AC7-477C-B67B-C507289C1714
1156,43920005,"otherwise. Part motor mechanics
|Dressing box",1.0,20.0,X534,4985C6F4-EB6A-4336-BCC9-5F96D70C742C
1157,6032/BLISTER/1#VVARTA,VARTA ELECTRONICS CR2032,3.0,10.06,I104,44269C8A-2930-495F-B37D-E071DE6446AC
1158,4041510,Replace the battery,0.3,37.38,C201,92DB54DC-1501-4A55-AA24-E8CCDA02B15A
1159,14800501,"Car, otherwise. Autoservice |
Labor value
INSPECTION",1.0,68.46,E249,077EDB8E-4C79-4975-BAB0-9241EF5A203E
1160,99999999,Replace 1 tires,1.0,13.0,P165,1AC0C62F-A44D-4C13-BAFC-A678CA418E49
1161,1152,"Assembly package with
Disposal of cars (assembly",1.0,17.0,P165,807C3FC0-6CB2-48D0-BC0F-4E820331F3B3
1162,290990,Diagnostic unit followed/Herst.,0.3,35.7,G109,AC3108FA-0DF7-45C2-8077-7B2C9BD4C8A3
1163,N10528301,"BATTERY
For keys",1.0,3.41,I104,0FCB2167-0EED-42E7-A0CB-ED25B85B8DAD
1164,1500060,GfS/guided function.,,60.65,E102,A0CF6AB2-5324-470F-B42B-43E7F9BDB5C5
1165,1362668,Replace the diesel particle sensor,8.0,144.16,G315,4B44D844-2C92-41CD-BCE5-3D08358407A9
1166,1030035,"Maintenance service after
Manufacturer specification (see
Maintenance plan): Inspection
Service with oil change
carry out",13.0,132.6,E220,3B1047D6-2854-4860-93B2-EC829DDF1013
1167,911TVAU,"Main inspection/exhaust gas examination
Tax -free there",,160.0,E326,A3713369-8A93-4AAB-8618-AC814706529C
1168,Z012,Comfort change of wheel stored,,75.63,P149,F7026792-901C-49A4-BB2F-6DF54BD6A52A
1169,27061900,Battery removed,,36.0,C201,B2E97D8C-22C6-42D5-8FEC-44EC5FFDFA61
1170,,0W-30 LL Ill,1.0,18.73,E412,C504B13B-1C25-4F72-B2AA-941094E177CE
1171,66126912,Button cell 3.2 V-CR2032,2.0,6.66,I104,DB3818B9-99A8-453A-A82B-344D1F5801E4
1172,1-7MF13Z,Adblue 1 liter,12.0,34.8,A101,E47FEF87-82D4-48E3-BFC7-7133F41C5D0B
1173,,"Service oil change |
0.1 l Markenoel after
Manufacturer specification
0W30 |Aral Supertronic
Longlife III 0W-30 1L /
Aral / 581.30.30 /
4008177182617",10.0,19.0,E412,C781B471-461B-4D7A-B0D5-882A36C762A7
1174,,Motoroel with Longlife,2.0,31.6,E412,71E73267-E933-47C5-A1E7-1E04AEBC56C6
1175,2420671,Replace bodies at the front,1.0,120.0,F208,BF712C2F-FF8D-40D7-8A5A-D2654E723CC9
1176,915089BC,BATTERY,1.0,258.96,C201,520681C3-E7F0-4B45-B9B9-C1B3C3EE121D
1177,272033,Nan,144.0,1875.9,B300,31A1D796-600F-42BA-8E23-A820049192DE
1178,667,Additional work Adblue fill in,2.0,32.2,A101,8CD71FA5-7DC5-496B-952C-4C86AB209BE8
1179,Z99000181,"1 tire assembled and balanced including
Cave assembly from 18 """,,25.21,P165,BD6231D8-C6C5-4F06-B11B-2E8572B45AFD
1180,15027060100,Battery checked,,29.8,C103,115B2845-B35D-4E3F-933D-532A1F0579E7
1181,95599870,Kuehlfluessigk,0.3,3.32,R106,F9ED38A8-6204-4F7B-946C-53A7E3A35329
1182,26407279,Oil filter,1.0,10.04,E413,8EA25D51-E1A9-4F89-ACFC-D43C0E80114B
1183,61216805461,Original BMW AGM battery,1.0,286.22,C201,60F12953-6E85-4099-B910-DC9B101DBF4D
1184,924000,Fixed price,,60.0,P149,54855A7F-40DB-4354-8DC6-8F862BB81FA2
1185,M999999909,Display cleaner (1893),3.0,17.1,E418,439434BE-1CF5-4971-9047-C44933522EFB
1186,SLM,Maintenance according to the manufacturer.,1.0,125.0,E211,3D9BF45D-774B-4F80-A459-695D4EBEFD81
1187,,Motor oil (3224),6.5,113.75,E441,C2E2BF64-AD0F-4661-B194-DDFAC0AA1A93
1188,27068950,Battery shop,,13.85,G116,9F295F79-0918-47E7-B427-4B66B2C4CEEB
1189,27065550,Battery replaced,,12.0,C201,B2E97D8C-22C6-42D5-8FEC-44EC5FFDFA61
1190,1119077,Dekra fees HU / AU,1.0,159.0,E326,84239286-0E41-4874-9E29-86BBF6746D64
1191,93840000,Original maintenance work,0.5,61.0,E249,AC078838-2DE3-4E5F-9E9B-CDD52493D3C2
1192,83122413061,Disc clarification with frost protection,1.0,1.31,E416,908F500C-9946-4663-B720-278B1212690C
1193,14800501,"Car, otherwise. Autoservice |
Labor value
Inspection |
Labor value
INSPECTION",84.0,142.8,E220,20A245BE-240E-4EDD-956B-0BAA078760FD
1194,93840000,Inspection carried out,5.0,61.0,E249,1FF8D6FE-BA1A-4D77-9F74-ABEF837621CE
1195,10821900,Construction of the soundproofing tub,,31.6,M113,5331CC26-F6F9-45CE-89BE-20D7CB8B2C46
1196,1-EBC-345,"Tuev acceptance / HU
To para.29 StVO",1.0,176.96,E325,591EC10C-3595-4DBE-BBD3-E5A071A01004
1197,312114,Battery A+E,0.3,41.4,C201,E83150BC-04E5-43DA-9313-6220E12B3392
1198,920010,"Tire package Standard incl.
Raeder change + storage",,70.0,P149,EE28DF0B-B02E-4F48-9E7A-A497B69D3B53
1199,27068950,Battery loaded,,12.77,G116,55E2C8BF-8914-4977-AB92-7999995EADC4
1200,115,VW LL 0W20,1.0,22.5,E412,A2924D96-DB03-4003-A8EA-F855E5AA3288
1201,13.0460-5520.2,"Brake blocks |
Brake pad
13,0460-5520.2",1.0,99.11,F214,55B123E9-8961-4C07-8D85-4AEF8BB49D30
1202,541138,"Renew the on -board system battery (on -board power battery
depth), (after a short test),
Unlocked shooters in three high -volume
Batteries and with arrangement MB tipfall, (
Fall no.: 86057782).",10.0,114.1,C201,F19C06FA-7CEC-4BB9-8DBD-1DE94064C311
1203,83122413061,Disc clarification with frost protection,1.0,3.53,E416,698EFD72-E198-494E-B9D0-BD06FAF9515B
1204,14800562,"Service brake |
Work value brake |
Renew brake pads
(Front axle)",48.0,78.24,F214,8653B39D-8DE3-498E-9745-A7FABE9B6EBE
1205,WH40A1,"Fog lights both
Set pages",3.0,30.6,L118,78E166EB-C91B-4B08-A289-63A28C29A1B3
1206,9900000832,Brake fluid flat rate,1.0,13.0,E402,D4319747-D4AB-4196-9B8C-BD5AB5E73286
1207,83125A1A166,"Disclar with
Frost protection 1000ml",1.0,4.59,E416,E2C955A7-AF47-4C1D-9761-D77FBBF62A7B
1208,559459,Set TPMS sensor,4.0,140.15,P180,1EA3D254-4198-4A20-ABE6-A7068099C595
1209,TüV,TÜV follow-up control,,6.5,E310,5C818689-7B97-4115-80A5-D3888011CA7F
1210,4038526068286,"Winter H |
205/60R16*H UG
Performance 3 96H XL",4.0,405.72,P411,73B1F264-4BFA-4988-83D2-5B1CFDFE3FE6
1211,321131,Headlight once,1.0,10.9,L118,CBAB0E3C-A328-4CC0-A473-3306F2BED048
1212,2391870,Set brake covering,1.0,119.63,F214,A59FBB6F-033E-4E09-8437-EAC59D15726A
1213,83125A85517,Disc clarification with frost protection,1.0,5.14,E416,D9888E00-2788-464E-BC87-A229B7010979
1214,66585520,Replace the rear spoiler,,66.0,Q139,182F7D1C-7646-416C-898C-2998DF19FA5C
1215,99110,"Complete wheel package
Cave assembly including storage",9.0,92.35,P149,538B7E40-7D60-4452-9097-7544FDF071CE
1216,50800,"Shell0w20
Driver: Mr. Joseph Antony",1.0,18.73,E412,7FF1DB6B-D500-4393-8564-17BD9D819AE0
1217,1672028380,Motoroel Dexos1Gen3 (D30/G30),0.7,11.13,E412,74A1D67A-4CEC-48EF-B6EF-5F7BA03B9CBD
1218,93840000,Original maintenance work,0.5,54.0,E249,3F211988-9837-4D6A-BAC0-9871F1371747
1219,27061900,Battery removed 40ze,40.0,64.68,C201,78ED5347-078C-4932-A10A-E0B51AFD60BA
1220,1EBC345,"Tuev acceptance / HU
To para.29 StVO",1.0,153.0,E325,241C765E-7971-4FB7-8A23-146007ECD0B6
1221,Z9999-0020,Emergency OL 0W20,,30.24,E412,0BA8C241-A0E7-4D36-AF78-C3194841E447
1222,P001,"Change of wheels includingStorage
WITHOUT
WASH",,81.93,P149,4547D09F-D997-40DA-B43F-0103F01D4767
1223,1500000,GFS/Leading function.,,23.83,E102,22D8FDF2-AAB5-48E7-9253-55B0927FC985
1224,312114,(Midtronics Exp-1050),0.5,57.0,C201,F96EC70B-B5C3-48A5-9164-CCC7D6BD8515
1225,584520,"5.J.O.100,000km Insp.inkl.Fam/DSN",,120.89,E211,94269AE0-FE03-46D1-8D8E-B0A9A5093E48
1226,83125A1A167,Disc clarification with frost protection,1.0,9.9,E416,16B5C385-C1FB-411C-8704-0A3DB553A5B1
1227,A001982820826,Bordnet battery,1.0,321.36,C201,CE827621-8E33-496A-B3E6-DE9ED7E0A004
1228,72350L-BATT,Device battery,1.0,6.53,I104,9FCFA0AA-D91D-4301-9744-4C40ED4B4752
1229,3528707769886,"Summer W |
225/45R17*W primacy 4
S1 91W",1.0,101.79,P320,F81C4CDB-05E1-4CEF-9D13-519FFB591673
1230,Q44001141049A,Nan,2.0,413.44,P311,56134406-C820-4FA3-B230-B130E72A7093
1231,4M8096323B,Winter disc cleaning,1.0,9.07,E416,2A1EC54A-0437-4D62-9AE2-692D9920E0D1
1232,1500000,GfS/guided function.,,138.5,E102,CEC19832-44FE-4CF6-BFC3-6393F3B41845
1233,72350LBATT,Device battery,1.0,6.53,I104,0A442F9F-364C-41B6-BFE3-75B703A85A98
1234,803001,Disc clear,1.0,3.95,E418,3E4AE272-9E93-492D-BF93-C3798900806F
1235,,"Shell Helix Ula Prof Av-Low-20 (20l) 0.1L
Other-990400645",4.0,82.0,E441,AFB6E98E-9A32-4F86-A4B7-E138B7ADDF09
1236,N10528301,BATTERY,1.0,3.41,I104,61230583-233B-4D24-898C-C558069B78F8
1237,HU8016,Oil filter,1.0,38.13,E413,F9AE3BC7-79EF-412D-B389-DE0D3BE79036
1238,huau,"# Main and exhaust gas examination
A notice:
Release: 700782",,164.31,E326,FEF819C3-E7C8-4A82-94E5-4660C87101CF
1239,99999999,"Check and clean the water drain box
We found in our work:
SWELLER left: scratches
Bush catchers in front: scratches
Board catcher in front: delle
Bush catchers in front: scratches
Sights on the right: Damage
Outside mirrors on the right: scratches",,149.0,E257,85149D1D-89C8-4B49-88FB-3C620CA4A5DD
1240,GS55545C2EUR,Ll i,,21.5,E412,7946E27B-21C5-4009-B638-DF12D7CC2E92
1241,HD,Main inspection (2 years),1.0,153.0,E326,9D569418-C2A0-408C-A10B-D451871ADAC2
1242,AZ36002,"Summer bikes against stored
Swap winter bikes and again",6.0,153.78,P149,E2359726-87E0-4D50-9491-1A49032EC27D
1243,92286103,Brake disc per VA,2.0,259.12,F208,2D4C4B54-46D2-48B2-975B-27D97D82BAEB
1244,27065550,Battery replaced,10.0,17.66,C201,45016C25-C316-4C63-AB0D-7309801312D8
1245,915089AA,BATTERY,1.0,168.91,C201,E2384944-08DA-448E-83D2-10B3CDCC783E
1246,R4MO,Mounting and balancing four tires,,96.85,P165,9BA3DEBB-FE0B-43D8-94E9-EBE4C8410F64
1247,19205001,"Complete assembly car |
CPL.Montage 15 to 17
Customs active.rdks",2.0,44.0,P165,9ED61D21-5B5F-435A-ADA1-FA5F61FA42A7
1248,1-EBC-345,"Tuev-
Follow -up",1.0,16.8,E309,1B7BB56C-2B12-4841-ACEA-90C596BF2D5B
1249,2900000,Reset parameter values,0.1,9.5,E102,F0D6F842-A282-4C7E-9365-24FD6671E651
1250,G052164DS,CLEANER,1.0,4.62,E416,D9525A47-22D6-4B7A-B032-D38449C889CF
1251,910315,"Main inspection including
Emissions",1.0,155.4,E326,1AEBDFC4-CF14-47C5-8966-732ED63460BA
1252,HU7020Z,"Oil filter |Oil filter
7020 Z",1.0,14.36,E413,C40E2D13-201D-4F0C-A031-36F1C8CA0F94
1253,46502050,"Brake disc front axle
Renew both sides",0.4,41.6,F208,C216B247-13D9-4D62-B2ED-53AE1C93EFCD
1254,1300002,"Functional test of the digital
Motor electronics (DME)",14.0,252.28,G109,BA496157-9031-4896-B5D6-FECAE80A4A57
1255,27060100,Check the battery,,27.7,C103,CEC19832-44FE-4CF6-BFC3-6393F3B41845
1256,2080258,Glue lamp H7,1.0,16.36,L502,0C17086F-B1E1-4326-972D-FE9377445A18
1257,TUV(LO),"TÜV incl. Au (Lollar)
Main inspection according to §29",1.0,164.4,E326,079A5215-B56D-4DC8-BE4E-BAE48A7065D6
1258,14800562,"Service brake |
Work value brake |
Both brake discs
renew (front axle)
[Minutes]",54.0,91.8,F208,70F6D3D5-2BF3-4385-B0ED-6FE3AA240E50
1259,27068950,Battery loaded,,10.36,G116,22D8FDF2-AAB5-48E7-9253-55B0927FC985
1260,1673747980,(With) disc washingness,0.5,5.21,E416,48A6B8DC-3777-4DF5-B5B8-B77738BDD813
1261,1638015580,"Motoroel 0W20 B71 OP
2010 1L
+++ Customer addressing: oil lamp flashes
Motor start +++
-If the engine is switched off and restarted is
out of
+++ Oil level on minimum+",1.0,15.5,E412,29855505-17A3-4368-8B3E-545A53875B56
1262,290994,Read/delete error codes,0.1,10.5,E101,15F75504-539F-4F3F-8760-AD374CF16880
1263,WHT001812,SCREW,20.0,78.85,P130,54526694-AC1E-4F4A-B19D-0A6FCF765DCD
1264,290994,Read out error codes,0.1,9.5,E101,5F6B2BDB-AB05-4412-B44A-ABC245F1B60C
1265,14800484,"Service brake | 0.1
LITER
BRAKE FLUID",10.0,12.3,E402,D0F58DAD-75AA-4E93-8E11-1A067F4A0485
1266,27061900,Battery removed,,40.5,C201,2AC94595-668D-4E21-941D-2AF06E20371E
1267,27068950,Battery shop,,14.7,G116,E0201707-B33B-43C3-930F-F623D44C3B9E
1268,1158,"Package tire repair
Car/SUV (tire REP",1.0,24.7,P168,CAAA3C15-C052-4418-8E2B-274734F78E21
1269,S01L,VW50400/50700,1.0,18.73,E412,4E4218F1-CD8D-4761-B075-204F3F83A8C7
1270,915089AA,BATTERY,1.0,168.91,C201,8A0FEC09-49C5-49F6-844E-CECEFB752C28
1271,1500000,"GFS/guided function
Error memory read out
Exhaust gas flap checked
Exhaust gas control flap learned again",,147.4,E102,1E23A51B-75CD-4121-AC73-CE5788CD3317
1272,11001A,Renew the engine oil filter,0.7,72.8,E413,07E237F3-D0E4-47B3-B4C5-577848098725
1273,290990,Diagnostic unit followed/Hers0.30,,37.27,G109,315B7666-5638-4464-B960-33A6C76B7744
1274,2222,Comfortable wheel change package,,93.28,P149,56F6F9B3-DFE6-426A-9B4F-C490A1833FFB
1275,160,"Cost rental vehicle (foreign)
Replacement FZG BMW
The BMW was on June 13th.With us in the house",,33.61,X626,2E2375B7-37CF-44B5-945F-0E87087823D8
1276,208419,Diagnosis,2.0,248.0,E102,6C528030-CAD7-46FE-8462-D3204B012DA6
1277,312141,Battery A+E,0.3,35.7,C201,9757D8F9-A1DC-4CB3-996E-A5780ED83D44
1278,333391,Fine dust sensor (PM) A+E,,33.3,G315,39FBC6DA-937A-46C1-88F5-FF0D6486A5D0
1279,1678091,Battery AGM 70AH720A,1.0,285.71,C201,0DB3D5FC-4917-4844-9795-DA9EFB152A23
1280,ZRAD_EKD_001,Package wheels including storage,1.0,83.19,P149,F8812E47-6652-4F7B-9C4C-AA10DD864840
1281,,Oel0W20,0.5,10.5,E412,FB1D6F98-9E62-4B16-BE72-A68D0C3EA3ED
1282,,Motor oil 1 liter,1.0,13.88,E412,474C78E5-EC2C-412B-9A9F-A9489E0F7C73
1283,915089AC,BATTERY,1.0,215.8,C201,E0201707-B33B-43C3-930F-F623D44C3B9E
1284,9816245480,Russ sensor,1.0,353.32,G315,EC70F379-3268-44EF-B437-1B7700E6F078
1285,66209826784,Parking sensor,1.0,115.36,I514,11D68AD4-B56E-470B-9EF1-D6DD16BD115E
1286,FR10000,Fee for HU and AU,1.0,146.0,E326,A12F4FFD-9378-4DBD-AC80-8536E0E2D29A
1287,1EBC345,"Tuev acceptance / HU
To para.29 StVO",1.0,161.0,E325,9C1D6BE6-1E55-4FCD-BF17-2E807D00F0CE
1288,FC,Read out error code with tester,0.3,32.7,E102,D55DB732-C764-4BBF-BE7B-280C3ADEA5F5
1289,1EBC71,"Error memory
Read out /loeschen
(as part of the inspection
for free)",1.0,34.0,E101,57DF9872-0CF3-438B-ABD9-9B5B31AB123B
1290,99999999,Correct the engine oil level,,12.32,E405,44F839E7-A874-47FB-A9CF-F99B63840E8C
1291,66126912985,Button,2.0,5.99,I104,8D75C410-9285-4919-99DE-A5AE5E641454
1292,AW,TUEV-acceptance,1.0,146.0,E326,75764250-DED0-439F-898B-6E335BC7DC45
1293,TUEV,"Main inspection after-29 StVZO
including free HU-front check",1.0,153.0,E326,665B30B9-02BA-465C-B8B4-48F64D1E0A9B
1294,9900000832,Brake fluid flat rate,1.0,13.0,E402,0BD1232B-CBF8-4BE2-B7C3-8018EF863893
1295,5020N105,283 01,,3.41,I104,FF01079C-20C5-4F1F-B478-A614482FCEA8
1296,27068950,Battery shop,,41.1,G116,277F7256-8BCD-4C6D-9380-6C1F2F2762EB
1297,6003099,"Bele., Oil, cooling and cooling
Disc fr.Tested
And added",,12.71,E102,C0BE5E94-B784-4CE4-9087-A4041E2020B9
1298,Z-RAD02,"Seasonal wheel change including
Storage",,79.83,P149,EBAC2309-E01F-4DFD-96B5-230C558A7985
1299,1-EBC-345,"Tuev acceptance / HU
To para.29 StVO",1.0,158.0,E325,4B165C29-9D26-4C5E-8BEA-0BEBA501AD55
1300,14800562,"Service brake |
Work value brake |
Renew brake pads
(Front axle) [minutes]",42.0,71.4,F214,58520FB5-D48D-4EAC-8349-E49029B42186
1301,31200556,Sealant,1.0,42.57,E421,93BE4327-1215-41A1-AA55-761226FD4923
1302,93840000,Original maintenance work,0.5,66.67,E249,7C8397C9-8DD9-4B61-9BF8-2073441723B4
1303,16050600,Anti -frost concentrate,1.0,4.5,E416,A695654A-E87F-44F6-A5BB-4BF5136675C4
1304,M999999907,Motor oil (3224),0.5,8.75,E412,CE136EF6-AF6C-45BD-8BCA-CCBE87AFF4F2
1305,SLM,1. Maintenance according to the manufacturer,1.0,125.0,E211,D24EDAEF-E5B4-4405-9D04-2BF556F64138
1306,1500000,GFS / guided troubleshooting 71195,,40.5,E102,9B4BA63C-8CBE-4E78-8109-27BAAA51C843
1307,ZP538F,"otherwise. Parts, car |RC kit
5x108 CI/PE fix |
Wheel fastening rate
Winter wheels",1.0,39.6,P130,1CC62D0F-2379-4BE7-BD5C-8831440D3ED8
1308,W7063,Oil filter,1.0,15.2,E413,F0AC6DDA-FD82-46F5-824B-CD52B225F97B
1309,312141,"Battery out and install
RENEW",,57.0,C201,8E3C1F71-7DA6-4E6E-8081-D3046234DF5A
1310,OC 614,"Oil filter |Oil filter
614",1.0,19.81,E413,7CCD0EFE-CC54-4820-9D19-7640C5B6F8AE
1311,83135A82511,"Brake fluid dot4, Niederviskos
EU 1000ml",1.0,13.03,E402,EEF2A9AE-CD90-4144-8DE4-5AF77D9A4A61
1312,1500060,Led/guided function.,,35.1,E102,2E480235-F09A-4A64-946C-2695D243E031
1313,N10437301,BATTERY,1.0,3.3,I104,25D2B2C4-8EB7-49FF-9AC4-507FBBC72EFF
1314,90541381,Hand transmitter battery,1.0,6.05,I104,8C2C9729-0BB0-44BC-8E4F-27DDE3EC7E32
1315,ZPRE181,"1 tire replaces from 18 inches (contains 1
Bike assembled, kept & out and out
Installed plus material)",1.0,30.0,P165,536DE877-0CB8-4424-86A3-5C7586C8C6F1
1316,1500000,"GFS/guided function
Error memory read out
Exhaust gas flap checked
Exhaust gas control flap learned again",,147.4,E102,770C810F-52E6-483B-9B49-414E13379DB6
1317,1500000,GFS / guided troubleshooting 71195,,40.5,E102,D5719FAC-D072-4F66-B75D-9DF80D598E44
1318,99999999,Motor oil level checked/corrected,,6.25,E405,46E91EA4-620D-4E4C-872B-63FC4AAC097C
1319,312144,Renew the battery,,17.0,C201,B775BD08-3EFB-4F5B-B1E8-3FF157856DC4
1320,2561840000,Partial set filter insert,,21.28,E413,F8B3E14B-F3A4-442B-912A-3B9035D91002
1321,44449903,Change/store wheels incl.VERSE.,,71.43,P149,151DE42C-4F11-4F56-8116-A7450196DE9A
1322,520C0910,Lamp low beam exchange,0.2,19.6,L502,9D71DEF3-E2C7-498D-915C-F69FB46EB08A
1323,13.0460-5510.2,"Brake padding,
Disc brake",1.0,82.01,F214,5AA06D95-1860-4A0B-8FEC-5C22801C7FBF
1324,3001,Multi -kilometer 245 km,,39.2,X612,1E52902B-BB3F-43AA-BBEE-04E820686CAA
1325,9811722280,Battery 12 V,1.0,213.55,C201,41B31C3B-70A7-4A65-B5A5-434A03D19A0C
1326,112,"Storage per wheel and
season",4.0,36.0,P149,963DDDA6-B755-48D2-B4D4-2D6A3568C79D
1327,27061900,Battery removed,0.4,35.96,C201,E433C48E-78A4-4A61-9A7C-1CC8698AC9B4
1328,99999999,Oil level tested and supplemented.,,30.6,E405,DBEE1040-A58B-468B-A303-F98A5738AE87
1329,-38991412,"Inspection service with
Oil change (from model year 2021)",1.5,157.5,E220,93E0C158-690D-4AE4-907B-DA479371630B
1330,1675652380,Kuehler frost protection,1.25,6.97,R106,7EC8E90A-8EA6-48A9-8B67-86DBAD62BDD7
1331,5WA919275905,Giver,2.0,186.75,I513,4C1B59D4-F0A8-41EB-B5BC-99BE03D44034
1332,915089AC,BATTERY,1.0,215.8,C201,62811A7C-F2AA-4992-8070-E9247F0A7935
1333,99999999,"Tires from rim and
Put on",1.0,50.42,P165,6E2824AA-3176-4677-A051-99F6FFEDDCA4
1334,64150,Light lamp,1.0,6.29,L502,9388E254-3BB0-48F6-AF1D-AF8FD1A3C9BB
1335,508001,"Shell0w20 can
VW 508.00/509.00",1.0,27.65,E412,91D8A207-1399-44ED-B055-28D3841FF0AD
1336,A000986200016,Disease detergent,1.0,3.35,E418,3F2ACEFF-9793-499B-A67C-97170BCBDF50
1337,312141,Battery out and install,0.3,36.6,C201,E2CF2974-5730-4546-A6BE-A9A5146A9928
1338,N10528301,BATTERY,1.0,3.41,I104,55E2C8BF-8914-4977-AB92-7999995EADC4
1339,2020380,Replace the windshield,1.5,156.0,O207,8590F060-A20A-45C6-B86C-4779C7CCC113
1340,1500000,Check/diagnosis,100.0,147.9,E102,ADE8DDE2-DD59-4C73-AB4B-E580C1F8C57B
1341,5LG955425,Wiper blade,1.0,20.29,E422,99CDADF0-E827-4E83-A469-8785BDCA369B
1342,1500060,GfS/guided function.,,20.24,E102,69D0768B-7073-40C8-88ED-D29AF367CA49
1343,14802153,"Service oil change |
0.1l Helix HX8 ect C3
5W30",40.0,76.0,E441,7CCD0EFE-CC54-4820-9D19-7640C5B6F8AE
1344,2257375,KIT insert /poetry oelfil,1.0,16.61,E413,ECC6FA01-DCA3-45E5-8C5F-FC77015D5533
1345,14802148,"Service oil change |
0.1l Helix Ultra ect
C2/C3 0W30",10.0,15.0,E412,A5FF99D9-0983-4612-A0EA-62B02AD40D43
1346,M999999907,Motor oil (3224),6.5,113.75,E441,F0AC6DDA-FD82-46F5-824B-CD52B225F97B
1347,105NA073628Z49,Complete wheel,2.0,1038.08,P706,3FAC14C7-AB3A-403E-AFCF-6187C21911CE
1348,14800480,"Car, various services
0.1 l
Display frost protection",5.0,2.1,E416,B171737B-2AA7-4291-8FD4-E1AEEE93DC24
1349,44059899,Wheels caught,,125.97,P149,5523079B-EE8E-4EED-997A-AD35B76BE691
1350,19206502,"Car, main inspection |
HU/AU external performance
Prüz., 3.1.1.1 A. VIII
StVZO (BW)",1.0,154.0,E326,8B34FB1F-2849-415A-AC04-54F88720AFCA
1351,5FJ061500B041,Foot mat,1.0,72.69,Q213,93C18CDD-8B6C-49A3-BA58-9C4C3B809046
1352,AW,"Error memory read out: driver complaint
Critical loading error 12 V battery",0.65,68.25,E246,2DE6D3CB-8C0B-4892-AD02-788B1AFAAE20
1353,340023,TÜV fees HU + AU,1.0,169.24,E326,255C4203-9AF9-4343-A1F9-FF0076AE4317
1354,27060100,Check the battery,,21.8,C103,01028701-944C-4F69-A94F-0BC94DB51CBD
1355,72350L-BATT,Device battery,1.0,6.0,I104,6F09FF08-77C3-46B8-A036-A61FFF5FCE57
1356,1675652380,Kuehler frost protection,0.25,2.09,R106,DA9099B7-54D9-472D-97F3-A40CC5B51AFD
1357,KDE,"Customer service electrical
Incl.Corrosion protection control
Fill up the disc clear: no",0.8,79.2,E211,7FC4E3B3-6747-486E-94AD-3E1AC20B584C
1358,1EBC345,"Tuev acceptance / HU
To para.29 StVO",1.0,153.0,E325,9F1C008B-F25D-44A9-A666-610DD30F65C4
1359,,Castrol GTX5W30 RN720,6.0,107.58,E441,85136445-7FC6-490F-8349-5D8898CFF85B
1360,14800562,"Service brake |
Work value brake |
Both brake discs
renew (front axle)
[Minutes]",48.0,81.6,F208,3B7A532B-9910-41F1-979F-713D6FC9AA09
1361,ZTS235458WGA30,Tire goo,1.0,154.62,P411,6C360626-2D03-48FE-A2BB-B0C821F463D8
1362,6121528,"Support on -board network voltage
Rout the lane -up battery",1.0,15.25,G116,9A661625-3606-4382-98B8-5DB105466D2E
1363,236359V5FNPZ3,Cupra Leon Copper,4.0,1683.53,P722,65747903-68D0-44C4-9913-D6CA8FAF307F
1364,14802174,"Service oil change |
0.1l Shell Helix Ultra
Prof.AV-L 0W20",55.0,82.5,E441,C40E2D13-201D-4F0C-A031-36F1C8CA0F94
1365,14800480,"Car, various services
0.1 l
Display frost protection",20.0,8.4,E416,9E5F18B7-C394-4F96-A81A-D32CA7983CD2
1366,911111,"DEKRA fees through
Post-free",,99.0,E319,39FBC6DA-937A-46C1-88F5-FF0D6486A5D0
1367,FC1,"Read out error code
Simple system",0.5,45.37,E101,74A2C495-2F67-4D9D-AD10-A0CEFCA988C4
1368,99123,"Hol-and Bringservice
User request costs if necessary.
continue to",,85.0,X608,D9888E00-2788-464E-BC87-A229B7010979
1369,27061950,Complete the battery,,29.6,C201,9E42409C-96F5-4525-887A-20069FF9F256
1370,93190467,LAMP,1.0,2.76,L102,13C1C487-05D1-43A1-9A6E-7AD68CF2597C
1371,FTADBLUE,"Diesel Exhaust Fluid
Adblue 1l",5.5,8.64,A101,56A8B855-22FE-4E1B-858D-D082C5BE1E4E
1372,SLM,1. Inspection,,74.9,E247,2388F78A-74B4-44A4-937E-7C46BA53594E
1373,AZ00016,Refill Adblue,2.0,32.77,A101,CCF1CD31-3BBA-4D6B-BC77-A8363CBE2450
1374,14800567,"Car, otherwise. Autoservice |
Work value maintenance",84.0,136.92,E220,F2DF2539-0F16-46DB-8619-A9E1997EE150
1375,ZTW215657HBLMA,Ripe bri,2.0,350.28,P404,EDD9E356-BD52-466F-BA59-CC83AFECC3E9
1376,801419,Cooling system leaks,0.3,35.4,R210,B58ACF58-F0EB-4342-9BD4-34BAF5B07155
1377,93840000,Inspection carried out,5.0,60.5,E249,561EF064-81EC-43AB-A654-29C72CECBCB1
1378,D_GESETZL.HU,"Throughout the legal
Main inspection through
Prueforger",1.0,117.5,E319,8E8BAF8C-C29E-4F67-BC34-3E8B04A3FE54
1379,1673747980,(With) disc washingness,1.0,10.42,E418,5576D3F8-0C12-4762-ABA8-A4B4E0D19C20
1380,93840000,Original maintenance work,0.5,69.65,E249,0710C5F7-7F2F-4771-BADC-AD4D2F104D21
1381,321471,Renew headlight light lamp (1),0.1,9.0,L502,0C17086F-B1E1-4326-972D-FE9377445A18
1382,10901010,"Truck tire repair |
Repair nail hole
TRUCK",1.0,62.0,P168,0CC40E20-8CCF-4439-BFBF-80A8D83615B1
1383,100478,"TÜV fees HU Au
The further load on the exam fees",1.0,148.0,E326,73B43784-B52C-482D-B34A-C5B03B5FB24F
1384,G052164M2AAA,Disclar concentrate,1.0,7.14,E416,EFBE1971-C6B2-45BF-80E9-A38FB42DF854
1385,986424364,"Brake blocks |
Brake pad, disc
23130",1.0,60.0,F214,434E9BB4-56CE-41BF-9D72-985D3CA02842
1386,KRW1,"Complete wheel change
including seasonal storage up to 17 inches",,83.19,P149,CA38F433-D198-4A49-9E7A-290E59C18259
1387,26010199,Check the exhaust system for condensate,,30.21,E102,9D8E68A0-DE9C-424C-A995-509884D55B89
1388,6032,"Device battery battery
CR2032 3V 1 Series
Button cell d = 20.0 h =
3.2",2.0,6.7,I104,7ED5D8B7-A2F7-479A-A47A-1F6774517DE7
1389,52020410,Headlights set,0.3,37.5,L118,2E4BD294-4873-4C0A-B524-239BA644609F
1390,D_GESETZL.HUD.PRÜFORG,"Throughout the legal
Main inspection through
Prueforger",1.0,117.5,E326,0F6CFED9-6EB4-49C6-83C3-03961A0704A9
1391,2463,"Battery remote control
renew",0.1,10.4,I104,83967B08-1CE5-41C1-847E-F38C10564EB3
1392,SBAT,"2x vehicle key battery 015
Replaced",,15.5,I104,E6243B51-24A3-4787-A0A3-E3D6DB799F57
1393,236359V5FNPZ3,Cupra Leon Copper,4.0,1683.53,P722,BE1EFE73-9357-4A48-9BE6-5E84F7CC4807
1394,S100002950,Adblue refill wages,1.0,15.2,A101,60736562-DB56-4996-B800-F0BABC3CB08C
1395,17,Display frost protection,1.0,3.4,E416,5B6F47D7-6746-4011-8A7C-A566CA275391
1396,1-EBC-345,"Tuev-
Follow -up",1.0,16.8,E310,321647AF-1DCA-4ED5-8586-D3625CE5BE84
1397,119524,"Wiper leaves |Wiping blade
119524",1.0,11.17,E422,C7D24A4C-752A-4674-8424-74F414C5B9B8
1398,2744487,Sealant-fluid,1.0,27.56,E421,81120971-5EF1-493A-BE34-D3A3930D4E88
1399,100000558,"Frost protection,
Panel cleaning system (1
863)",3.0,12.9,E416,A71DDF91-8AEF-4051-AFFC-1ECD34BB83EB
1400,999WR0204123106,"WKR ALU 7x17 ET47 5x114.3 Hy
22545R1794V Pirelli Powergy Wi",4.0,978.12,P722,97B9B979-44EC-40C4-93B0-2EB861A468A2
1401,Kühlerfrostschutz,Coolant,0.75,4.88,R106,93E0C158-690D-4AE4-907B-DA479371630B
1402,,"Titangt1 Longlife III0W-30
Fuchs per liter",5.7,53.15,E441,0AF27271-D7E8-4A35-A5D0-EBF556B0F6D6
1403,,"TOP TEC 6200 0W-20
Liqui moly 60 liter barrel",1.0,15.0,E412,B7F21A18-02F2-4D62-9EFE-9E8A0F2AF54A
1404,10917003,"Car, otherwise. Autoservice |
Vehicle diagnosis with
Diagnosis tester",6.0,9.78,G109,E4B0DCB4-6A6F-4DF8-B605-B8CD4757D3FC
1405,1647883280,Kit 2 brake discs Belooed,1.0,284.71,F208,D867F03C-283E-42CD-A4E2-A4CB1EC9FD4A
1406,312140,Battery out and install,,53.5,C201,4C4AC21B-D6E9-4067-9599-3DDF0D5125CE
1407,4041510,"Replace the battery.
Test code 9G480-083K9-97J4RG
Battery deep discharge",0.3,25.5,C201,FA999173-7A06-4804-82E2-B058FEAEC162
1408,2007929,Oil filter,1.0,18.09,E413,387AB51E-0DEE-42E0-BF93-345CB95CB445
1409,ZUB00110,Batt.-2032,2.0,4.8,I104,DB9F5DC7-CC40-4E3B-9F4B-84E39FC4E86B
1410,48900,Castrol P.0W20D,1.2,23.99,E412,78D626AF-A0BA-4289-B08B-289BECB9AF30
1411,559459,Set TPMS sensor,4.0,140.15,P180,86EE950E-F3FC-45ED-850A-C86233356F6D
1412,1500060,GFS/guided function,10.0,14.2,E102,2EA45FD6-19D9-496E-A8B6-C38FCFA50C41
1413,32324600,Charging cable,1.0,316.89,W501,69C00C76-3CD4-4780-9190-24A884C67221
1414,11001A,Renew the engine oil filter,0.7,72.8,E413,C2E2BF64-AD0F-4661-B194-DDFAC0AA1A93
1415,27,Flat rate of energy costs,1.0,3.0,X100,0F53BB7A-6242-4ED9-924D-8657A2328B23
1416,915089AC,BATTERY,1.0,215.8,C201,178F1762-9ABC-4F7F-A29F-58DFFE208EB2
1417,3286343139912,"Winter H |
205/55R16*H Blizzak 6
91H ENLITEN",2.0,218.4,P404,6224DF56-4F80-497A-AC38-1D426087F59A
1418,83125B5ED57,"BMW disc clear with
Frost protection",1.0,5.22,E416,9AF2628E-C5B1-4BA0-BE06-94061290E082
1419,9911017,"Assembly winter wheels / storage
Summer bikes including cleaning,
Security check and car wash
-> Fach 070105",0.7,96.55,P149,56711412-9B06-49A9-9285-FB583138B2B9
1420,NL16009,Adblue fill in BMW Rent,2.0,29.0,A101,89A35E05-EEE3-44C0-8E85-3892DFF6EB04
1421,66126912985,Button,2.0,5.99,I104,E74B18C1-34C4-4F8D-8ECD-557A432DD502
1422,,Motoroel F0W-30,0.5,10.5,E412,AEE39A3C-0547-4503-844A-A50F3A81A7AA
1423,F026407299,including mobility guarantee for 12 months,1.0,12.32,E413,13E646B2-0385-434A-A4CD-1F32DCB6A5A0
1424,27060100,Battery checked,,24.0,C103,880D669D-2DA5-48AD-BE68-EF05179EEFBE
1425,9811722280,BATTERY,1.0,222.09,C201,6F79A49B-82C2-42FD-85AB-D942812E278B
1426,27061900,Complete the battery,,42.0,C201,8A0FEC09-49C5-49F6-844E-CECEFB752C28
1427,72350L-BATT,Device battery,1.0,6.0,I104,4265A447-67B8-4D29-96E0-C38899C1EEE5
1428,55516786,Sensor nitrogen oxide,1.0,533.3,G315,E357F61D-0661-46E6-B265-34C73F9001D2
1429,1152,"Assembly package with
Disposal of cars (assembly",4.0,68.0,P165,BF92388F-4834-4E48-91A2-7C8F6F63D23F
1430,83125B5ED57,"BMW disc clear with
Frost protection",1.0,5.22,E416,A767212C-7A39-43AB-908D-0BD6E8E8C509
1431,39185668,Light metal rim accessory,4.0,609.4,P601,0AA2DF70-D03C-45B2-9209-371DAFE9448B
1432,290990,Diagnostic unit followed/Herst.,0.3,28.5,G109,C5AB3B26-94DE-4C4F-8A1B-5AA5F0D88AED
1433,TU,"Main inspection §29 StVZO
Overall other",1.0,98.0,E319,A123CD74-D891-469F-9786-7C6C1E7E8D00
1434,5L115562,Filtering,1.0,17.1,E413,C85E20D3-8D70-4BA7-BE0D-2BA018FE996D
1435,1-EBC-345,"Tuev acceptance / HU
To para.29 StVO",1.0,156.0,E325,5F9EBA2C-7537-424E-9D65-CFECBA35A0EE
1436,100447,TÜV follow-up control,1.0,6.5,E310,C0657E5D-F627-4125-9AAC-B064BBA8186F
1437,6250907,End -end candles (sentence) exchange outside,0.1,10.9,E427,31DA9EFD-4685-4FAE-99C9-E4C6C1FACD71
1438,1340015,Inspection.,,135.94,E220,4FDDD64F-C14B-4FE2-A8AD-73C7D73F8502
1439,2603000,"Cleaner,
Panel cleaning system
Windshield",1.0,6.38,E418,711EE55D-7142-437C-A55E-CA1FE83942A8
1440,ZM4403GF,"Change of wheel winter with
Storage
Arval",,70.0,P149,3F8B4B3F-72D3-4962-8C1F-ACE06C85003F
1441,,"Service oil change |
0.1l Helix Ultra ect
C2/C3 0W30",55.0,82.5,E441,FDD3444C-7E80-46F5-AAA4-411BBB4B5D8A
1442,216557V87C0CY1,OZ-WKR-CON 215/55/17,4.0,1509.24,P706,E56C2964-4951-485C-BC6D-4AF111E755BA
1443,W-30,"Castrol brand oil 0W-20 after
Manufacturer approval",4.3,61.12,E441,20B27411-4293-4704-AFB5-D71EB3CCD99F
1444,14800501,"Car, otherwise. Autoservice |
Labor value
Inspection |
Main inspection maintenance:
Oil service (service display):
a maximum of 30,000 km/24
Months",36.0,58.68,E220,73493B54-A9E4-4072-A8C0-CA4C9C763D67
1445,1340000,INSPECTION.,,159.9,E220,3333C69A-4073-4803-93F8-3EA06D45393C
1446,290994,Read/delete error codes,0.1,11.9,E101,08EFADEF-32E3-4C1B-B132-28394DCDA3BA
1447,RP2,"4 wheels exchange, wheel nuts
After 50 km, let the bikes add
Store",,83.19,P149,BC360BDE-6EFA-40A8-838E-E01A930FF95F
1448,P1,"40-1453 addition to complete
40-1468 addition to 4 complete
40-1504 wheel change for 4
92-7777 Brake I.O.: Yes () No ()--
92-4080 Raeder Service ""Comfort"" up to",,88.0,P149,9C1F895E-4F47-4B34-B2F2-E949FD794F9D
1449,1030025,"Maintenance service after
Manufacturer specification (see
Maintenance plan): Inspection
Service with oil change
carry out",15.0,153.0,E220,711EE55D-7142-437C-A55E-CA1FE83942A8
1450,LRYWK10003L,Additional battery,1.0,6.97,I104,C678E4C2-3B3A-4EF9-BF56-3604DF3A651B
1451,14800559,"Service shock absorber
|Labor value
Front axle |
Labor value
Front axle",18.0,30.6,T237,77E1D252-8B2C-45BC-B484-CA4131D3628C
1452,915089AC,BATTERY,1.0,215.8,C201,880D669D-2DA5-48AD-BE68-EF05179EEFBE
1453,1638015580,"Motoroel 0W20 B71 OP
2010 1L
+++ Customer addressing: oil lamp flashes
Motor start +++
-If the engine is switched off and restarted is
out of
+++ Oil level on minimum+",1.0,15.5,E412,5C3DFF2D-BEEA-4D46-ACF5-9311B3C8BC2B
1454,6032,"Device battery battery
CR2032 3V 1 Series
Button cell d = 20.0 h =
3.2",1.0,3.35,I104,90F72381-5E2A-4F00-8DC9-CFD5AB6F239D
1455,27065550,Replace the battery,,14.9,C201,7FD436C5-CE2F-4854-8490-DB9EA3787450
1456,1EBC345,"Tuev acceptance / HU
To para.29 StVO",1.0,100.0,E318,2CDC3C42-B6A4-4A11-96E1-AC5A2A0D3756
1457,HU,"Main inspection/exhaust gas subsu
chung (according to fees regulation)",1.0,156.0,E326,0709F3F6-A1C1-4BA4-AB1A-84BCFDB0E548
1458,1695213980,05W30 FPW9.55535/03,,14.93,E412,66EB0B44-A0E8-4709-B71F-8EA844535A46
1459,2385498,BATTERY,1.0,199.37,C201,4369967F-4F51-496D-A1B8-15C5450E1749
1460,6430300,Replace the transmitter battery,0.1,11.8,I104,F1DD33ED-E1BD-4B3B-AD08-9B67A3887298
1461,64150,Light lamp,1.0,6.29,L502,7329F3F7-6ACA-4322-80A8-7D5FCD32E0F9
1462,540001,"1.J.O.24TKM Inspection
including KSK",,222.0,E211,46BAC896-BB8B-4063-96B2-74A84249B645
1463,1684934580,Set of 4 brake pads,1.0,220.55,F214,6CE7616C-4F15-4638-9983-2514EC5A2945
1464,99999999,"Seasonal cycle change with
Storage",1.0,49.2,P149,D77DCBDD-6DC0-490F-8548-0E9AEE1C3DBF
1465,209412,Main inspection TÜV,0.1,103.5,E319,6A0479BC-2DBB-4CD7-A8D6-072E1A30AB57
1466,83125B5ED57,"BMW disc clear with
Frost protection",1.0,5.22,E416,FB6CEC20-D579-422D-A5FC-FB09425768CF
1467,5970MUA,Tire pressure sensor A+E (4),1.5,191.25,P180,1EA3D254-4198-4A20-ABE6-A7068099C595
1468,5L115562A,"Oil filter VW
Accesories
05L115562A",1.0,28.23,E413,DD0B788C-C7F6-4FD8-84D5-22367716A641
1469,1-EBC-71,"Error memory
Read out /loeschen
(as part of the inspection
for free)",1.0,34.0,E101,ED90292B-4B37-4C6B-B3B5-FA04769DEB5F
1470,122340,"Brake block set of front axle
renew",7.0,71.4,F214,5B2ACE40-5C9B-40D9-A5F3-797E0AC6695A
1471,1660724480,"UREA
-Print test Adblue through, result: OK
-20 km test drive ok
-Adblue pump may have pulled air by emptying
Complemented to determine the filling quantity.",0.5,6.86,A101,7C56C22E-4CDF-43DC-8D08-9F86F170AE16
1472,31200556,Sealant,1.0,42.57,E421,B024AEE8-5DF9-4A91-97AF-68E76133994A
1473,14800480,"Car, various services
0.1 l
Display frost protection",5.0,2.1,E416,B6E3A945-3309-4E0C-9516-7FED4709A0ED
1474,10,"Main inspection according to §29 StVZO, including requirements
According to No. 1 Anl.Viii a Stvzo",1.0,104.95,E319,F7ACFC50-5090-412D-9F6C-F17DCC2B0866
1475,14800480,"Car, various services
0.1 l
Display frost protection",25.0,8.5,E416,064D582D-109C-4B7B-97BF-910C0A2AFE3D
1476,4069790,Renew the oil pressure switch,6.0,69.9,G227,A13A3525-56D6-457A-A83D-07AE4D1198BA
1477,27065550,Battery replaces 6123,,14.0,C201,A9BC3EE8-854B-4399-8D0E-1DB21F418C02
1478,S111113,"Winter wheels
mounted/summer wheels
stored",1.0,42.01,P149,BB52881F-23A5-44D9-A384-43AD32B341D2
1479,600933,"Inspection, time after 1, 3, 5, ... years",0.8,82.28,E247,E32CF7FC-899A-470D-AE8F-7BFA9BF286B1
1480,AD1,"Bike assembly, balancing with valve + weight
1 tire",3.0,18.91,P165,AC580581-CF2F-49AD-AA57-27D5264E19C9
1481,39163290,"Error memory query
carry out",0.4,42.0,E101,82443C76-F8AC-4968-8FEA-DE26A8D2038B
1482,14800480,"Car, various services
0.1 l
Display frost protection",30.0,10.2,E416,091FE4B7-BA7C-4D26-8086-61E97615177F
1483,9900000832,Brake fluid flat rate,1.0,13.0,E402,142593B8-94DF-496C-8090-CC6F2EAF943E
1484,2000,Anti-Frost Sonax,1.0,3.71,E416,CFF19A9D-0154-49A6-9EE2-78826BBE480B
1485,4041510,Battery exchange,0.3,27.0,C201,9F5285CA-939A-41DF-8DFA-7178A59006E4
1486,1EBC345,"Tuev acceptance / HU
To para.29 StVO",1.0,153.0,E326,1E3B412B-0F24-4F35-AB94-BA93733AAA48
1487,1-74X2GY,Motoroel with Longlife,4.7,74.26,E441,544A4BBF-4461-4E7A-A8D1-009112C5C295
1488,312110,Check the battery,0.4,46.0,C103,4109A36E-E240-4ADC-8506-F0EA8A04BBD2
1489,90510000,Change of wheel + storage,,50.42,P149,F5C96F54-253A-44EB-9FAD-49C8EDC82822
1490,13.0460-5510.2,"Brake padding,
Disc brake",1.0,82.01,F214,F7FFC843-52E3-44A1-8ACA-113D7471129D
1491,WELA,Passport:,,137.81,P149,7A4F3CFB-F300-46E4-B1B9-CF72BA4738E4
1492,66126912985,Button,1.0,3.0,I104,B774FAA5-4A62-4DA0-BE6B-9CD6675AB53A
1493,ANZ819514,Disc wash fluid 20 ° C (1 l),1.0,3.0,E416,61E013C5-BAFA-4E52-A8DA-36C47ECEF26E
1494,2420761,Replace the brake disc at the back-pages,0.9,108.0,F205,3C867E19-1658-4629-96DC-1ADF39CA80C1
1495,FR10000,Fee for HU and AU,1.0,146.0,E326,ABA060A5-7EE3-4416-93AB-6FF3A18258AF
1496,ZK4EW,"Seasonal wheel storage &
Change of wheels",,88.15,P149,5A69523B-341E-4488-AEB9-F740CCF9F55D
1497,1678168180,"Set of 4 brake pads
Vo",1.0,114.58,F214,50D3948D-A118-4DFF-A1D0-DDA9F132D0C6
1498,312141,Battery out and install,0.3,28.8,C201,4C9C0497-85D7-45DE-A650-0B1601B3BF33
1499,312110,"Check the battery
Battery LT test device defect",0.4,49.2,C103,3953A310-6AD3-458E-A8D7-F057206AC017
1500,340023,TÜV fees HU + AU,1.0,169.24,E326,DEED8980-0449-4B75-B997-17A07E72900E
1501,1085270,battery,2.0,13.79,I104,22454795-FF22-4023-A6B8-814025311F52
1502,312110,"(Midtronics CPX-950)
Battery should be replaced",4.0,50.0,C103,DE87A6D2-B87A-4757-801F-C5D9BF364FD1
1503,6430300,Replace the transmitter battery,0.1,11.8,I104,7EC8E90A-8EA6-48A9-8B67-86DBAD62BDD7
1504,AVE052164DS,Disc cleaner,1.0,4.71,E416,7C317ACB-B8D0-4416-9E77-641E3F2DA4C6
1505,,"Service oil change |
0.1l Helix Ultra Prof
AR-L 0W20",5.0,7.5,E412,E9031E5A-7083-40BC-BA1B-CCD770968D2B
1506,A4479051704,"Tire pressure sensor
This part contains one in the list according to
59 Paragraph 1 of Regulation 1907/2006/EC (REACH
Regulation).
Weight percent.Receive more information
You at svhc.daimler.com.",,256.82,P180,DDB35BE2-C83C-46A5-AE81-B12E5B704EB5
1507,2453,"Inspection service without changing the oil
carry out",1.3,135.2,E211,BCD82471-7724-48F3-B0FA-7BDB6DAC7990
1508,SLM,"Low printing system checked
The management of the fuel filter was loose
Line correctly fastened
Fuel system ventilated
Headlight VL installed
Motor cleaned from the diesel",1.1,112.2,E102,BCE06AAF-265C-4372-8237-C7F82581FE97
1509,13626524,"Service oil change |
0.1 l Markenoel after
Manufacturer specification
5W40",28.0,53.2,E441,4D6EB4B7-877C-4572-A579-981D8A813275
1510,27061903,Complete the battery,60.0,76.2,C201,079A5215-B56D-4DC8-BE4E-BAE48A7065D6
1511,15027060100,Battery checked,,29.8,C103,FF01079C-20C5-4F1F-B478-A614482FCEA8
1512,600933,"Inspection after 1, 3, 5 years
etc.",0.6,67.2,E247,F9ED38A8-6204-4F7B-946C-53A7E3A35329
1513,9D057210,"Troubleshooting Diagnostic
Read and delete errors,
P22A2 64 NOx according to KAT Information signal
P1199 7b fuel stand reserve
These errors were saved and
Were only deleted!Possibly.AT
Rehearsal errors further diagnosis!",,48.63,E102,CD42788A-3E39-499F-AD80-64BD5511D405
1514,13046073472,"Brake blocks |
Brake pad
13,0460-7347.2",1.0,94.68,F214,58520FB5-D48D-4EAC-8349-E49029B42186
1515,ZM4403GF,"Change change with storage
Arval",,70.0,P149,6061214F-1266-4E83-870C-0D8A15955CFF
1516,19205005,"Complete assembly car |
CPL.Amtauf
Van/van
Active.rdks",2.0,44.0,P165,6DD22296-7C3B-4721-9D0F-A64D8B4A1E2A
1517,556,Carry out the vehicle test,3.0,48.45,G109,1DFE1386-A745-4709-9F13-8FFE3B67F756
1518,N0000000081,Cill lamp H7,1.0,2.83,L502,6B1CE157-F416-42A8-A660-86B17F86913D
1519,2044090,Repair brake light on the left,,22.4,L103,D2A56713-E000-436F-A475-748BA83064B5
1520,13526485,"Car, main inspection |
Overbringing fee
Main inspection",1.0,28.0,E328,9E075412-AD08-460D-9F98-A2253040DCA5
1521,L1001360320000,Adblue 1 liter,5.0,14.5,A101,701AE2FD-1B1F-40FE-B07C-925AD1C394C8
1522,27061900,Battery removed,,36.0,C201,880D669D-2DA5-48AD-BE68-EF05179EEFBE
1523,151B2710,Fill in adblue,2.0,23.3,A101,0D0FF325-304E-43B6-A9A9-32D7F4B55972
1524,10912070,"Car, measurement |3D
Axis measurement including
Setting VA/HA",1.0,90.0,T103,9F1B0E2D-5230-496F-97C2-D8763FB46894
1525,3323000,"Frost protection,
Panel cleaning system
AntiFrost+clearance",1.0,5.03,E416,25709445-3FDF-4C90-B128-A4F50F8FDE8A
1526,99999999,Clean the water box,,149.0,E257,180EDE44-3528-4572-A7A6-EF5AB6B21ECD
1527,4020260996,"4020260996
Check the whale, cable plug
Cabling between SCR injection venue
And check the PCM engine control unit",0.4,46.62,G109,5981F7AB-3233-425E-B639-E6FC0A22EA78
1528,2013334,battery,1.0,290.24,C201,A576CFAB-0EF4-4DB5-A3B3-685DEBA66392
1529,992519,Cill lamp HD5W,1.0,1.91,L102,C654794A-419B-426E-BDFE-15CDDC390F12
1530,44405504,4 tires replaced,,67.23,P165,A7FF4572-918E-43E2-9950-2B84B73E7E3C
1531,91705500,Replace control unit f Telematics,,69.0,I905,422C7B4D-DC8F-4B30-862B-FE9A0D2DAB52
1532,290990,Diagnostic unit followed/Herst.,0.3,30.35,G109,1A0FF8E1-2230-4308-820E-28E84920859E
1533,RPS5555A,"Frost protection,
Panel cleaning system
AntiFrost concentrate 1000ml",1.0,3.96,E416,4C324AEC-F672-4FDD-9090-75CCE0006829
1534,ZTS225458YBTN0,Ripe bri,1.0,157.18,P404,11F84CAE-6A92-44A9-9150-5C56FC945AD3
1535,OEL9,"OW20
VW standard 508 00/509 00",,18.73,E412,E802DF3E-BF98-414C-B61E-B7324A16CAB6
1536,HU7046Z,"Oil filter |Oil filter
7046 Z",1.0,12.03,E413,2550FA3C-9C52-4318-99AA-527A28EED8DD
1537,,Ll i,2.0,40.0,E412,9BA9E235-1A01-4B98-B46E-F17611D9912E
1538,93160455,"CLEANER
Inspections: unique controls/work",1.0,3.0,E418,7E82E6F3-59DD-4B72-BCE4-0D61F61958F1
1539,19010100,"Cooling system checked
Traces container HV cooling system,
CHECK",,36.8,R210,7A655623-FEE6-48C3-A058-B044DDF7A375
1540,93190461,Glue lamp,1.0,15.03,L502,058E95B6-02A5-4408-A7B9-D4647450314F
1541,N00000000200864,BATTERY,,7.71,I104,F8B3E14B-F3A4-442B-912A-3B9035D91002
1542,2629110,Lights on the license plate/li.,1.0,10.1,L215,3100078F-55B5-4C07-9100-B14EC6E1AA7C
1543,AVFHUAU01,"TÜV fees HU Au
The further load on the exam fees",,148.0,E326,F8DD072F-74B7-4B47-AA47-F5FF35B198A6
1544,541138,"Renew the on -board system battery (on -board power battery
depth), (after a short test),
Unlocked shooters in three high -volume
Batteries and with arrangement MB tipfall, (
Fall no.: 86057782).",10.0,114.1,C201,E1FDE086-47B9-46A3-80B2-0086371CD739
1545,27065550,Replace the battery,,13.5,C201,9B4BA63C-8CBE-4E78-8109-27BAAA51C843
1546,1362668,Replace the diesel particle sensor,8.0,144.16,G315,EAAA4E0D-9111-44F0-A806-1CA11D18455B
1547,1271,Fill in adblue,2.0,20.4,A101,25C45598-BA0E-4BEA-8DFB-EF8B1FFA214E
1548,G50700M2,0W30-504.00 / 507.00,1.0,28.06,E412,0EBC8A63-96D5-434A-B819-0FDD5C58DCD5
1549,47159733,"Battery out and install
[Standard]",0.75,78.75,C201,8EDED505-C585-42F8-A6A9-265CCABBDF33
1550,290994,Read fault memory,0.3,31.5,E101,0709F3F6-A1C1-4BA4-AB1A-84BCFDB0E548
1551,99999999,Perform resting measurement,30.0,37.8,C103,60B6F8C2-B3CE-4362-8D1C-EA4C662F26FD
1552,83125A1A171,Disc clear,1.0,1.34,E416,43C37316-1178-4871-8A6A-889D71EFF4D6
1553,83125A85517,Disc clarification with frost protection,1.0,5.14,E416,B7F7A616-A433-4136-98A3-C16B021B01B5
1554,6110354,Brake disc,2.0,221.52,F208,F83B0645-7905-4CAA-B88F-FCE682D70E8A
1555,1638015580,"Motoroel 0W20supra
0W20 Supra",0.5,8.55,E412,F79AD97F-276C-4AB6-8A37-C314E5FA62D5
1556,2013334,BATTERY,1.0,326.52,C201,E83150BC-04E5-43DA-9313-6220E12B3392
1557,27068950,Battery loaded,,15.1,G116,9D8E68A0-DE9C-424C-A995-509884D55B89
1558,ZS4405C1,"VW-AB tire service package +
Storage",,88.22,P149,0D6F391A-3608-4341-8A0D-D18DAF219551
1559,2463,"Battery remote control
renew",1.0,10.2,I104,7ED5D8B7-A2F7-479A-A47A-1F6774517DE7
1560,M100000558,"Frost protection,
Panel cleaning system (1
863)",2.0,9.8,E416,6F09FF08-77C3-46B8-A036-A61FFF5FCE57
1561,55545D2EUR,0W-30 LL III Audi,1.0,18.85,E412,54F554F7-305A-4B95-8F75-37447368ED56
1562,1EBC345,"Tuev acceptance / HU
To para.29 StVO",1.0,153.0,E325,2D0B6D53-7E12-4F9B-855A-1C9C3DCDFCBD
1563,1EBC71,"Error memory
Read out /loeschen
(as part of the inspection
for free)",1.0,34.0,E101,E6B8275C-6B10-4B8D-BFCB-2C8AC6E572C7
1564,3612055,Replace a tire,8.0,22.0,P165,D56E05AD-0F97-4CEF-B3CC-290F88EC9D45
1565,1-7MF13Z,Adblue 1 liter,12.0,34.8,A101,5AA06D95-1860-4A0B-8FEC-5C22801C7FBF
1566,REIFEN3,Replace u/o rims,0.9,57.56,P165,5645DCDE-D139-4CFF-AF35-854397869555
1567,321130,Set headlights,,22.8,L118,61956D70-DAC2-4FF7-9F12-712CF9321F57
1568,M100000558,"Frost protection,
Panel cleaning system (1
863)",1.0,5.7,E416,37AA0C52-4507-4EDB-AEB0-C09EB679F669
1569,14800480,"Car, various services
0.1 l
Display frost protection",10.0,4.2,E416,02E12BA4-FD2A-4E6A-9ABD-515929DDBC8E
1570,M999999901,Adblue,5.0,20.0,A101,9EEC6B5A-610F-4E42-A1AD-AF0286CDF6DD
1571,OX1340D,Oil filter,1.0,15.28,E413,859BFD5E-F4E4-47E8-8AE8-F63153537638
1572,,"Service oil change |
0.1 l Markenoel after
Manufacturer specification
0W20 |Motor oil 0W-20 Aral
Supertronic LL IV Fe /
Aral / 15b6b5 /
4008177143328",55.0,104.5,E441,9ABDEA4F-335B-4ABE-A67E-80A541C10BE8
1573,M100000558,"Frost protection,
Panel cleaning system (1
863)",1.0,5.7,E416,1DA88A51-71DF-479A-9EBB-C7D79921F23F
1574,2463,"Battery remote control
renew",0.1,11.0,I104,439434BE-1CF5-4971-9047-C44933522EFB
1575,2385498,BATTERY,1.0,199.37,C201,B775BD08-3EFB-4F5B-B1E8-3FF157856DC4
1576,1500000,GFS,,14.85,E102,7B967F01-8116-43AB-BF5F-354AD29FD6E5
1577,1847947,"BRAKE FLUID
DOT4 LV",1.0,17.24,E402,4C43C8C1-D619-4437-97DC-8B2D3F57A6FF
1578,5L9062610,SENSOR,1.0,353.04,G315,661FA997-665D-43C6-92FB-8E6DC7AADBDE
1579,27060100,Check the battery,2.0,20.4,C103,617E02A6-5257-4879-A051-D5CB28DCFD03
1580,93840000,Inspection carried out,5.0,61.0,E249,8143EB38-AEA7-4B02-BBF2-1C5169715825
1581,2490405,BATTERY,1.0,232.6,C201,73F48603-F268-401E-9381-7EEB3896EA2E
1582,9816245480,Russ sensor,1.0,353.32,G315,3559300A-DA9C-463A-A240-F877A7E4D34E
1583,N10528301,BATTERY,1.0,3.41,I104,8494BFC5-9FE8-4337-B5A6-5651E749CF02
1584,1-7MF13Z,Adblue 1 liter,9.0,26.1,A101,5BDDCF6F-40E9-440B-A0BD-F1EE67F5E881
1585,83212406987,Mini Engine Oilll04 5W30,1.0,27.23,E412,B5AF5E23-7C57-4935-B437-1AE4281AAB61
1586,B000DS,BRAKE FLUID,0.1,1.61,E402,D9FB7B9D-4B21-4227-B1ED-34FD3BAEA027
1587,290990,Diagnosis of motor offspring/electronics,0.3,41.4,G109,E83150BC-04E5-43DA-9313-6220E12B3392
1588,12027068950,Battery loaded,,14.1,G116,088E88DF-A3A1-488A-99FB-8B79B92438E7
1589,1611188580,(Mkt) urea,0.9,10.14,A101,D4821AD1-AE2C-4998-B1F8-70B16C78BC99
1590,290994,Read fault memory,0.3,31.5,E101,40F89A6D-BA99-4DD3-BB39-C80A0D525B57
1591,9900000832,Brake fluid flat rate,1.0,18.0,E402,74D7A9CE-D573-4E9F-A060-2675FA08459F
1592,986479E42,Brake disc,2.0,224.36,F208,E47FEF87-82D4-48E3-BFC7-7133F41C5D0B
1593,100000557,Frost protection (1602),1.0,8.4,R106,976B3316-26EF-4EF2-87D2-2EDDA5C012A2
1594,66126912985,"Button cell 3.2 V-
CR2032",2.0,6.66,I104,E628163F-CF3B-4C83-A035-DF0B4E49A4AF
1595,312110,Check the battery,1.0,10.2,C103,816EAF35-1348-4970-BECC-A52A9CBD6E67
1596,Z096354L,Sonax Anti,2.0,5.32,E416,8B10D62D-C9B0-4F57-8427-16CE82FB9F1B
1597,M100000558,"Frost protection,
Panel cleaning system (1
863)",3.0,14.7,E416,4265A447-67B8-4D29-96E0-C38899C1EEE5
1598,14802174,"Service oil change |
0.1l Shell Helix Ultra
Prof.AV-L 0W20",15.0,22.5,E441,1F92054B-C9A3-43E1-89F0-5056B6FC0A13
1599,3750,"Motor oil Top Tec 4400 5W-
30",2.0,25.0,E412,648D63A8-BF06-446D-BEEF-CEEE51DD1D1C
1600,99031,"FZG. Inner cleaning incl.
Outwash",,83.19,X191,83A4DCD3-AE09-46C9-9099-C5A1E19A126A
1601,10912070,"Car, measurement |3D
Axis measurement including
Setting VA/HA",1.0,90.0,T103,E8DE8B02-0903-4337-AAE6-63BB2C241B1A
1602,F026407299,Oil filter,1.0,12.32,E413,6100478F-D613-4107-BF40-DC6EC505BD9B
1603,5941MUA,"Tire pressure sensor A+E
front left",0.4,46.6,P180,C63F0531-1660-415B-9809-1AC8CF8A0FFC
1604,,Motoroel with Longlife,1.0,15.8,E412,20D70917-5B45-4389-BAAE-65D8F5EB44F0
1605,1085270,"Battery 2032
Overall 1) Renew the key battery",1.0,6.89,I104,8AFE59E4-85A9-4962-80B3-B314DF9F374E
1606,10821999,Fastened underbody trim,30.0,42.53,M113,E5BA43CE-9390-4AFD-90B0-FC3C0FD69B04
1607,14800480,"Car, various services
0.1 l
Display frost protection",20.0,8.4,E416,2C168AFD-FBF4-49F2-8ECD-71C9FF27A001
1608,1700039,"Breathe and with the cooling system and with
Special tool on
Check waterproofness",8.0,117.04,R210,3CAAC887-7985-4484-A589-BFFE80D8DA6C
1609,HUG2,HU/AU GTÜ,1.0,159.0,E326,8854FA53-B502-4A0F-A040-19C4EB9F2BF5
1610,915089BC,BATTERY,1.0,258.96,C201,1A12470C-9313-47A7-961E-7C4E1C59BB50
1611,14800567,"Car, otherwise. Autoservice |
Work value maintenance
|Main inspection
Maintenance interval indicator
Or all 24 months
Oil change",42.0,71.4,E220,A4F6E2FE-BB3B-4BAE-8AB3-F16DFA926ECD
1612,8E0012619A,Ripe,1.0,76.72,E421,80D23B4E-3F22-4271-82F3-CD81A102A54C
1613,1-7MF13Z,Adblue 1 liter,4.0,11.6,A101,7ED5D8B7-A2F7-479A-A47A-1F6774517DE7
1614,AZ00991,Upgrade vehicle wash,1.0,16.39,X191,51024C34-23E6-4FBD-9E24-779E35C9EDC4
1615,Q32005,"Course lamps set GT20
Course lamps set GT200",1.0,55.5,L502,B72E615A-C83B-4308-BF15-D8163C555921
1616,14800562,"Service brake |
Work value brake |
Both brake discs
renew (front axle)
[Minutes]",54.0,91.8,F208,0E7ED33F-F1F6-4730-9567-49D783F955C9
1617,TU1,"HU examination Dekra
Throughout post.§10 from.1 UStG",1.0,,E319,9A6F9BF1-3BCC-466E-A780-9351FA36C396
1618,,Motoroel with Longlife,5.5,86.9,E441,859BFD5E-F4E4-47E8-8AE8-F63153537638
1619,290994,Read out error codes and.delete,0.1,12.5,E101,C5A2F81D-6113-4960-A90F-0542B72EE010
1620,N000000008090,Glue lamp,1.0,16.53,L502,F372C0FA-D162-49C6-B4F8-AD1AA1133AFD
1621,ZRAEDER1,Change of bike inclusion,,85.71,P149,50A8148C-98FB-4FF0-BC54-A76F4264915B
1622,27065550,Battery replaced,,13.5,C201,7B967F01-8116-43AB-BF5F-354AD29FD6E5
1623,CR2032,"Otherwise. Parts vehicle electrics
|VARTA CR 2032",1.0,2.79,I104,901A7C51-D210-4AF0-9C2F-A7B2A99D4CFB
1624,SG1342133,Local set VA,1.0,100.65,F214,3C867E19-1658-4629-96DC-1ADF39CA80C1
1625,1,Disc cleaner,2.0,13.36,E416,38615D41-87D2-4AB8-973F-354A9C1C63F6
1626,40-1407,"Premium package for 4 bikes
Change the wheel
+ Season storage",0.75,84.03,P149,104132AE-EE37-4303-8429-98DB362C677E
1627,26931919,"Construction of the particle sensor
and renewed defect according to GFS",60.0,85.8,G315,9B5D694A-F9B1-43E7-82EE-CC196AB1BB43
1628,AW,Additional maintenance position: brake fluid,4.0,33.2,F506,A280CA41-DFA4-4A2B-BBDE-B3BF0AB02DD7
1629,44999999,New winter bikes assembled,,33.61,P165,BFEDDC61-E082-428D-AEB9-7AAA16590D2B
1630,FRE VLL,Longlife 4 50800-50900,1.0,19.0,E412,2F44DDF3-6EAD-4117-B94B-166074E3BFDD
1631,,Refill oil,1.1,23.32,E412,CF20416B-79C7-40F9-BF5F-5C6F20E605D1
1632,,Motoroel with Longlife,1.0,15.8,E412,3104ADE2-6465-4A87-BEFE-343EE8DDB0E9
1633,1500000,Gfs.Guided function,,110.0,E102,520681C3-E7F0-4B45-B9B9-C1B3C3EE121D
1634,600308,TÜV Nord fees,1.0,98.0,E319,A394AFBB-D932-4C9B-965D-478E374909B6
1635,97050,Nan,26.0,377.57,X100,9289B3EB-78C8-4516-9B1B-886B87484CB8
1636,SPL1001360320000,Adblue 1 liter,5.0,14.5,A101,0B036F4C-8101-420A-A320-B96DFEF57735
1637,SPL1001360320000,Adblue 1 liter,10.0,29.0,A101,63D9E8AC-C198-4E0D-BC2C-CAA6F715F695
1638,SLI,Check and correct the oil level,0.2,21.8,E405,AB158FA0-AF1A-4DB6-AF84-1FA5F3259502
1639,SLM,"Low printing system checked
The management of the fuel filter was loose
Line correctly fastened
Fuel system ventilated
Headlight VL installed
Motor cleaned from the diesel",,112.2,E102,F2DE11FE-C144-4FAB-BA98-A1E34552D8A9
1640,1-EBC-345,"Tuev-
Follow -up",1.0,16.8,E309,3B1510F7-2134-48E4-8AED-093A9FD8F643
1641,925000,Fixed price,,91.6,P149,840FECDF-3765-4EB1-A75B-BAE4B3574331
1642,27060150,Battery checked,,12.13,C103,EA6E71C9-32C3-4B91-8793-8B48F9D59CE5
1643,27061900,Battery removed 8 807,,33.0,C201,2D1777D0-AA0E-4516-8003-371B11B427DD
1644,ZUB4107,Engine oil,1.0,18.73,E412,23D476D1-8136-46CD-B6D4-42F2B12B5B6B
1645,M100000558,"Frost protection,
Panel cleaning system (1
863)",1.0,5.7,E416,1750BE04-7687-48EC-B8AC-FF99899CD67D
1646,ZM4403GF,"Change of wheel winter with
Storage
Arval",,70.0,P149,CFA799C2-292A-4330-BCF1-790D53F94037
1647,72350L-BATT,Device battery,1.0,6.0,I104,7E460D9A-D616-407F-A551-0FB24C802AFC
1648,1605200,"Brake pad guidance and wheel hub Rei
Local location: F0301
Release leasing is available",0.2,21.4,F139,12644411-CC5E-41F6-AAEF-878F2E1C2BB6
1649,,Motoroel 0W20,1.0,18.0,E412,087BAF30-44A5-4827-8A55-AF63839CF1C1
1650,1-EBC-71,"Error memory
Read out /loeschen
(as part of the inspection
for free)",1.0,34.0,E101,F0CF3555-245A-4289-8BCE-B5F347E69478
1651,M100000558,"Frost protection,
Panel cleaning system (1
863)",3.0,14.7,E416,1F8BE826-3348-4826-AEF2-B2CC8210C21B
1652,1-7MF13Z,Adblue 1 liter,10.0,40.0,A101,1466E216-CAF8-459D-AC5E-244070E59673
1653,4N0971675G,Charging cable,1.0,230.64,W501,65747903-68D0-44C4-9913-D6CA8FAF307F
1654,66126912985,Button,1.0,3.0,I104,5665FF88-FC18-47D8-A645-C958C818C04D
1655,801815,Battery load and test,0.2,26.4,G116,D7FA26C0-0CB8-4E95-BA30-A33F39303900
1656,925001,"Raeder change incl.Balanced,
Clean, storage service
(For one season in
Raederhotel)",,106.72,P149,94F1A664-DFC7-4F2A-8CAD-A618DAB231EE
1657,44449901,Package change change including balancing,,108.4,P149,EAF5C5F0-BC29-4233-B166-E3EE3CA3077C
1658,290000,"Play through new SBD
Symptom code Pruefen
Check LT SBD battery",,19.0,E102,8E3C1F71-7DA6-4E6E-8081-D3046234DF5A
1659,0-TUEV,"Main inspection after-29 StVZO
including free HU-front check",1.0,153.98,E326,4CDB8A9F-958D-4E03-8D96-25DB0988C1BD
1660,93840000,Original maintenance work,0.5,48.5,E249,4B530989-D006-4C66-84D7-EF63F271C438
1661,,"Service oil change |
0.1l Helix Ultra SN
0W20",5.0,7.5,E412,531B2AEB-980F-44E1-B97B-AD5E90165EA2
1662,83122413061,Disc clarification with frost protection,1.0,4.05,E416,C1780361-1275-4007-B684-67A70FA7127F
1663,3528705871772,205/60R16 92Talpin7,4.0,411.6,P420,3F9DDB2A-5400-4D9A-9310-716FFBDC005E
1664,4901,TÜV fees,,98.0,E319,4534B5E5-5A5D-45C1-9796-9B85B15DEAE0
1665,9D047210,Diagnostic troubleshooting,0.4,51.6,E102,EC70F379-3268-44EF-B437-1B7700E6F078
1666,AW,Change of brake fluid,,30.0,F506,897EB596-04A8-4D69-B597-8F1C530528C5
1667,36115B4E8D3,205/55R17 95H RDC,4.0,983.2,P706,31929F26-8EC8-4773-A72C-92AFF6E07F09
1668,1400000,Brake fluid service.,,114.8,F506,ED48F1D0-8EA8-45E0-B2C9-115691F3F0A9
1669,915089AC,BATTERY,1.0,215.8,C201,EA6E71C9-32C3-4B91-8793-8B48F9D59CE5
1670,10911017,"Complete assembly car |
Complete assembly 15
Up to 17 inches",4.0,68.0,P165,73B1F264-4BFA-4988-83D2-5B1CFDFE3FE6
1671,321471,Halogen light bulb in front,0.1,9.0,L502,A576CFAB-0EF4-4DB5-A3B3-685DEBA66392
1672,915089BC,BATTERY,1.0,258.96,C201,C181A6EB-B035-4282-89C0-8E724056000F
1673,G13,Disc cleaner,1.0,9.45,E416,52F6F12F-26E6-4826-94A5-624ABB7EC1E3
1674,SPL1001360320000,Adblue 1 liter,7.0,20.3,A101,F73CFE6E-559E-43FB-872A-A658FC01D451
1675,16050600,Anti -frost concentrate,1.0,4.5,E416,1648682E-936C-4B57-A5DE-9063622CC463
1676,46362050,"Brake block set of front axle
renew",7.0,71.4,F214,C368F29C-42EF-41F9-A3DD-7778F1DFB640
1677,99999999,"Seasonal wheel change
With storage and balancing",,105.0,P149,A3CD11DE-89A9-4B7C-8C9E-D0FCCDC3F5FB
1678,PRÄDERSICHER,Securing the wheels including clamping belt,,25.67,P204,CDAAE0FF-D709-4B65-9EA3-C04DBD7E7441
1679,1EBC345,"Tuev acceptance / HU
To para.29 StVO",1.0,158.0,E325,98DC13CC-A3E9-4197-89D6-4A2B575806DF
1680,44449903,Change/store wheels incl.VERSE.,,71.43,P149,DBA59AF1-8D75-4D87-BA0F-82D3C827D617
1681,6310004,Set headlights,4.0,81.08,L118,1D4F17B3-6BA2-4D00-8AE5-D07DC38BAE38
1682,1-74X2GY,Motoroel with Longlife,4.3,67.94,E441,31515BDE-9A89-4FF7-9164-B516A53D56C1
1683,14800501,"Car, otherwise. Autoservice |
Labor value
INSPECTION",60.0,97.8,E220,399C344D-720A-4D49-997F-1B3D42CC1133
1684,19206502,"Car, main inspection |
HU/AU external performance
Prüz., 3.1.1.1 A. VIII
StVZO (BW)",1.0,154.0,E326,4C444DE3-8061-47E5-B63E-14CB650421A2
1685,EK950,Starter battery AGM,1.0,315.85,C201,A5C90F58-1FA9-4569-ACFA-B75D543180A5
1686,2651139,BATTERY,1.0,204.08,C201,DE87A6D2-B87A-4757-801F-C5D9BF364FD1
1687,237559TSWPICY1,OZ-WKR-PIR 235/55/19,2.0,932.78,P722,B94E5A7A-A631-447E-9854-F31DCC9C7323
1688,154121,Glow plug,15.0,276.7,X100,02D863C2-5442-4F29-9233-881330403DE3
1689,12046535650,Brake discs replaced at the back,,115.5,F205,8F7E5DC2-F4E5-46FA-885E-318880B27711
1690,PT00127586-A,battery,1.0,277.24,C201,DC61C4A8-AB6D-47D4-A62F-B401AF9F38E7
1691,915105CC,BATTERY,1.0,258.96,C201,7B967F01-8116-43AB-BF5F-354AD29FD6E5
1692,3286342044910,"Car SUV Winter |
215/65R17*V Blizzak 6
103v XL Enlites",2.0,353.6,P404,9ED61D21-5B5F-435A-ADA1-FA5F61FA42A7
1693,3325410,"Frost protection,
Panel cleaning system
AntiFrost+clearance",1.0,6.58,E416,1B5814E2-748B-4F35-864F-EAF25B19CC8D
1694,ZPD&L30,"22403 wheel change (stored)
WITH
Storage (99.90)",,83.95,P149,34FE1FEC-4376-45E6-8AE7-1339806D4C27
1695,27061900,Complete the battery,,64.8,C201,516EEB99-46ED-4517-BABE-B91CAC3FE76C
1696,1000931920150,Display cleaner with frost protection concentrate,1.5,4.13,E416,897EB596-04A8-4D69-B597-8F1C530528C5
1697,312111,Check the battery,0.5,69.0,C103,E83150BC-04E5-43DA-9313-6220E12B3392
1698,ZUBS55,LL3 0W-30,0.7,21.74,E412,96A1000E-CFFD-4FC6-824A-53D450BD3125
1699,AZ00016,Refill Adblue,2.0,32.77,A101,36634C5B-9268-461E-8FC9-09A760153528
1700,25210910,Replace the brake belee at the front,8.0,87.2,F214,15975AF2-5731-4641-BB22-0DEC73651C4B
1701,RAD02,"Seasonal wheel change including
Storage",,79.83,P149,44029EED-DB15-42D8-A370-10546454D76B
1702,122340,Brake blocks in front A+E (L+R),,80.85,F214,A59FBB6F-033E-4E09-8437-EAC59D15726A
1703,,Motoroel Longlife,6.0,90.0,E441,2FB22D63-589D-47B5-8830-34EC37951821
1704,12E100DS,Ceilant concentrate,1.0,12.78,R106,21F6A4F1-B713-4FA6-8E71-14BFC1C1436E
1705,93820000,"Inspection IT MG maintenance plan
including annual body control",1.7,170.0,E211,A4E050A0-746C-4DD2-9C86-12479CFE5794
1706,95530556,Battery 12 V,1.0,263.54,C201,2942CB68-47D7-446C-ABF3-4F2A634B83F2
1707,HU,"Main inspection/exhaust gas subsu
chung (according to fees regulation)",1.0,156.0,E326,40F89A6D-BA99-4DD3-BB39-C80A0D525B57
1708,47370826,Renew the battery [Standard],0.1,10.5,C201,6C4AD3D3-84D6-497B-913B-7D4170253234
1709,10821900,Sound protection tub Aus-u.installed.,,34.5,M113,30CDE54E-8D31-48AA-9181-3D3747F0EB23
1710,83125A1A167,Disc clarification with frost protection,1.0,9.9,E416,DA297463-3325-4F71-A564-2A8AB61B6EB9
1711,10906001,"Car tire repair |
Repair for repair
TIRES",1.0,26.55,P168,FCD8F3C2-6BF8-43DE-94FE-7172746E6F13
1712,5070B000DS,Brakeflue.,1.0,12.88,E402,E05B620E-3045-4A49-96AC-9231AEFD9883
1713,83125A85517,Disc clarification with frost protection,1.0,5.14,E416,96291766-450E-497C-80EE-89D7F07CEE3E
1714,257509TSWPICY1,OZ-WKR-PIR 255/50/19,2.0,932.78,P722,B94E5A7A-A631-447E-9854-F31DCC9C7323
1715,1500000,GFS,,14.85,E102,2AC94595-668D-4E21-941D-2AF06E20371E
1716,1EBC345,"Tuev-
Follow -up",1.0,20.0,E310,AA8B8D50-B46B-4EBD-8EDD-D3A2294C8277
1717,1-EBC-345,"Tuev acceptance / HU
To para.29 StVO",1.0,168.0,E325,5AC817D0-BF51-460A-BF95-96227FC62679
1718,D0W30,OEL 0W20,1.0,28.35,E412,2723CB77-454E-426C-B10C-49C202A14125
1719,83192295999,Adblue,10.0,26.0,A101,DE78CAE5-54DD-4649-81A1-A45FBB9DD165
1720,1500000,GfS/guided function.,,28.2,E102,AFC0CEEB-D016-4F64-B780-88F40971E007
1721,1500060,GFS/Leading function.,,13.47,E102,C703CDD4-B97A-48AE-8E15-9763C40D3138
1722,FTADBLUE,"Diesel Exhaust Fluid
Adblue 1l",6.0,9.42,A101,9D30EA62-B692-4CA7-9D04-CCBAC5758E16
1723,541011,Make a short test,,60.6,G109,4FBAD12E-9D68-488B-8C8B-FAAEB7C34B96
1724,27068950,Battery loaded,,18.4,G116,7A655623-FEE6-48C3-A058-B044DDF7A375
1725,hun,Overbringing fee,1.0,19.56,E328,C53E6BFF-8C3C-402B-8683-A1C8944DB0A1
1726,93830000,"Maintenance service after
Manufacturer specification (see
Maintenance plan): Service all
20,000 km/ 1 year
carry out",10.0,102.0,E249,A9D6769D-B561-4D54-9AC0-A34A9CC41F3C
1727,93840000,Original maintenance work,0.5,50.0,E249,0EB0A43F-3C19-4163-9F54-60D07051E7A2
1728,122340,Brake blocks in front A+E (L+R),,80.85,F214,34F2CBFD-57E0-489C-91EB-F6A4832F895A
1729,1EBC345,"Tuev acceptance / HU
To para.29 StVO",1.0,153.0,E325,B2F73C9B-1D60-4734-858D-D86A4FADCBB4
1730,8290099,Motor oil level checked and supplemented,,15.3,E405,CC6FC03A-B0FB-4A42-AEC9-F49209A839BB
1731,83125A1A167,Disc clarification with frost protection,1.0,9.9,E416,5F93D4B4-01F3-4967-9C81-45358EB2F4F2
1732,915089AC,"BATTERY
-Arrefüf, what def.",1.0,215.8,C201,9F295F79-0918-47E7-B427-4B66B2C4CEEB
1733,12161,Section 29 StVZO,,16.0,E310,30B5AB6C-6E64-4BDB-A159-EBF455CFB2DC
1734,2099515,Battery 70AH700A EFB,1.0,232.61,C201,A5CCDAEC-8AD5-4091-9958-EBBCCF51729A
1735,AVF-HUAU04,Küs fees for the main inspection HU/AU,,164.0,E326,3943CABE-8C2F-43CF-94D0-06C960633DE7
1736,72350LBATT,Device battery,1.0,7.5,I104,37AA0C52-4507-4EDB-AEB0-C09EB679F669
1737,83125A1A167,Disc clarification with frost protection,1.0,9.9,E416,C3E9D3DD-EC7B-4968-BD1D-ED9027538100
1738,N10528301,BATTERY,2.0,6.83,I104,38070545-A8AD-4819-8F2F-164DF5CCEBFC
1739,12E050A2,Coolant Readymix 1L,1.0,6.64,R106,3AAD38DD-D2BB-45A6-89F1-E7979D32EBDC
1740,2080258,Halogen light bulb in front,1.0,16.36,L502,A576CFAB-0EF4-4DB5-A3B3-685DEBA66392
1741,18,"Test fee for main inspection according to §29 StVZO
including exhaust gas examination",1.0,155.4,E326,48ADDCD8-FE93-4F6D-9428-F678396D2456
1742,1686610780,Mature Michelin car summer 2,2.0,243.9,P320,0428BC00-9EB8-4875-8E58-7C6767439B93
1743,44999999,"New winter bikes installed LA
Summer bikes in the vehicle
Laid
""Please the bikes after about 50 km
The prescribed
Tighten torque *",1.0,35.0,P165,11E7C088-32E5-4DB7-8AC2-2E4E2D8590C5
1744,112,"Main inspection according to § 29 StVZO for
Years",1.0,155.0,E326,D73A32FC-DB67-4847-966F-601050A5C253
1745,F026407143,Oil filter,1.0,13.6,E413,93E0C158-690D-4AE4-907B-DA479371630B
1746,1EBC345,"Tuev acceptance / HU
To para.29 StVO",1.0,100.0,E319,763626B2-D150-4941-91D6-6FCC3BFB03F3
1747,1400000,Brake fluid service.,70.0,116.73,F506,97639383-E1E8-46BC-971E-33BC41216A7A
1748,1500000,GFS/guided function,,16.5,E102,B17F9983-4B6F-4FF6-BA87-CEC2E0491263
1749,1EBC345,"Tuev acceptance / HU
To para.29 StVO",1.0,175.0,E325,D41C83EE-B72E-44D3-92EA-1F6C26927C1A
1750,93840000,Initial service operation,0.5,62.5,E247,39C3FD3B-D0E0-4046-B96C-6262FD89301F
1751,FT2413061,"Disclar with
Frost protection 1l, TU",2.0,7.56,E416,FB093CA0-16B1-4EDA-927E-8C772B936739
1752,14800480,"Car, various services
0.1 l
Display frost protection",10.0,4.2,E416,013E9306-386B-4A40-B168-E94277665D80
1753,27068950,Battery shop,10.0,14.3,G116,9B5D694A-F9B1-43E7-82EE-CC196AB1BB43
1754,,Eni I-Sint Tech VK 0W-20,5.7,95.3,E441,E5FA7542-A4DC-49DC-99FE-5F888F4FC176
1755,8217,"*VA battery on the state of charging
*CHECK",1.0,9.5,C103,30E94DC9-E085-410B-BC78-513FBC966910
1756,1500000,GFS/guided entrance test,,41.55,E102,CEC19832-44FE-4CF6-BFC3-6393F3B41845
1757,2080258,Glue lamp,1.0,16.36,L502,CBAB0E3C-A328-4CC0-A473-3306F2BED048
1758,13626519,"Service oil change |
0.1 l Markenoel after
Manufacturer specification
0W20 |Mobil Super 3000
Formula V 0W-20 / mobile /
155858/5407005861745",55.0,104.5,E441,20A245BE-240E-4EDD-956B-0BAA078760FD
1759,1090025,"Maintenance service after
Manufacturer specification (see
Maintenance plan): Inspection
Service with oil change
carry out",14.0,163.1,E220,C01E36BD-915C-4CFD-B477-B8338F9A1A83
1760,4026050996,Diagnosis,0.6,72.0,G109,024097DB-E575-43EA-8B8F-5C3C1BE34B02
1761,540000,"Maintenance A, 24,000 / 1st year
Total 1) 01 service and maintenance",1.0,115.0,E211,1BFFBD50-B2BA-433A-8877-3368BDA46B86
1762,51237468350,Front flap Castle actively right,1.0,104.42,U227,B9732D56-49BF-4099-B7E3-756CD8A96C08
1763,6900000,Change wheels and stored,,105.0,P149,68E6CF10-32A1-4A58-95B6-E79FF3FCAA30
1764,57855599,Key battery ERS.,,15.5,I104,2549F864-0E4B-4C58-BDBC-4E2CEA9CF84E
1765,51116-0,"Brake disc front axle
Renew both sides",0.6,66.0,F208,8801D7B4-CC0C-47D0-BCDC-55E503687188
1766,4000,TÜV period crossing without VAT (continuous item),,19.8,E328,17182705-B878-429E-AE90-CDA29614E0AE
1767,1223,"Assembly package with
Disposal of LLKW",4.0,72.0,P165,084D4B8E-7FA8-4893-B667-890B66CD1167
1768,19206502,"Car, main inspection |
HU/AU external performance
Prüz., 3.1.1.1 A. VIII
StVZO (BW)",1.0,154.0,E326,782608DC-3EC4-468D-BA6C-6150675AB44F
1769,L1001360320000,Adblue 1 liter,8.0,32.0,A101,BF86A314-6E6F-4591-8428-B7204F5CF792
1770,13046073472,"Brake blocks |
Brake pad
13,0460-7347.2",1.0,94.68,F214,2E1863D3-83BE-4A2E-9BD2-5447A1DADEFE
1771,NUHUTU,TÜV fees,1.0,150.0,E326,ABC83429-23E3-409A-91C0-E3BB5AE9A545
1772,13653189,"Service oil change |
0.1 l Markenoel after
Manufacturer specification
5W30 |Aral Supertronic K
5W30 (barrel) / aral /
15dbc7 |15dbc9 |
15dbc5 /",47.0,70.5,E441,F5273830-3B12-4D7C-8DBF-5FBAE4E8312F
1773,Kühlerfrostschutz,Coolant,5.0,32.5,R106,82443C76-F8AC-4968-8FEA-DE26A8D2038B
1774,M999999901,Adblue,5.0,20.0,A101,37AA0C52-4507-4EDB-AEB0-C09EB679F669
1775,990362287,Rear wiper blade,1.0,18.0,E422,E21C9DE7-540E-4400-8C2A-09CD9A41CD0C
1776,7RADWLE,Seasonal wheel change,1.0,82.85,P149,BA97B2EE-3176-462C-88B3-A13AD505F578
1777,587310,"4th year/60,000 km inspection
(+D)",,225.76,E211,E5F2E3A9-6849-48C1-9B48-3E8193FF5CDD
1778,14800480,"Car, various services
0.1 l
Display frost protection",15.0,5.1,E416,077EDB8E-4C79-4975-BAB0-9241EF5A203E
1779,1-EBC-345,"Tuev acceptance / HU
To para.29 StVO",1.0,150.0,E326,20D70917-5B45-4389-BAAE-65D8F5EB44F0
1780,119505,"Wiper leaves |Wiping blade
119505",1.0,8.44,E422,A95BE7A2-B7E1-420E-AC59-DA3FACA3B725
1781,14802148,"Service oil change |
0.1l Helix Ultra ect
C2/C3 0W30",47.0,70.5,E441,F2DF2539-0F16-46DB-8619-A9E1997EE150
1782,83125A85517,Disc clarification with frost protection,1.0,5.14,E416,AF241824-F1FC-4BE4-B43A-5415DBC8510B
1783,X1,Miscellaneous,,100.0,X100,D7EE785C-A564-4E15-A0F9-ED333FA12456
1784,14800501,"Car, otherwise. Autoservice |
Labor value
INSPECTION",170.0,277.1,E211,0DE4D3DD-E05C-4321-8115-FBA426666F94
1785,14800480,"Car, various services
0.1 l
Display frost protection",3.0,12.6,E416,CD7CB03C-00F6-4BC4-B5F0-EE7E5D5166A1
1786,27061950,Complete the battery,,29.6,C201,DD85B938-3593-491C-8A9B-B8B5D8F79476
1787,1-EBC-345,"Tuev acceptance / HU
To para.29 StVO",1.0,150.0,E325,E28FB97E-855D-4147-AC28-62E3DC521DB5
1788,M100000557,Frost protection (3356),0.5,5.75,R106,37AA0C52-4507-4EDB-AEB0-C09EB679F669
1789,10044448801,Tire package 1,,69.33,P149,33375E99-7FB4-40F8-805D-D326F4BB331C
1790,95507807,"Glue lamp
12V16W",1.0,2.97,L103,9D71DEF3-E2C7-498D-915C-F69FB46EB08A
1791,11001A,Renew the engine oil filter,0.7,72.8,E413,F0AC6DDA-FD82-46F5-824B-CD52B225F97B
1792,27068950,Battery shop,,16.2,G116,516EEB99-46ED-4517-BABE-B91CAC3FE76C
1793,2453,"Maintenance service after
Manufacturer specification (see
Maintenance plan): Service all
15,000 km/ 1 year,
carry out",8.0,93.2,E211,8D55D3B8-7F0D-47F1-85E6-5405951E5829
1794,83125A85517,Disc clarification with frost protection,1.0,5.14,E416,2C5ACDE2-7A80-4070-A5D5-B2CFFCCDDD9C
1795,4041510,Battery exchange,0.3,34.05,C201,A8FFE8E4-2D02-4BF7-A3EF-53C474A74200
1796,14800480,"Car, various services
0.1 l
Display frost protection",25.0,8.75,E416,2BCD68DB-7E08-43D8-9AD0-3D4D64DAF5CB
1797,2420671,Replace brake disc at the front-pages,0.8,119.2,F208,6CE7616C-4F15-4638-9983-2514EC5A2945
1798,1152,"Assembly package with
Disposal of cars (assembly",4.0,68.0,P165,5E8D2515-C41B-4FF8-803F-7E01EED14555
1799,667,Fill in adblue,2.0,20.4,A101,068E88CF-3C1E-48F6-88EA-3C2B108A9B81
1800,27061900,Battery removed,,36.3,C201,8BB63D11-5276-4B14-864A-E6E0606C80AA
1801,93840000,Original maintenance work,0.5,64.5,E249,20286B23-75A1-4979-B03B-069F0915A7F6
1802,27068950,Battery shop,10.0,12.6,G116,A15A135C-25D4-4331-BBE4-7A94C9CA560D
1803,27068950,Battery loaded,,12.5,G116,C06C3756-9C24-4F96-B427-3E5618ABE66A
1804,ZZ6670RW,"Clean wheel change including change
(Machine wash) and store",,88.15,P149,736BAA3A-6183-438A-8D42-547FCA72F939
1805,Z010036TE,BATTERY,1.0,1.13,I104,39151401-AAB2-495D-9C85-7114145AEBD3
1806,ADBLUE,Adblue 1000ml,4.32,21.73,A101,44EFF8F4-0C65-4DB1-AEDB-40AECCC05FC7
1807,32324600,Charging cable,1.0,387.31,W501,AEEEA73A-CB28-4A66-B6B9-B46D51583C65
1808,236508VGZ00,Tire goo,1.0,177.47,P311,BD669CDC-8C47-4D74-AEBD-D090B7A4E28F
1809,W20,Motor,6.02,118.77,E441,ECC6FA01-DCA3-45E5-8C5F-FC77015D5533
1810,41011,Make a short test,,32.77,G109,DFE1AAF8-9CA9-4151-98C8-EFE1432A5648
1811,55495596,Nox sensor position 1,1.0,525.0,G315,2DEDDF77-A522-4A6F-A054-840CE57A4BC5
1812,25680910,2 brake discs VO exchange on the vehicle 11,12.0,150.0,F208,8ED098CA-C400-419A-9615-7F8FE6B72190
1813,ZZZ052910EXT,UREA,17.15,54.88,A101,C9F86559-70AA-46BC-A8EB-BD6AD7D417A9
1814,27061900,Complete the battery,,55.4,C201,CEC19832-44FE-4CF6-BFC3-6393F3B41845
1815,19206502,"Car, main inspection |
HU/AU external performance
Prüz., 3.1.1.1 A. VIII
StVZO (BW)",1.0,154.0,E326,1B463530-6249-4325-A0E7-F47FEAE5D766
1816,8 S002610,"Change wheels, summer bikes
Stored",,79.83,P149,F5AA3042-E823-4B94-8EEC-5378F6D5DFC9
1817,5010OW-33,Longlaid,1.0,18.73,E412,F16AD660-E84D-4CB7-8CB2-9E53E468B170
1818,0986479C33,"Brake discs |
Brake disc
479 C33",2.0,177.3,F208,351442B9-B74F-47CF-88E4-39A2C6030D46
1819,1500060,GfS/guided function.,,41.34,E102,847C6A29-78CB-473C-B317-D416F4999D5F
1820,24J-54E2YA,Changed and balanced 2 tires at the FA,0.8,72.0,P165,0428BC00-9EB8-4875-8E58-7C6767439B93
1821,312111,"Check the battery
LT tester battery defective /
SUBSTITUTE",,38.0,C103,8E3C1F71-7DA6-4E6E-8081-D3046234DF5A
1822,ZSBO327WU,"Plus service tires (assemble,
Store)",,95.8,P149,A012E6AF-E6BE-466F-B507-EAF1B27F7D45
1823,,Refill oil,1.0,18.73,E412,AD79B1E7-6969-4197-83A5-31A930F001F9
1824,1223,"Assembly package with
Disposal of LLKW (Monday",2.0,36.0,P165,AE4A5F4E-A6F3-4227-A7E7-E4B96F162EFA
1825,540000,"Maintenance A, 24,000 / 1st year",1.0,115.0,E211,A8A79BE7-93C7-4AA0-81E3-BCC1DD8A38AD
1826,12161,Section 29 StVZO,,16.0,E310,D2448014-B03C-4CD8-9BF0-7DD0B537ED8A
1827,Z44059999,"Seasonal cycle change with
Storage",,74.79,P149,7BBA57D0-B560-41A7-AA56-6BA4B9622A10
1828,19206508,"Car, main inspection |
HU/AU external performance
Prüz., 3.1.1.1 A. VIII
Stvzo (be)",1.0,153.0,E326,D38A8CCF-C245-44EA-8927-9B788BDD8227
1829,52630910,"Back brake lights
Exchange on the vehicle
-Tritt brake light",2.0,24.84,L103,598BE3C2-8893-45AC-B41B-2F8AB7628B6C
1830,540642,"Battery of the 12-V-
Surcase network for condition
Pruefen (after a short test)",3.0,46.2,C103,4505ABD0-3BDE-449F-8C69-CCD821849C85
1831,KRW1,"Complete wheel change
including seasonal storage up to 17 inches",,83.19,P149,4140524E-ABE7-411F-8BFB-0C11C7F315DD
1832,1-EBC-71,"Error memory
Read out /loeschen
(as part of the inspection
for free)",1.0,34.0,E101,372EAB08-51ED-4F6C-9DB7-D022C441AA98
1833,1500000,"GFS/guided function
Please GFS Lind Ru.-1445 possibly
ET guarantee or vertical red
Gelder and Sorb",,237.18,E102,EBADA023-FB71-4F0D-9E87-6E3299ADE456
1834,21026,"Frost protection,
Panel cleaning system
Power anti-frost-25 ° C
5l finished mix",1.0,12.16,E416,D8925361-B7F7-4A6E-A566-C6C3FB637C3C
1835,43930004,"Association pocket after
DIN 13164",1.0,8.73,X534,3B1510F7-2134-48E4-8AED-093A9FD8F643
1836,290000,"System test according to the diagnostic plan
-> Battery voltage low <-",0.9,104.9,G109,A7638D37-7220-4483-A5C6-D9844EED56BC
1837,NL16009,Adblue fill in BMW Rent,2.0,29.0,A101,6FD9626C-B9F9-4FDB-853F-8CEDADCB961C
1838,1223,"Assembly package with
Disposal of LLKW",4.0,72.0,P165,2322DA63-ECF0-4319-BDFF-698DDC8EF206
1839,24012701031,"Brake discs |
Brake disc 24.0127-
0103.1",2.0,180.36,F208,58520FB5-D48D-4EAC-8349-E49029B42186
1840,14800562,"Service brake |
Work value brake |
Work value brake",90.0,146.7,F206,22467216-6842-41D5-80F0-F20EBDE1DD0B
1841,93840000,Inspection carried out,5.0,60.5,E249,0490B669-736A-4D98-A3D6-8AB8534E1B12
1842,4041510008,Battery with battery tester,0.1,11.35,C103,A8FFE8E4-2D02-4BF7-A3EF-53C474A74200
1843,SLM,Maintenance service,0.8,100.0,E211,6507FD55-3AFB-4323-904E-F1ED2E42396A
1844,0986479315,"Brake discs |
Brake disc
BD1219",2.0,246.0,F208,1FFB22FB-2FCC-42BB-B703-78BFD1F42210
1845,27061900,Complete the battery,40.0,56.8,C201,F612FB35-4C5E-4B77-94CF-F6314299CE34
1846,SL40,"Change wheels + store
Profile depth of the dismantled
Wheels in mm: -Vl: ... 5 VR: ... 5
HL: ... 5 Mr.: ... 5-place no .:0233",0.7,63.03,P149,6B64047F-E603-43AC-B844-FEBDB12BAE46
1847,6310502,Set headlights,2.0,35.1,L118,730E907F-F6FB-4712-8CB4-D98CC7CCE72E
1848,600963,"Maintenance service after
Manufacturer specification (see
Maintenance plan): Service all
30,000 km/ 1 year
carry out",11.0,128.15,E249,F9AE3BC7-79EF-412D-B389-DE0D3BE79036
1849,HD,"Main inspection according to § 29 StVZO
without exhaust gas test",1.0,96.0,E319,0EB0A43F-3C19-4163-9F54-60D07051E7A2
1850,72350L-BATT,Device battery,1.0,6.0,I104,B2EEB6ED-0FF0-4687-864C-EC3F7001BA6B
1851,14800480,"Car, various services
0.1 l
Display frost protection",20.0,7.0,E416,8D54E018-F75C-4642-A731-A017CAD24F12
1852,AD1,"Bike assembly, balancing with valve + weight
1 tire",,18.91,P165,20935DBA-E115-4651-BEED-636B3C6FC759
1853,,VW50400/50700,1.0,18.73,E412,2638AB8F-E010-413F-8524-E8031FC3D745
1854,46502050,"Brake disc front axle
Renew both sides",11.0,112.2,F208,B83B3F79-A215-4414-9AE8-08C2C7004BAD
1855,19206502,"Car, main inspection |
HU/AU external performance
Prüz., 3.1.1.1 A. VIII
StVZO (BW)",1.0,154.0,E326,06199800-25A4-4452-AC93-D83CD2037C25
1856,1340010,"Maintenance service after
Manufacturer specification (see
Maintenance plan): Inspection
Service without oil change
carry out",13.0,132.6,E220,5E139C09-8823-408E-B09F-5452F438B1EB
1857,F100,Disc cleaner,1.0,4.11,E416,474433A6-18E5-480D-A3D2-9ED5E5505A82
1858,Q2059999,Adblue,18.0,27.76,A101,82B521C3-BA0A-4DBD-8187-1076F929550E
1859,312141,Battery A+E,0.3,35.7,C201,AC3108FA-0DF7-45C2-8077-7B2C9BD4C8A3
1860,1-EBC-345,"Tuev-
Follow -up",1.0,16.8,E309,19AA5CBA-1EAF-4CA5-9D1B-DE3995FDF82C
1861,10911017,"Complete assembly car |
Complete assembly 15
Up to 17 inches",1.0,17.0,P165,F81C4CDB-05E1-4CEF-9D13-519FFB591673
1862,2463,"Battery remote control
renew",1.0,10.2,I104,90F72381-5E2A-4F00-8DC9-CFD5AB6F239D
1863,52890910,"Glue lamps of the
Lights light exchange
On the vehicle",0.2,29.0,L103,015F3906-1FA6-417A-8F08-A52AF6D7E7A9
1864,1-EBC-345,"Tuev-
Follow -up",1.0,16.8,E309,1908D842-E6E1-4F3C-8982-F9C61C2522FD
1865,12159,Review according to § 29 StVZO,,155.0,E326,13A8C14C-5440-49E3-8420-D09CAFF24258
1866,4139P,Brake disc,,245.02,F214,562489F8-C6C5-4C13-91B4-1B68C38B4F0D
1867,5010000,089 AC,,215.8,C201,115B2845-B35D-4E3F-933D-532A1F0579E7
1868,4026050996,Diagnosis,0.6,72.0,G109,E357F61D-0661-46E6-B265-34C73F9001D2
1869,91930002,Cleaner (in liter),1.0,5.86,E416,C0AB8220-20C9-4C80-98BA-D76F52D7B19C
1870,14800562,"Service brake |
Work value brake |
Renew brake fluid",50.0,81.5,F506,12A51CBF-DED9-44BE-AD59-77656E8DDC5E
1871,10911030,"Complete assembly car |
Complete assembly
Van/van",2.0,34.0,P165,EA30B219-684E-445D-9A5F-03A8DCE762C3
1872,1500060,Ges/guided function,,97.5,E102,09202952-BD11-41AA-A6A7-952A73C434E6
1873,14800482,"Car, various services
0.1 l
Kuehler frost protection",10.0,15.0,R106,0DE4D3DD-E05C-4321-8115-FBA426666F94
1874,HU6013Z,"Oil filter |Oil filter
6013 Z",1.0,18.53,E413,A4F6E2FE-BB3B-4BAE-8AB3-F16DFA926ECD
1875,14800501,"Car, otherwise. Autoservice |
Labor value
Inspection |
Labor value
INSPECTION",60.0,97.8,E211,0F6D4717-A95D-4968-84F8-3D03BD6E535C
1876,27065550,Battery replaced,,15.5,C201,D29BC48B-6713-464C-B9DF-52B2EC816C5A
1877,SLM,Closeness test coolant,0.3,36.6,R210,6B477B9B-2701-4D56-8C2C-A6618E7519E0
1878,VN10528301,BATTERY,2.0,6.83,I104,895A91D8-FE46-4BB7-B75E-319F677CB6CA
1879,0012159,Review according to § 29 StVZO,,170.0,E326,4EA8F72E-7964-4521-8442-D56E96CC16C4
1880,6040099,"Carry out initial diagnosis
Error message: oil pressure low",2.5,24.95,E102,C70DEC71-D4E5-4740-8796-9A689B3C0945
1881,83125A85517,Disc clarification with frost protection,1.0,5.14,E416,4164C723-E03C-41B7-948D-BDF6DA657635
1882,5123600,"Front flap lock on the right
replacement-restricted
Function, spring is missing (pictures
created)",4.0,57.24,U227,B9732D56-49BF-4099-B7E3-756CD8A96C08
1883,47206813,Renew the battery [Standard],0.1,10.5,C201,8EDED505-C585-42F8-A6A9-265CCABBDF33
1884,1FS500,Clarification,1.0,3.8,E416,196ECB03-1192-4BD0-8EB7-479E96B330DD
1885,1340010,Inspection.,,119.6,E220,3E777AAF-B57D-4076-9378-FCE008EA587A
1886,AZ00ADB,"Adblue refill fixed price
Inclusive material 111iters",3.0,41.6,A101,DD7DC254-39E8-4294-9F84-3DD5CC60AE3C
1887,3323000,"Frost protection,
Panel cleaning system
AntiFrost+clearance",1.0,5.03,E416,E47FEF87-82D4-48E3-BFC7-7133F41C5D0B
1888,216557V87COCY1,OZ-WKR-CON 215/55/17,4.0,1509.24,P706,06AEC456-1564-4F77-9EF3-D0D41DB27FCC
1889,92S5A130,Starter battery S5A AGM,1.0,354.0,C201,D82D8728-A648-472B-BCDE-8E79EBCBEA21
1890,27065550,Renew the battery,6.0,61.2,C201,4B8C11C2-2215-4CF7-897D-E84FC710D4C6
1891,2603000,"Cleaner,
Panel cleaning system
Windshield",1.0,6.38,E416,7A3919F9-CD4A-4501-A3A1-2D7882BFDBEB
1892,14800563,"Service electrics |
Labor value
Vehicle electrics |
Battery hand transmitter
renewed [minutes]",6.0,10.2,I104,3D578324-0532-41DE-9D37-64204A013651
1893,27065550,Battery replaces 399,,16.9,C201,EAA3CAA2-8AC5-4614-A1E6-8F3101235ED2
1894,93190466,LAMP,1.0,2.0,L103,7DB156B8-EA7E-478C-9026-71BE0BC07E86
1895,R300,"Change wheels including
Storage",1.0,67.14,P149,5B6F47D7-6746-4011-8A7C-A566CA275391
1896,1500000,GfS/guided function.,,31.0,E102,3D9A479F-DA0A-4541-AEAC-A4F1CBA39B16
1897,1980000,"Towing from Rostock
Südstadt
Order of Ms. Hinz (fleet
SIV) 100 kilometers driven",,319.0,X702,372E4775-7BCE-4FFC-B938-180B3C2A1571
1898,WA,Display frost protection,2.0,6.0,E416,2FB22D63-589D-47B5-8830-34EC37951821
1899,34107 0000618,Renew brake fluid,6.0,61.2,F506,78BDEAAF-2B27-4168-94A8-4F804E67E3D3
1900,14802148,"Service oil change |
0.1l Helix Ultra ect
C2/C3 0W30",55.0,82.5,E441,901A7C51-D210-4AF0-9C2F-A7B2A99D4CFB
1901,ZS4405C1,"VW-AB tire service package +
Storage",,88.22,P149,34F691DF-9516-40A5-B226-EF7B87C90D63
1902,83122413061,Disc clarification with frost protection,1.0,4.05,E416,8C92582A-9215-44E1-8DF5-EEAC72181910
1903,14800480,"Car, various services
0.1 l
Display frost protection",30.0,12.6,E416,BF85E6FA-BC54-4D82-956C-2757CB30C3B7
1904,95530556,Battery 12V,1.0,279.05,C201,D7FA26C0-0CB8-4E95-BA30-A33F39303900
1905,CR2032,"Otherwise. Parts vehicle electrics
|VARTA CR 2032",1.0,2.79,I104,FDD3444C-7E80-46F5-AAA4-411BBB4B5D8A
1906,95515591,Battery 12 V,1.0,225.23,C201,8A4ADE6F-840E-4B38-B651-9EE9615E47FA
1907,6430300,Replace the battery from radio key,0.1,10.25,I104,DDD5905A-ADF9-486F-9229-A8D6FB3CBA7C
1908,A0005061500,"Control valve
Discount group: 23",1.0,292.6,M506,0F53BB7A-6242-4ED9-924D-8657A2328B23
1909,36115A92C79,"RDC Complete bike winter
Light metal",4.0,1210.08,P713,A50FF3E5-CBA8-4F42-93FE-D4021EF0D055
1910,00-1154,Service A,,110.15,E211,766E82C9-1191-4CA8-9CD0-2DFF0E228AF9
1911,312114,Battery A+E and test,0.5,52.5,C201,15F75504-539F-4F3F-8760-AD374CF16880
1912,83125A85518,Disc clarification with frost protection,1.0,18.91,E416,AF8074D0-ECB8-4FDF-A479-9AE51DE69240
1913,99999999,Motor oil level checked/corrected,,6.25,E405,D32282F5-28DF-4B42-9F9E-806C15FFBC30
1914,2420150017,Replace the brake disc front,0.2,22.2,F208,16246897-1BCC-426D-B2CC-1F148286E2C0
1915,1EBC71,"Error memory
Read out /loeschen
(as part of the inspection
for free)",1.0,49.0,E101,A13A3525-56D6-457A-A83D-07AE4D1198BA
1916,OEL0010,Titan GT15W-30,0.5,9.37,E412,3333C69A-4073-4803-93F8-3EA06D45393C
1917,10911017,"Complete assembly car |
Complete assembly 15
Up to 17 inches",2.0,34.0,P165,EE0FB530-90CC-4680-BF4D-89519F154814
1918,2220,Change of wheel + storage,,88.23,P149,53D71FA6-FCE8-45B2-B08D-5804565E73EF
1919,44050098,"Seasonal retrofitting Arval 107
Good Year grip performance
235/55 R19 107T 4222 and 255/50 R19
107T 4122 assembled",,95.0,P149,5B3000EC-4D31-4605-ABFE-1C5B71EFAF1E
1920,0986479C33,"Brake discs |
Brake disc
479 C33",2.0,177.3,F208,8EDE1F6C-A1EB-4F2B-B548-A80EF4A5B9CE
1921,8E0012619C,Ripe,1.0,48.23,E421,7B8B01D8-8048-430E-B089-76454C7492C2
1922,19206508,"Car, main inspection |
HU/AU external performance
Prüz., 3.1.1.1 A. VIII
Stvzo (be)",1.0,153.0,E326,399C344D-720A-4D49-997F-1B3D42CC1133
1923,27061900,Complete the battery,,41.34,C201,847C6A29-78CB-473C-B317-D416F4999D5F
1924,93840000,Inspection carried out,5.0,60.5,E249,D8B107DC-C364-4FA2-8AEA-6F636DC5D569
1925,OX13,"OX1340D oil filter
Mash
EAN: 4057635205900",1.0,15.28,E413,05ADAF55-2EDE-478B-9634-D0CBEB71EDD0
1926,93830000,"Maintenance service after
Manufacturer specification (see
Maintenance plan): Service all
50,000 km/ 2 years
carry out",10.0,102.0,E211,4550919D-6C8F-4556-9160-9B82A24604E2
1927,57085599,"Battery for radio key 001
Replaced",,12.5,I104,D5016781-3C7C-42EB-9E7A-A09886A78232
1928,922503,Offer price,,100.76,P149,DAD78269-B82B-46DB-9829-A6B4D38CD310
1929,Z4444RE,Change of wheel + storage seasonal,1.0,92.35,P149,A1760BFD-3584-424A-AEC9-4CF653E526C8
1930,103000,"Storage Ground incl.
Change of bike",,58.68,P149,5346A912-0696-495F-9B3A-F983C23A3FE6
1931,915089AC,BATTERY,1.0,215.8,C201,E433C48E-78A4-4A61-9A7C-1CC8698AC9B4
1932,13.0460-2785.2,"Brake padding,
Disc brake",1.0,86.62,F214,B83B3F79-A215-4414-9AE8-08C2C7004BAD
1933,103000,"Storage Ground incl.
Change of bike",,58.68,P149,B9C6B6BF-A1A5-4279-B2D4-F53B04A1D0AF
1934,2080258,Glue lamp,1.0,16.16,L502,C699C6CC-E424-47BA-8D8C-2FC4466857F2
1935,F026407143,Oil filter,1.0,13.6,E413,44269C8A-2930-495F-B37D-E071DE6446AC
1936,1-74X2GY,Motoroel with Longlife,4.0,63.2,E441,6100478F-D613-4107-BF40-DC6EC505BD9B
1937,19206529,"Car, main inspection |
HU/AU external performance
Prüz., 3.1.1.1 A. VIII
StVZO (NW)",1.0,155.0,E326,02E12BA4-FD2A-4E6A-9ABD-515929DDBC8E
1938,83125A1A167,Disc clarification with frost protection,1.0,9.9,E416,FFEAE0B7-0DCE-4603-AD26-2ED5D325FEB4
1939,,05W30 FPW9.55535/03,,14.93,E412,B2868E05-BF74-499B-8F8A-8F03450955EA
1940,1541 MUA,Renew brake fluid,0.6,72.0,F506,56E69964-2F30-4752-8D13-F0E2922B1CDA
1941,312110,Check the battery,,34.0,C103,6A9DE168-907D-48A5-BAB2-23D71DE8DBC3
1942,27060100,Battery checked,,31.0,C103,D88C1454-5059-474B-9EA0-F3F6B94D46B4
1943,19205005,"Complete assembly car |
CPL.Amtauf
Van/van
Active.rdks",4.0,88.0,P165,3280B046-9293-48D1-88CA-F6BFFBEEAACC
1944,44999999,"New winter bikes installed LA
Summer bikes in the vehicle
Laid
""Please the bikes after about 50 km
The prescribed
Tighten torque *",1.0,33.61,P165,FA491E0E-1015-41EE-96BA-B084EC5C40E8
1945,PAFR0058B,Frost protection,1.0,10.38,R106,FA19A2B6-E935-43DE-82DA-DDA69499E09D
1946,5L906261B,SENSOR,1.0,311.55,G315,9D8E68A0-DE9C-424C-A995-509884D55B89
1947,2K806150282V,Footrest,1.0,53.78,Q213,2170FCA1-5159-43E1-A2FF-49428B7EFBDD
1948,803208EU,Washing additive,1.0,3.0,E416,FAD7C2C9-60C0-48C8-8479-3EF92B841CB6
1949,924001,"Raeder change with
Tire storage including
Cleaning for 1/2 year",,58.68,P149,E4784A7C-336A-4354-8E40-C07F8709C5FB
1950,5020N105,283 01,,3.41,I104,115B2845-B35D-4E3F-933D-532A1F0579E7
1951,27061910,Complete the battery,37.0,70.88,C201,32C0240B-86FA-4ED4-983B-7BB549ED2D66
1952,N10591501,Glue lamp,1.0,4.5,L102,BCD5531F-9696-41C7-9A12-158484AA9A14
1953,93840000,Inspection carried out,5.0,60.5,E249,75397DB4-9C89-48E5-8999-C4DD3125F15E
1954,312141,Battery out and install,0.3,36.6,C201,E54FE8E5-CDAA-4ABD-B2C4-107034878852
1955,1EBC345,"Tuev acceptance / HU
To para.29 StVO",1.0,171.96,E326,7FA5D3CF-8DC0-40D6-A419-AE5DE72234DF
1956,5452000726391,"185/60R15 88V XL
Vector 4Seasons gene
3",1.0,92.4,P511,807C3FC0-6CB2-48D0-BC0F-4E820331F3B3
1957,27065550,Battery replaced,,12.77,C201,730FC9C2-7F32-40D4-AD38-4FB21344D41A
1958,81930002,Windscreen fluid,0.5,2.0,E416,F2DB4637-475C-4C69-AA9B-D0EE981C1005
1959,Kühlerfrostschutz,Coolant,0.75,4.88,R106,44269C8A-2930-495F-B37D-E071DE6446AC
1960,F100,Disc cleaner,1.0,4.11,E416,2549F864-0E4B-4C58-BDBC-4E2CEA9CF84E
1961,8799206,"Tire probe 6mm
Total 1) Tires change up to 17 inches (1)",1.0,11.18,P204,40A34841-5883-4E9B-8BBF-1A7B66952251
1962,9816284680,Fueling tire repair kit,1.0,35.33,E421,5FD2FB8F-1C23-44D9-A45F-15577A7FF49E
1963,290994,Read/delete error codes,0.1,11.9,E101,AC3108FA-0DF7-45C2-8077-7B2C9BD4C8A3
1964,64125502,Windshield (composite glass) replaced.,,327.32,O207,92BFBCD0-0AFF-415F-B900-679101DC3743
1965,99999999,"Chassis checked
Renewal of the tires recommended",1.0,50.42,T237,DE96E3BB-1544-41B3-B630-C5DDE2458C85
1966,93160455,"CLEANER
Inspections: unique controls/work",1.0,3.0,E418,7C8397C9-8DD9-4B61-9BF8-2073441723B4
1967,ZTS185655HGGP3,Tire goo,1.0,83.08,P311,7767A6C1-C8CB-4D12-A371-9F9A93BF96D0
1968,WHT001812,SCREW,20.0,78.85,P130,CDDCAB9A-5D3A-47CA-B1A5-5B4093FFDB80
1969,3528702109946,205/60R16 92H AO Alpin 5,4.0,406.0,P420,BF92388F-4834-4E48-91A2-7C8F6F63D23F
1970,83125A85517,Disc clarification with frost protection,1.0,5.14,E416,83DD5B32-EBDF-4163-AC5A-E01AF27A589B
1971,S18,0W30 Longl,0.5,9.75,E412,55620B9C-B2B4-4C57-8CA5-3460C18AF849
1972,12159,Review according to § 29 StVZO,,155.0,E326,8DBDEDB7-E9E8-4A08-BBCB-9FFB43C2D818
1973,915089BC,BATTERY,1.0,258.96,C201,2D1777D0-AA0E-4516-8003-371B11B427DD
1974,99999999,FZG. Preparation carried out,,49.9,X105,03309B73-0FC3-4ED1-A67D-6B6DD13A52FF
1975,1085270,"Battery key CR2032
Total spare parts",1.0,6.76,I104,13CE0FCB-B28A-4C47-B1ED-BD7D88E6955B
1976,6100006,"Vehicle diagnosis test module
Charging check",3.0,34.8,G109,523CCC8F-D4BC-4370-9E65-0D3380002C96
1977,AWET,Replace the battery,5.0,79.23,C201,0C3927B9-E34E-4E66-8255-DEB6E4D88FBA
1978,G052910DS,Adblue,12.0,27.9,A101,E9BA61C2-4E6D-48EC-A636-BB7ADA650C53
1979,8254,Exchange key battery,1.0,10.0,I104,C9CD69FE-C4EF-4FEB-AD79-8DF6F712B2B3
1980,OEL11,Oil Long.3,0.5,9.37,E412,73C1CFD0-CAF8-4AC6-9389-2CDF709F8DA2
1981,13626519,"Service oil change |
0.1 l Markenoel after
Manufacturer specification
0W20",40.0,60.0,E441,0F6D4717-A95D-4968-84F8-3D03BD6E535C
1982,ANZ819514,Disc wash fluid 20 ° C (1 l),1.0,4.2,E416,01986A84-A468-4380-B4BE-5E20F98B9F92
1983,27068950,"Battery loaded
To maintain the
For testing, measurement and setting work",,12.5,G116,E77568EE-35FC-43FB-9F0B-A1DC60FA926E
1984,ZTW205556TMA90,Ripening of the winter,1.0,121.58,P420,CF664866-92CC-4754-9B50-AEA052AB9854
1985,14800480,"Car, various services
0.1 l
Display frost protection",10.0,4.2,E416,14D8FFE9-04B9-418E-9012-8184D44B3C8F
1986,66126912985,Button,1.0,3.0,I104,011846A4-AD50-434A-AFF0-B1367095CEA5
1987,2323878,Bike cover,1.0,25.36,P132,17DE4614-110B-41F4-A484-46AD7230849C
1988,1535FA,"Motor oil Castrol Edge 5W-
40",1.0,22.92,E412,7F61C67B-6A82-42D9-9EDC-3FFA6A9E4277
1989,RAEDER2,Change of bike inclusion,1.0,91.6,P149,1C2AD0E5-F898-4B9B-873E-DDB921D273D3
1990,38S0910,Russian exchange,0.5,59.0,G315,8C320AFF-BA26-4347-8517-E788AD0BE32B
1991,N10437301,BATTERY,1.0,3.3,I104,1E5EB8CC-9AF4-46F4-8AB4-4703AFA170C0
1992,40111101,"Complete trader for storage
Departing, cleaning and checking
Factory: Michelin
Grime: 255/40 R18 99Y
Profile: VL 6 VR 6 HL 6 HR 6 mm",,60.0,P149,F647DED0-4EE3-46E9-AC28-87D83558EA86
1993,2446902,"Brake padding, disc brake Q+",1.0,111.27,F214,226EC167-05F4-4813-A904-D58DA0F3F14D
1994,1638015580,0W-20 motor oil C5 B712010,1.0,21.95,E412,5EEDB078-7B8C-4018-ADDB-8C85A5335910
1995,G052164DS,CLEANER,1.0,4.62,E416,CFA799C2-292A-4330-BCF1-790D53F94037
1996,1500000,GFS/guided function,30.0,38.1,E102,079A5215-B56D-4DC8-BE4E-BAE48A7065D6
1997,1638153480,Battery 12 V,1.0,395.19,C201,21A400FD-A070-4082-A64A-387F7DB6A57C
1998,11A0736498Z8,Complete wheel,4.0,1759.97,P722,05BAAC49-EEC1-4739-81F2-5FEF0F251113
1999,10911030,"Complete assembly car |
Complete assembly
Van/van",1.0,17.0,P165,A54356E1-4E90-42BE-8913-35755AF94481
2000,292060000610,Service motor oil,2.0,23.3,E222,57F60348-1B95-488A-8D66-004D917600F2
2001,600963,"Maintenance service after
Manufacturer specification (see
Maintenance plan): Service all
30,000 km/ 1 year
carry out",8.0,93.2,E249,A52F2ED1-7B2C-497B-95C1-714649BC4BA6
2002,1199000,Vehicle interior cleaning because of,16.33,194.39,X149,62A0292C-DA2D-4BE4-B3A7-64B705EF030B
2003,4069790,Renew the oil pressure switch,6.0,69.9,G227,C25B797C-138C-41C4-A0FA-25DEF9A698E8
2004,1-EBC-71,"Error memory
Read out /loeschen
(as part of the inspection
for free)",1.0,34.0,E101,E13057FC-6224-4C6D-8B09-9331A56AB09B
2005,3323000,"Frost protection,
Panel cleaning system
AntiFrost+clearance",1.0,5.03,E416,5AA06D95-1860-4A0B-8FEC-5C22801C7FBF
2006,39516979,Check the battery [Standard],0.1,10.5,C103,E96BC61A-04BB-4630-BCE8-5808FD5C2F79
2007,9110000,TÜV fees and exhaust gas examination,1.0,151.0,E326,0092C235-413C-4DF0-B930-9DE4BFEAA3CC
2008,83125A85517,Disc clarification with frost protection,1.0,5.14,E416,95CD8605-36F0-4077-B959-280C178E98CF
2009,1500000,Gfs.Guided function,,110.0,E102,45BBEBB7-5190-42C7-8CB2-DB9E0DB3C47D
2010,16079730,"Lamp Glassockel 5W
Total 1) License light lamp defective",1.0,1.48,L102,3100078F-55B5-4C07-9100-B14EC6E1AA7C
2011,4L907807GK,"SENSOR
ET VZ in stock 17-10-24 FM
ET behind / Kassel 17-10-24 FM
Another engine control, consultation
TSC It should all NOx sensors
be exchanged",1.0,444.88,G315,B285F35B-81B6-425F-8DCA-29BA67439C8B
2012,9833964280,SPARK PLUG,3.0,86.91,E427,0DC96E26-F225-43F9-B885-D94FFCC0C144
2013,1340000,"Maintenance service after
Manufacturer specification (see
Maintenance plan): Inspection
Service without oil change
carry out",12.0,122.4,E220,90F72381-5E2A-4F00-8DC9-CFD5AB6F239D
2014,1199000,Replace key battery,1.0,12.9,I104,BF50BB79-C01F-441B-9305-6A45023C18F0
2015,DEKRA2,"Main inspection including
Demonstration for exhaust gas inspection",0.1,163.5,E326,577520D7-7AB0-4D45-A414-230DD27DA9CF
2016,200,"Inspection carried out
1. Service",12.0,144.0,E211,FA191CCF-89E1-461D-B5C8-EF8FF2EE1029
2017,1-EBC-345,"Tuev acceptance / HU
To para.29 StVO",1.0,99.0,E318,F5E1402D-5822-4A59-84A0-93E8D875E1B6
2018,95515591,Battery 12 V,1.0,264.98,C201,9F5285CA-939A-41DF-8DFA-7178A59006E4
2019,27060199,Perform resting measurement,,130.81,I104,596C6216-5BC3-4296-88C3-264934506BEB
2020,9100000,TÜV incl. Au without VAT (continuous item),1.0,153.0,E326,C85AC35E-E8A2-4156-A920-501DAF0B108E
2021,93840000,"Tel. 069-3057364-
Sum job no.5000
Inspections: unique controls/work-
Original maintenance work",0.5,56.5,E249,48A6B8DC-3777-4DF5-B5B8-B77738BDD813
2022,27061900,Complete the battery,,64.8,C201,A31CBE9E-5070-47EB-8E6C-CCE7624D0360
2023,Dot4,Brake fluid LS6,1.0,11.5,E402,897EB596-04A8-4D69-B597-8F1C530528C5
2024,2420150017,Replace the brake disc front,0.2,22.2,F208,7A666E1B-A8EF-45B1-B7DC-546546CFC1C3
2025,4026050,Sensor replace nitrogen oxide position 1,0.8,56.0,G315,2DEDDF77-A522-4A6F-A054-840CE57A4BC5
2026,1078061,Panel clean.,1.0,,E418,BA69AC99-833F-431F-9564-B1C3C02803C0
2027,990MUA,"Diagnostic unit followed/
Herst.",0.3,34.95,G109,C63F0531-1660-415B-9809-1AC8CF8A0FFC
2028,SLM,Inspection 12 months,0.8,80.0,E211,2D5E0867-BD8F-4652-9AFC-41E3A9DDDC9D
2029,N0177382,"MS 12V 21/5W
Times yes no, this happens
Irregular.",1.0,3.19,L102,87B91A4B-6AE2-4D95-B84D-E3605DF955D1
2030,44055594,4 tires replaced up to 19 inches,,58.74,P165,81F8A6F7-C8E1-4277-8A42-FBB0C532236B
2031,27060100,Battery checked,,31.0,C103,7DCACC66-E733-4503-9C0F-B568DEF617A2
2032,14802153,"Service oil change |
0.1l Helix HX8 ect C3
5W30",40.0,76.0,E441,D0F58DAD-75AA-4E93-8E11-1A067F4A0485
2033,2050069103,"Other
Frost protection/disc cleaner",10.0,5.0,E416,5A72CA3D-905D-46E1-88BF-77D76E737020
2034,1-EBC-71,"Error memory
Read out /loeschen
(as part of the inspection
for free)",1.0,34.0,E101,DB424F4F-DF35-46B7-97D4-44DE1BED624B
2035,12161,Section 29 StVZO,,35.0,E310,7610B53A-38E3-4378-9226-B99F8A073439
2036,OX81,"OX813/2D oil filter
Accesories",1.0,20.65,E413,E8F99973-9548-45BA-B6DC-B4077A9E58C0
2037,290990,"Diagnostic unit followed/
Herst.",,37.44,G109,98834DA5-E9A2-410E-857C-25A297D89A68
2038,OC 614,"Oil filter |Oil filter
614",1.0,19.81,E413,D0F58DAD-75AA-4E93-8E11-1A067F4A0485
2039,14800480,"Car, various services
0.1 l
Display frost protection",25.0,8.5,E416,37058C35-1B81-4CAB-9172-628C212BBA06
2040,47159733,Battery out and install,0.75,78.75,C201,A510F687-3800-4BC4-8FCB-FA55D3E249D2
2041,27061900,Battery removed,,46.5,C201,D29BC48B-6713-464C-B9DF-52B2EC816C5A
2042,19206508,"Car, main inspection |
HU/AU external performance
Prüz., 3.1.1.1 A. VIII
Stvzo (be)",1.0,153.0,E326,0E66FED7-6AE0-4A67-AB91-AC82F17F1D03
2043,44052098,"4 stored winter bikes
Assembled",,37.82,P149,2723CB77-454E-426C-B10C-49C202A14125
2044,27068900,Battery shop,,28.9,G116,57794684-792E-4A84-BC7F-A2BDA8C6D536
2045,R300,"Change wheels including
Storage",1.0,67.14,P149,0A878741-473D-4589-B209-8C3B5B4D948A
2046,14800480,"Car, various services
0.1 l
Display frost protection",20.0,6.8,E416,12A51CBF-DED9-44BE-AD59-77656E8DDC5E
2047,47157455,"Error memory query
carry out",0.25,26.25,E101,A5C90F58-1FA9-4569-ACFA-B75D543180A5
2048,"ZRE16""","Change of bike with storage from 16 """,,83.19,P149,D96E2663-452D-48E1-ABDF-56A0199A19CA
2049,1611909180,Disc wash fluid 20 ° C (1 l),1.0,2.68,E416,7F1D1461-0FA1-4561-BE11-C5ED18F1F718
2050,1EBC345,Error: 'Translator' object has no attribute 'raise_Exception',1.0,158.0,E326,57847B0F-D765-4E7E-A3F2-0B0B19ED6561
2051,44405699,2 tires.,,42.0,P165,5A0430BC-1908-4CDA-B3EC-D403E6A52F60
2052,44950300,Measure the chassis,9.0,91.8,T103,609C3C91-DB29-4114-9104-D173F409F212
2053,290000,Error: 'Translator' object has no attribute 'raise_Exception',0.9,104.9,G109,A285BAD1-39D7-4C9D-A0A2-8DEAD4F18EE4
2054,1EBC345,"Tuev acceptance / HU
To para.29 StVO",1.0,158.0,E325,795792D3-D350-4601-AD06-75B33C58357F
2055,2629110,Lights on the license plate/li.,1.0,10.1,L215,BF2485F8-B7D2-42AD-9278-FC36E85D8326
2056,55545M2EUR,0W-30 LL Ill,1.0,18.73,E412,5F252534-FD18-479C-A2DF-F55CF1835251
2057,11027068950,Battery loaded,,15.97,G116,6912DA04-F65C-4CC0-9E69-0211658F885E
2058,290990,Diagnostic unit followed/Herst.,0.3,30.35,G109,20FFD42D-371F-445D-BDBB-55F97C323E3B
2059,27061900,Complete the battery,,46.2,C201,BBFDFB32-1259-4688-B832-052F77678644
2060,3999,12 months TomTom Traffic & Connectiv,1.0,50.34,F139,F454D6CF-F13B-4071-982D-59DFA691E9A4
2061,10A071490,Bax1 light metal rim,4.0,1307.56,P601,6C77F737-0F5F-4BD8-A89A-ADA3FF676429
2062,986478853,"Brake discs |
Brake disc
BD753",2.0,137.85,F208,434E9BB4-56CE-41BF-9D72-985D3CA02842
2063,14800562,"Service brake |
Work value brake |
Both brake discs
renew (front axle)
[Minutes]",54.0,91.8,F208,11B9A505-9E13-4DEC-A211-991FEEEA80EE
2064,44002299,"2 tire assembly on rim incl.until17 """,,30.25,P165,A678AB67-AE8B-44E3-8DBD-CF7C0500DAC2
2065,ZHP1018,Store wheel change from 18 inches,,106.72,P149,18B38DF7-1D23-4ACF-AFD7-878A6ED9B2FA
2066,290994,Read/delete error codes,0.1,11.9,E101,73F48603-F268-401E-9381-7EEB3896EA2E
2067,95515591,Battery 12V,1.0,264.98,C201,7696F693-7798-4645-9558-4B96F96E32EC
2068,27065550,Battery replaced,,13.5,C201,2AC94595-668D-4E21-941D-2AF06E20371E
2069,1EBC345,"Tuev acceptance / HU
To para.29 StVO",1.0,158.0,E326,0D398394-FF21-46E0-AB9C-3C18522E1684
2070,55516786,Sensor nitrogen oxide,1.0,533.3,G315,024097DB-E575-43EA-8B8F-5C3C1BE34B02
2071,915089AC,Error: 'Translator' object has no attribute 'raise_Exception',1.0,215.8,C201,516EEB99-46ED-4517-BABE-B91CAC3FE76C
2072,93840000,Inspection carried out,5.0,60.5,E249,DBD62635-F664-44BF-90A0-C5DDED2C7F2C
2073,W30,Motor,0.8,23.08,E412,2CFC254B-E983-441E-8807-295E5A0FA33E
2074,1EBC345,"Tuev acceptance / HU
To para.29 StVO",1.0,158.0,E325,3FFC4D09-C0D9-4FC1-897B-61F5F5252117
2075,559459,Set TPMS sensor,4.0,140.15,P180,84FA6BC8-E60D-43E2-8414-5C589C6243CD
2076,M999999907,Motor oil (3224),1.0,17.5,E412,EAEAC254-DC0F-4401-845D-A9C297BCB2D4
2077,2707379,Windshield,1.0,997.46,O207,2371D497-D81B-44D9-9560-FBE76ED872AB
2078,312110,Check the battery,,34.0,C103,77999121-E3CF-4320-9313-37E020F79CA4
2079,112,2 years,1.0,155.0,E326,E9228BC8-569F-4171-8363-373DF233CD9A
2080,1340010,Inspection.,,119.6,E220,AC131AA8-22A6-408D-91DD-FA5A2DB8166A
2081,27068950,Battery charging maintenance GFS,10.0,17.66,G116,45016C25-C316-4C63-AB0D-7309801312D8
2082,N0177322,Glue lamp,1.0,2.18,L102,EE266BEE-A47E-4B79-9FFB-DBA86C2983CA
2083,93830000,"Maintenance service after
Manufacturer specification (see
Maintenance plan): Service all
20,000 km/ 1 year
carry out",10.0,102.0,E249,37EAAC22-C544-4EED-8484-1E73838409B5
2084,39560845,"Brake disc front axle both
Renew pages [Standard]",1.3,136.5,F208,2D4C4B54-46D2-48B2-975B-27D97D82BAEB
2085,-38991412,"Inspection service with
Oil change (from model year 2021)",1.5,157.5,E220,44269C8A-2930-495F-B37D-E071DE6446AC
2086,AVFHU01,TÜV fees HU + AU,,150.0,E326,5D34DD63-75E5-4B51-9513-780FEDF47333
2087,8W0906261E,SENSOR,1.0,372.93,G315,E77568EE-35FC-43FB-9F0B-A1DC60FA926E
2088,83125B5ED57,"BMW disc clear with
Frost protection",1.0,5.22,E416,559615BB-A2A8-463C-8013-33D2EFAE7CC2
2089,1EBC345,"Tuev acceptance / HU
To para.29 StVO",1.0,153.0,E325,4EBC035A-9C8C-4028-A554-402B09D35D7D
2090,17305530,Replace the oil filter,,55.3,E413,5331CC26-F6F9-45CE-89BE-20D7CB8B2C46
2091,G052910DS,Adblue,16.0,38.8,A101,FAB8C1BA-638F-4EA0-8940-1F6EDCA54826
2092,VW0W30,Original Motor oil 0W30,0.3,5.63,E412,8B10D62D-C9B0-4F57-8427-16CE82FB9F1B
2093,27061900,Battery removed,,46.5,C201,D88C1454-5059-474B-9EA0-F3F6B94D46B4
2094,OEL000008,Motor oil VW,1.0,18.73,E412,139EFA07-3628-4B29-BA7F-9F7B657D379D
2095,26883552,Fill in adblue,1.0,10.2,A101,A7BF3CF9-0A05-4313-8591-896DDB1CEFD8
2096,93840000,Original maintenance work,0.5,55.0,E249,DDF3D987-8BC0-4970-9D19-0E55AB4E9DCB
2097,AWET,Replace the battery,5.0,57.5,C201,21A400FD-A070-4082-A64A-387F7DB6A57C
2098,321470,Renewal headlight lamp renewy low light,0.3,27.0,L502,AAA3C309-FEF8-452D-9073-CB3051F457F5
2099,13653189,"Service oil change |
0.1 l Markenoel after
Manufacturer specification
5W30 |Aral Supertronic K
5W30 (barrel) / aral /
15dbc7 |15dbc9 |
15dbc5 /",47.0,70.5,E441,73493B54-A9E4-4072-A8C0-CA4C9C763D67
2100,HU5003Z,Oil filter |Oil filter HU5003Z,1.0,18.91,E413,C7D24A4C-752A-4674-8424-74F414C5B9B8
2101,14800501,"Car, otherwise. Autoservice |
Labor value
INSPECTION",102.0,173.4,E211,D0F58DAD-75AA-4E93-8E11-1A067F4A0485
2102,MG4MF1Y,"MG4 Maintenance for 24,000 km
/ 1 year",0.0,118.0,E211,322687E6-C1CB-4454-8B4E-10A573118A63
2103,19010100,Check tightness cooling system,2.0,23.3,R210,74885A9C-22ED-430A-83FF-8794F3A644C0
2104,0012159,Review according to § 29 StVZO,,170.0,E326,C7256704-3764-4429-84C9-4CE92295665F
2105,66585520,Replace the rear spoiler,,67.5,Q139,8C2EB122-9532-44B7-B934-DB4411211C2E
2106,ZK4EWKO,Season storage + change comfort,,88.15,P149,CB92B3F0-8CAE-41D7-B50C-2EA04E1ED307
2107,99D10A,"Troubleshooting Diagnostic 10 AM
VEHICLE",1.0,110.2,E102,2F5CA2D5-F91E-4539-A84A-4C0247D35F8C
2108,9100000,TÜV acceptance,,101.5,E319,2AA135F6-A16F-47AB-8892-434EF20847F4
2109,2279938,BATTERY,1.0,6.89,I104,70472540-00BF-4CCA-AF46-0E915F3D38A8
2110,13.0460-7314.2,"Brake padding,
Disc brake",1.0,127.52,F214,C216B247-13D9-4D62-B2ED-53AE1C93EFCD
2111,CR20323V,"Battery CR20323V
Accesories",1.0,4.19,I104,8ACF2F65-F308-49AD-BA5A-CC00A0FCE9CB
2112,915089AC,BATTERY,1.0,215.8,C201,8C16FA81-8769-4C9B-BA2C-85A1798F181F
2113,11010910,"Additional battery exchange on
VEHICLE",0.3,30.9,C201,6F79A49B-82C2-42FD-85AB-D942812E278B
2114,1-7MF13Z,Adblue 1 liter,12.0,34.8,A101,F7FFC843-52E3-44A1-8ACA-113D7471129D
2115,1678168180,Error: 'Translator' object has no attribute 'raise_Exception',1.0,114.58,F214,8ED098CA-C400-419A-9615-7F8FE6B72190
2116,14800501,"Car, otherwise. Autoservice |
Labor value
Inspection |Combined
Oil and inspection service",60.0,97.8,E220,C40E2D13-201D-4F0C-A031-36F1C8CA0F94
2117,2355116,SENSOR,1.0,319.22,G315,39FBC6DA-937A-46C1-88F5-FF0D6486A5D0
2118,,Motoroel with Longlife,6.6,104.28,E441,4550919D-6C8F-4556-9160-9B82A24604E2
2119,27065550,Replace the battery,,11.0,C201,520681C3-E7F0-4B45-B9B9-C1B3C3EE121D
2120,93840000,Inspection carried out,5.0,61.0,E249,1648682E-936C-4B57-A5DE-9063622CC463
2121,1500060,GfS/guided function.,,20.24,E102,7A655623-FEE6-48C3-A058-B044DDF7A375
2122,D000003,"Change of bike without balancing with storage
including laundry",1.0,82.35,P149,C33BD24F-92BB-4216-ACA5-51F23658629C
2123,27060150,Battery checked,,14.7,C103,E0201707-B33B-43C3-930F-F623D44C3B9E
2124,1FS500,Clarification,1.0,3.8,E418,14D8B8FF-44A6-4E2E-8089-012C5C3B681E
2125,2603000,"Cleaner,
Panel cleaning system
Windshield",1.0,6.38,E416,6D48E91C-5B7A-4BEA-AA07-C7BA7FABF62E
2126,8217,"*VA battery on the state of charging
*CHECK",1.0,9.5,C103,AA6AEBA2-E359-4D43-B4C7-350A822BE35D
2127,,VW50800/50900 SaE0W-20,1.0,18.73,E412,46E91EA4-620D-4E4C-872B-63FC4AAC097C
2128,OX81,"OX813/2D oil filter
Accesories",1.0,20.65,E413,E5DF03E5-66E4-4546-8580-54855A5B86E8
2129,27061900,Complete the battery,,44.4,C201,11128EE3-EA76-40C9-9381-30F9BF180C10
2130,77002610,0W20 OV0401547,2.0,35.0,E412,7575494C-F6AB-438C-8A43-D590F2004D97
2131,27060150,Battery checked,,14.7,C103,522879DF-CFBC-4681-BEF1-517E17ADDD93
2132,ZRAD_EKD_001,Package wheels including storage,1.0,83.19,P149,B20001A1-C4C8-4662-88C0-79ED1FE6684F
2133,1152,"Assembly package with
Disposal of cars (assembly",4.0,68.0,P165,178A2555-B276-475A-AE1E-E7A0CE93B6CD
2134,HU60,"HU 6028 Z oil filter
Man-filter
EAN: 4011558342432",1.0,17.93,E413,C3C71DAD-564A-4119-BBFB-44497E52126E
2135,10821999,Fastened underbody trim,30.0,42.53,M113,D4DCC5E2-4E3B-4B9D-9D22-260FD540C978
2136,B000DS,Error: 'Translator' object has no attribute 'raise_Exception',1.0,9.58,E402,ED48F1D0-8EA8-45E0-B2C9-115691F3F0A9
2137,5452000726391,"185/60R15 88V XL
Vector 4Seasons gene
3",1.0,92.4,P511,BF35C210-D2AC-4460-8835-E3DE7BADB0A4
2138,802711,"Battery remote control
renew",0.1,9.5,I104,0A442F9F-364C-41B6-BFE3-75B703A85A98
2139,6310004,Set headlights,4.0,81.08,L118,D0863BF2-07D3-4543-B1AD-55207163E219
2140,1152,"Assembly package with
Disposal of cars (assembly",4.0,68.0,P165,CDD04B6E-1126-4DBD-A520-65918E282206
2141,HU,Main inspection,1.0,99.0,E319,EDAE9D1F-56F8-4BAA-8C6D-90AD996DD49D
2142,HU60,"HU 6028 Z oil filter
Man-filter
EAN: 4011558342432",1.0,17.93,E413,AB48AFC4-FD61-4335-8A81-BB2975427011
2143,10912073,"Car, measurement |3D
Axis measurement including
Setting VA",1.0,69.1,T103,67E0AB5C-13CF-4689-ADDE-0DB2C6414BC3
2144,93840000,Original maintenance work,0.5,54.1,E249,E330FC09-EC6D-4875-AAD0-2E1E1E76CE70
2145,986479E42,Brake disc,2.0,224.36,F208,F7FFC843-52E3-44A1-8ACA-113D7471129D
2146,M100000558,Error: 'Translator' object has no attribute 'raise_Exception',1.0,4.9,E416,B2EEB6ED-0FF0-4687-864C-EC3F7001BA6B
2147,VS99998888330,"Cave storage season (7
Months)",,61.34,P107,406F8FE0-AC11-4315-9E84-EB3C36B0C543
2148,1684706280,AT turbocharger,0.7,744.31,M507,08C126A0-FA5F-4394-B538-B534404112AE
2149,14800563,Error: 'Translator' object has no attribute 'raise_Exception',5.0,8.15,L502,AD710B98-BA5F-4307-8116-A5798A19FE18
2150,4038526068972,"Cars of all -season tires H |
215/65R16*H VEC
4Seasons Gen-3 102h
XL",4.0,478.4,P511,3280B046-9293-48D1-88CA-F6BFFBEEAACC
2151,A001982810826,Bordnet battery,1.0,274.84,C201,38798805-57B5-41DA-BEE7-5A3310DBF02D
2152,0005,BRAKE FLUID,1.0,11.61,E402,5C0634F5-01A5-4101-9717-904A3FBF1024
2153,4901,TÜV fees overdraft,,19.24,E328,4534B5E5-5A5D-45C1-9796-9B85B15DEAE0
2154,1EBC345,"Tuev acceptance / HU
To para.29 StVO",1.0,158.0,E325,E76BA359-2D44-45C5-80E6-4D168C9CE6CF
2155,KIA1,"Carry out the maintenance kia
DANGER:
Every maintenance must be before the day of
The guarantee registered with the manufacturer
Start date and before reaching the
KM limit according to the maintenance interval
(See maintenance checkbook)
Be guided.
A covering can be covered
Loss warranty.",8.0,87.32,E211,D9E63FF7-7B68-4A90-8C14-836F2702E8F9
2156,27068950,Error: 'Translator' object has no attribute 'raise_Exception',,14.1,G116,AFC0CEEB-D016-4F64-B780-88F40971E007
2157,99D10A,"Troubleshooting Diagnostic 10 AM
VEHICLE",1.0,110.2,E102,89843F0E-8A70-4D3D-8BA2-A416B994615C
2158,1030035,"Maintenance service after
Manufacturer specification (see
Maintenance plan): Inspection
Service with oil change
carry out",13.0,132.6,E220,859BFD5E-F4E4-47E8-8AE8-F63153537638
2159,SLM,Service performance mechanics,1.0,125.0,E211,36EB216F-2B6D-458B-8B9F-43E2C448F607
2160,55058274,Disc cleaner,1.0,2.37,E416,C0C194DA-2AE3-4535-B321-E185E56705E1
2161,26883500,Fill in adblue,2.0,20.4,A101,B8BB3CB9-166A-4A59-8E52-970E8683810F
2162,FROSTSCHUTCAR1,Display frost protection concentrate,2.0,9.4,E416,93E0C158-690D-4AE4-907B-DA479371630B
2163,211304,Motor cover below A+E,0.1,10.5,M113,2F15F062-CDC5-4C49-8FAA-3BFA1137F391
2164,9816245480,Russ sensor,1.0,490.73,G315,A61A74DD-F770-4718-B5FE-1EB09C850E27
2165,4903,Main inspection Dekra,,107.5,E319,A0226432-BCBF-4E70-AAF5-0DFAC5605EA2
2166,99999999,Oil level tested and supplemented.,,30.6,E405,CE290C30-B879-47EE-9CA8-093959586227
2167,ZRAEDER2,Change of bike inclusion,,91.6,P149,1BA32FC7-1D07-43F7-B0AC-A71C3AC63694
2168,3611535CFE8,245/45R19 102H RDC,4.0,2389.88,P713,2450F784-EB30-481A-A0B1-490B6CFB7DCA
2169,99999999,"Seasonal cycle change with
Storage",1.0,49.2,P149,05E42B5D-8BF7-40EC-A2C0-F9A2A4D6B69F
2170,HU6006Z,Oel filter element RG4,1.0,11.38,E413,897EB596-04A8-4D69-B597-8F1C530528C5
2171,915089,AC,1.0,215.8,C201,D88C1454-5059-474B-9EA0-F3F6B94D46B4
2172,90589346,Blind rental,2.0,1.08,N100,28F3515B-6C39-413B-B05D-17254E7474A0
2173,915089AC,BATTERY,1.0,215.8,C201,D29BC48B-6713-464C-B9DF-52B2EC816C5A
2174,W20CON,Motor oil 0W20 WSS-M2C956-A1,1.0,13.9,E412,7A5A235D-5DFB-40F6-836F-47A478C3227D
2175,27060100,Check the battery,,26.0,C103,42E5FC3A-CB3D-4FED-915B-690F31752635
2176,14800480,"Car, various services
0.1 l
Display frost protection",20.0,8.4,E416,CCB6072F-2F1A-42D4-A292-3CBFA0A0C850
2177,1500000,GFS/guided function,,182.99,E102,83CCDCE0-C92F-41FC-909E-EBCF4E556560
2178,14800480,"Car, various services
0.1 l
Display frost protection",20.0,7.0,E416,C8AA7B5C-F34E-4C8F-8377-243EB0DCBC59
2179,F026407299,"F 026 407 299 oil filter
Bosch
EAN: 4047023045935",1.0,12.32,E413,0C29EBB8-85B9-420D-935F-0159BEDD8A33
2180,1500000,"GFS / guided function
Nox sensor checked/replaced",,57.5,E102,6F368BEC-4B87-4F72-99B2-AE4C77FBBBF4
2181,0012159,Review according to § 29 StVZO,,113.5,E319,78F3FF81-3C71-4591-9F39-C98A97AA0A8B
2182,83125B5ED57,"BMW disc clear with
Frost protection",1.0,5.22,E416,32C2B7C2-FB31-4035-8E0C-4149E39276C8
2183,8290099,Motor oil level checked and supplemented,,15.3,E405,2638AB8F-E010-413F-8524-E8031FC3D745
2184,321470,"Headlight light lamp
renew (1)",3.0,32.7,L502,CBAB0E3C-A328-4CC0-A473-3306F2BED048
2185,W205606HBLMA,Ripe bri,2.0,230.26,P404,1C2AD0E5-F898-4B9B-873E-DDB921D273D3
2186,206507VBZ00,Ripe bri,2.0,292.36,P404,3F8B4B3F-72D3-4962-8C1F-ACE06C85003F
2187,6430300,"Battery remote control
renew",0.1,11.0,I104,60736562-DB56-4996-B800-F0BABC3CB08C
2188,2463,"Battery remote control
renew",0.1,10.4,I104,6F09FF08-77C3-46B8-A036-A61FFF5FCE57
2189,99110,"Complete wheel package
Cave assembly including storage",9.0,92.35,P149,80BB911E-D237-4EE6-B495-493605F14FFD
2190,SLM,Service performance mechanics,1.0,125.0,E211,8D13CFBC-6938-4F5C-A206-4BAFEF5D9777
2191,14800480,"Car, various services
0.1 l
Display frost protection",30.0,12.6,E416,B9EC16F2-2682-4CAF-8BAE-62888EC06255
2192,1-EBC-345,Error: 'Translator' object has no attribute 'raise_Exception',1.0,153.0,E325,F9DE7201-1A05-409C-AF7A-EB4A22A871B7
2193,27061900,Complete the battery,,55.4,C201,D3F21C66-B72A-4FDD-A533-9C08163BEFA0
2194,FC1000,Read out error code,0.45,48.02,E102,F4B188F3-B0D4-4A67-9415-E35E8918896C
2195,47206813,Renew the battery [Standard],0.1,10.5,C201,D82D8728-A648-472B-BCDE-8E79EBCBEA21
2196,27061900,Complete the battery,,56.0,C201,1A12470C-9313-47A7-961E-7C4E1C59BB50
2197,SL,Error: 'Translator' object has no attribute 'raise_Exception',0.1,10.25,E405,DDD5905A-ADF9-486F-9229-A8D6FB3CBA7C
2198,R093114,Bandage,1.0,8.32,X534,3F1BDEC7-6A64-4F69-A092-AA0768E2D821
2199,A000986940109,01 09,,7.03,E416,FF6CFA44-5EEB-4023-A604-FB12E0D91D3F
2200,257509TSWPICY1,OZ-WKR-PIR 255/50/19,2.0,932.78,P722,11E7C088-32E5-4DB7-8AC2-2E4E2D8590C5
2201,1500000,GfS/Wed -up function.,50.0,58.0,E102,F0BC330F-9E59-4E76-9B8A-DBCCCC1FC8A3
2202,27060100,Battery checked,,31.0,C103,D29BC48B-6713-464C-B9DF-52B2EC816C5A
2203,14800480,"Car, various services
0.1 l
Display frost protection",2.0,0.68,E416,9C6A4B52-6002-4FD4-A25C-358708885CB4
2204,00-1154,Service A,,110.15,E211,88A7E3E2-E3BA-406D-8D5C-F42E04F4C3F6
2205,AZ11320,Upgrade laundry,,14.2,X191,698EFD72-E198-494E-B9D0-BD06FAF9515B
2206,2375591SWPICY1,OZ-WKR-PIR 235/55/19,2.0,932.78,P722,11E7C088-32E5-4DB7-8AC2-2E4E2D8590C5
2207,44405516M6,Change of bike 4 leasing + storage,,75.0,P149,45305521-A712-4433-82F6-75DED4A397FB
2208,C005300,Castrol Magnatec A5 5W-30,2.5,46.0,E440,79067D3A-F7C7-4114-A49C-6F1DB05C1959
2209,NL16001,Adblue,3.0,33.61,A101,8281A403-AA80-46EC-8652-705A8AAEEBE1
2210,5515439,"NOx sensor, urea injection",1.0,328.44,G315,02D8BE36-BCE6-403B-9D58-4BF2D7EF67BC
2211,92431950,"Wiper blade f rwa
U.",,14.0,E422,CB0287DB-67D7-40A3-9892-79216500CED6
2212,1-EBC-345,"Tuev acceptance / HU
To para.29 StVO",1.0,158.0,E325,49C9FDBC-5C12-4799-9E9F-693A054FF040
2213,ZM4403GF,"Change change with storage
Arval",,70.0,P149,2D009D60-FBBF-427B-87E7-DF7C64B5243C
2214,27060100,GfS/guided function.,,36.0,C103,66AEF633-CE6F-4470-97A1-004D1CAF98D5
2215,16050600,Anti -frost concentrate,1.0,4.5,E416,D2D42757-1547-4FB6-813F-C23198FCA4B4
2216,M134,Error: 'Translator' object has no attribute 'raise_Exception',61.0,9.76,X612,4A5DCE73-1A76-40F3-8E9D-8D51E2A66AE2
2217,OX13,Error: 'Translator' object has no attribute 'raise_Exception',1.0,20.07,E413,B04ACCC4-4DD0-4134-A4BD-BE5A61C81D60
2218,66126912985,Error: 'Translator' object has no attribute 'raise_Exception',1.0,3.0,I104,FEEC660F-90E9-4138-9683-541D4906BE69
2219,290990,"Diagnostic unit followed/
Herst.",,61.92,G109,8E3C1F71-7DA6-4E6E-8081-D3046234DF5A
2220,27060100,Battery checked,,33.0,C103,B17F9983-4B6F-4FF6-BA87-CEC2E0491263
2221,600308,TÜV Nord fees,1.0,144.0,E326,E960076C-D281-49A1-8E7C-4318616ED202
2222,L1001360320000,Error: 'Translator' object has no attribute 'raise_Exception',12.0,34.8,A101,83C9A3A9-34B5-4BF9-A698-12BBFEF92726
2223,27060100,Battery checked,,25.0,C103,8703517F-56D6-4DFA-84E3-F0FF6F8962C7
2224,4139P,Brake pad VO,1.0,93.18,F214,F604BA1D-5B41-41C6-8462-90A3E62F0C3F
2225,312111,Battery checked,0.2,26.0,C103,20AC2139-C26B-4AB6-BDAC-197D1A06A34A
2226,1102987,Error: 'Translator' object has no attribute 'raise_Exception',1.0,149.0,E326,49E093E6-8EE1-47C8-ABB9-70AA0390A808
2227,701-8300015,"Features (Service Article) |
1 LTR Adblue Liquid",10.0,41.9,A101,901A7C51-D210-4AF0-9C2F-A7B2A99D4CFB
2228,RPS5555,Error: 'Translator' object has no attribute 'raise_Exception',1.0,4.8,E416,5E139C09-8823-408E-B09F-5452F438B1EB
2229,2420671,Replace brake disc at the front-pages,0.8,94.4,F208,5428C767-3874-4B28-ADAC-AE4866BB618F
2230,NL16001,Adblue refill including material,3.0,33.61,A101,CF875E41-B846-4850-955F-8765470CE373
2231,1695213180,Motor oil 5W30 FPW9: 55535 OE,1.0,16.2,E412,F45474A2-0DF4-47A0-8097-BA46EAD5DF61
2232,4025510996,Diagnostic period [D],0.4,42.92,G109,357EDEE4-F70A-4C2E-BBC0-2977BD3635E8
2233,27061900,Complete the battery,,58.8,C201,E0201707-B33B-43C3-930F-F623D44C3B9E
2234,83125A85517,Disc clarification with frost protection,1.0,5.14,E416,C1FB205E-3B6E-4E05-84B8-D111B5EB6EED
2235,72350L-BATT,Device battery,1.0,6.0,I104,FCE8127E-16A7-4CB3-9E20-6A91488EBB6D
2236,,Motoroel Dexos0W20 PSA,1.0,19.0,E412,2F124EB4-22B4-496F-9BB9-160D029D250D
2237,290990,Diagnostic unit followed/Herst.,0.3,36.0,G109,4C4736AF-7AE3-404D-9F8A-D060686AD0A7
2238,1-7MF13Z,Adblue 1 liter,6.0,17.4,A101,27930D5C-F929-4786-AF46-9505FE7AFE01
2239,99110,Error: 'Translator' object has no attribute 'raise_Exception',9.0,92.35,P149,3580CC1E-8BAF-4977-8AB8-58FCB26C8B1A
2240,14801001,"Car, various services
Work value |Adblue
fill up [minutes]",6.0,10.2,A101,13E11A72-CDAD-46C3-BB10-60D7D6F21E51
2241,1684934580,Set of 4 brake pads,1.0,162.28,F214,5428C767-3874-4B28-ADAC-AE4866BB618F
2242,P001,"Change of wheels includingStorage
WITHOUT
WASH",,81.93,P149,3FCD7064-6736-4CF0-9A01-E9FA484F98D7
2243,ZK4REA18,"4 tires replace from 18 """,,92.44,P165,C91FE958-4B42-46EC-B910-33D56F52CBA2
2244,27060100,Battery checked,,27.0,C103,2AC94595-668D-4E21-941D-2AF06E20371E
2245,760012619,Ripe,1.0,62.9,E421,C5CC22E4-4CB0-4BAA-AEAF-4B3A8C667425
2246,2463,"Battery remote control
renew",0.1,10.4,I104,FCE8127E-16A7-4CB3-9E20-6A91488EBB6D
2247,895530555,Battery 12V,1.0,162.86,C201,A48154EC-DD17-496A-8EF9-67B2FD031867
2248,83125B5ED57,"BMW disc clear with
Frost protection",1.0,5.22,E416,066B8CA4-C933-4B4F-98FE-3BF9B6C73DDE
2249,HU2D,Disassemied HU Fee 2J.,1.0,97.5,E319,89F9E212-DFCC-43D2-83EB-E9FDD5E0D82D
2250,2490405,BATTERY,1.0,232.61,C201,CD293D10-172A-4203-882E-E0F5810EF847
2251,312110,Diagnosis of resting stream,0.7,63.0,C103,A576CFAB-0EF4-4DB5-A3B3-685DEBA66392
2252,2323878,Bike cover,1.0,25.36,P132,C15D484C-AB0D-4C70-8DA9-4E9090C6E27B
2253,34107,Renew brake fluid,4.0,40.8,F506,D4319747-D4AB-4196-9B8C-BD5AB5E73286
2254,888512,"Cave exchange with storage
Purpose ID:
Postmasterld: 10764778",0.7,46.21,P149,91ABFADA-78CC-44CB-BF16-A8C09A8C8BE9
2255,1-EBC-345,"Tuev acceptance / HU
To para.29 StVO",1.0,155.4,E325,D526E602-090E-4E79-A2B1-DB8746D5131C
2256,119524,"Wiper leaves |Wiping blade
119524",1.0,11.17,E422,265DBE8E-9497-4F8B-8321-D26C463876EE
2257,HU5003Z,Oil filter |Oil filter HU5003Z,1.0,18.91,E413,265DBE8E-9497-4F8B-8321-D26C463876EE
2258,195M2,"Motor oil 1l can 0W-30
Professional Long Life 3",2.0,39.0,E412,150242DE-12CD-4020-BCDC-EB21230A27B7
2259,AW,"Normal conditions 15,000 km/12 months
The inspection is carried out after
Prerequisite of the manufacturer.
All work steps:
-test work
-Controll work
-
-exchange work
are documented in the attached service plan and
confirmed.",12.0,72.0,E211,EE9AF0DF-4011-4D20-8DF5-1534C5BA6CE3
2260,F026407327,"Oil filter | F026 407 327
Oil filter",1.0,13.95,E413,20A245BE-240E-4EDD-956B-0BAA078760FD
2261,1999,Carry out maintenance after 1 year,0.8,92.0,E211,3043036B-1EA1-4542-AAF9-37F2237A5052
2262,1109AL,"Filter, oil",1.0,16.93,E413,E32CF7FC-899A-470D-AE8F-7BFA9BF286B1
2263,825164,"Lights light .....
Exercise, install, n.B.
renew",2.0,33.05,L103,2A243BEA-CE70-4EFF-A889-F35B83CC4635
2264,14800559,"Service shock absorber
|Labor value
Front axle |
Labor value
Front axle",18.0,30.6,T237,196D6C63-651E-4B73-9A04-62F49FEA588E
2265,17MF13Z,Adblue 1 liter,12.0,34.8,A101,3C01FA77-CBE4-463D-B70B-426F55F795F5
2266,14800482,"Car, various services
0.1 l
Kuehler frost protection",5.0,7.5,R106,D6F64942-4A69-4C00-9047-9110137F1303
2267,19010100,"Cooling system checked
Traces container HV cooling system,
CHECK",,36.8,R210,69D0768B-7073-40C8-88ED-D29AF367CA49
2268,10199,Secondary diagnosis,0.3,38.7,G109,375A1AA7-4C5D-4B8C-908C-AC6E79514055
2269,99999999,FZG. Preparation carried out,,49.9,X105,D14EF005-A812-4AAB-8075-C97A64734F66
2270,A001982800826,Bordnet battery,1.0,234.77,C201,194CBF9E-96EE-4BA6-9460-FA00B3CC46D0
2271,512,Error: 'Translator' object has no attribute 'raise_Exception',1.0,12.9,E405,4C4FBA7A-90B0-4CF5-AF3F-D1B9D99B56F0
2272,N10528301,BATTERY,2.0,6.83,I104,9AD1DB7A-9E6E-48B7-96AD-0721983E7A22
2273,1340000,"Inspection service without
Change oil change",0.7,72.8,E220,54E83A6B-35C5-451B-9870-DE64E47A8B82
2274,1942419,BRAKE FLUID,1.0,9.0,E402,1EF916C9-E3F0-4590-ABED-8D9C2A393DA1
2275,HU,Error: 'Translator' object has no attribute 'raise_Exception',1.0,99.0,E319,7E82E6F3-59DD-4B72-BCE4-0D61F61958F1
2276,OX10,"OX1075D oil filter
Mash
EAN: 4009026957998",1.0,13.84,E413,57AC2E22-FA30-4F83-A28D-F030BDD69BEB
2277,55058274,Disc cleaner,1.0,2.37,E416,015EEA99-2E6F-4C6F-B5D7-D8425D020336
2278,19000352,"Car RDKS
Services |RDKS
Service kit",2.0,15.96,P180,6DD22296-7C3B-4721-9D0F-A64D8B4A1E2A
2279,215156,Additional work Adblue fill in,2.0,18.9,A101,BB2A455E-68C2-4070-805D-AC081729BB84
2280,4001,HU according to §29 StVZO,,105.5,E319,947716AF-5B73-464D-814E-8FDEAFE47C76
2281,LAAM4,Oil Hel0w20,1.0,18.73,E412,280C9FA0-7B54-49C3-A35A-F84ED4409CA2
2282,1-EBC-345,"Tuev acceptance / HU
To para.29 StVO",1.0,163.0,E325,8E4582B6-865F-4AE8-94B9-5751A5F507BB
2283,YR00073180,Error: 'Translator' object has no attribute 'raise_Exception',2.0,509.44,F208,7A666E1B-A8EF-45B1-B7DC-546546CFC1C3
2284,27061900,Complete the battery,,44.52,C201,9A5B3EBD-B224-47B1-9A15-49D874338BE2
2285,INSP15,Error: 'Translator' object has no attribute 'raise_Exception',0.9,108.0,E211,E0799FB7-E709-4AAD-9188-DA2D5E247733
2286,1500000,GFS/guided function,,182.99,E102,87B91A4B-6AE2-4D95-B84D-E3605DF955D1
2287,83125A85517,Disc clarification with frost protection,1.0,5.14,E416,EA034DB5-11D1-467E-A3C7-79B462AE9776
2288,93840000,Original maintenance work,0.5,52.5,E249,6093B6C9-C4F5-4E56-8ACD-1E08AB5AFADC
2289,HU,"Main inspection/exhaust gas subsu
chung (according to fees regulation)",1.0,150.0,E326,983DFD48-887D-4AA7-A5F7-EAFA784D1E97
2290,237559TSWPICY1,OZ-WKR-PIR 235/55/19,2.0,932.78,P722,BFEDDC61-E082-428D-AEB9-7AAA16590D2B
2291,8W9955425,Error: 'Translator' object has no attribute 'raise_Exception',1.0,13.28,E422,983C1D6E-902F-44F4-9CEE-6DEED6840096
2292,1675652380,Kuehler frost protection,0.25,2.32,R106,BD82D442-1F8C-481A-A04F-30A79709819C
2293,FC,Read out error code with tester,0.3,32.7,E102,31DA9EFD-4685-4FAE-99C9-E4C6C1FACD71
2294,38S0910,Russian exchange,0.5,64.5,G315,EC70F379-3268-44EF-B437-1B7700E6F078
2295,6250907,End -end candles (sentence) exchange outside,0.2,21.8,E427,A5CA6D2D-549E-44DD-BCFD-0596FD176752
2296,14800501,"Car, otherwise. Autoservice |
Labor value
Inspection |without
Oil change",60.0,97.8,E220,12A51CBF-DED9-44BE-AD59-77656E8DDC5E
2297,95507807,Pear,1.0,2.97,L103,B5CE6F4B-12CA-4DCB-A384-0227B036CDF9
2298,123,"Brake light replaces including
light bulb",0.3,25.5,L103,043BBE6D-E415-49C4-BDF3-8DB90A6DD42B
2299,1654509380,SPARK PLUG,1.0,21.82,E427,A5CA6D2D-549E-44DD-BCFD-0596FD176752
2300,6310502,Set headlights,2.0,35.1,L118,FE1B213C-35CF-4E40-A1DE-376254E6FB5B
2301,NL16009,Adblue fill in BMW Rent,2.0,29.0,A101,D6FBA3D3-3D8B-4E62-9DAD-1EE608CE6B6F
2302,83122413061,"Disc clarification with frost protection
1l, TU
++++++++++++++++++++++++++++++++",1.0,1.94,E416,44EFF8F4-0C65-4DB1-AEDB-40AECCC05FC7
2303,Z300,Change change with storage and washing,,105.04,P149,21169A31-BE18-4414-87CE-BBB50DBB553B
2304,ZHP1017,Store wheel change 14-17 inches,,95.8,P149,7D3FFBA4-7089-47B4-B380-F965E6204946
2305,10821900,"Sound protection tub from-062
U.",,73.6,M113,69D0768B-7073-40C8-88ED-D29AF367CA49
2306,OX12,"OX1238D oil filter
Accesories",1.0,17.68,E413,4A274F64-8D8A-4F02-A457-5543B25099A0
2307,TUEV,"Main inspection after-29 StVZO
including free HU-front check",1.0,153.0,E326,38103CF3-D2FB-499A-A10D-A1FCF109C0C2
2308,P95528693,"O: Motor oil (Mkt)
0W20 OV0401547",2.0,27.0,E412,995323E2-4BBF-4906-A598-08286177D264
2309,SLM,1. Maintenance according to the manufacturer,1.0,125.0,E211,015EEA99-2E6F-4C6F-B5D7-D8425D020336
2310,39560845,"Brake disc front axle both
Renew pages",1.3,136.5,F208,F83B0645-7905-4CAA-B88F-FCE682D70E8A
2311,1EBC345,"Tuev acceptance / HU
To para.29 StVO",1.0,153.0,E326,7FEB7411-6F72-449A-A2D5-9C3526CC0DEC
2312,NL36011,"Replace two tires, formerly
NL36712",16.0,31.0,P165,9D11EFC4-75C1-4E01-9962-643584947342
2313,3411010,"Brake block set front and
Renew the rear axle",13.0,132.6,F216,123DBA68-1088-4662-897E-80CC51E3A3F4
2314,,"Profi Longlife III5W-30
Liqui moly 205 liter barrel",5.6,114.8,E441,0D992C87-3789-4EB5-B5F2-CDA076B2B781
2315,27065550,battery,,16.9,C201,05643DB7-858B-4406-AA34-771D689FB0F2
2316,2603000,Error: 'Translator' object has no attribute 'raise_Exception',1.0,6.38,E418,15BBB6BA-AA70-4C44-93C0-4153D252B1E1
2317,93830000,"Maintenance service after
Manufacturer specification (see
Maintenance plan): Service all
50,000 km/ 2 years
carry out",10.0,102.0,E211,500BCE61-0EC9-4669-8901-691E1D75460C
2318,867734,Replace battery handheld transmitter,0.1,12.0,I104,C678E4C2-3B3A-4EF9-BF56-3604DF3A651B
2319,536378AN,205/60 r1696h me cro,1.0,146.13,P420,20935DBA-E115-4651-BEED-636B3C6FC759
2320,F026407327,"Oil filter |OEL filter F 026
407 327",1.0,13.76,E413,F2DF2539-0F16-46DB-8619-A9E1997EE150
2321,10046505600,Brake discs replaced at the front,,115.5,F208,CD2704C0-F6FB-4BE9-9D29-0250DFA1D3EC
2322,512,Fill the engine oil,1.0,12.9,E405,FBD1BEF9-5C05-4B1B-A7F4-0A59B4C7ECD6
2323,1050,Disc clear,1.0,4.31,E418,37C23501-F5EC-4642-BC25-28C630CBC463
2324,ZK4EWWA18,"Seasonal wheel storage &
Change of wheel including washing from 18 """,,114.2,P149,D3D6225F-D7D8-4CF7-8E35-52222574B9F5
2325,1688992180,Multifunction video camera,1.0,500.94,I545,0D984BE1-A46A-42D1-8235-BE640931C21B
2326,10911018,"Complete assembly car |
Complete assembly
18 inches",1.0,17.0,P165,75A1BABD-0834-4495-B758-236E9517C6E2
2327,ANZ819514,Error: 'Translator' object has no attribute 'raise_Exception',1.0,3.0,E418,0710C5F7-7F2F-4771-BADC-AD4D2F104D21
2328,42055A,"Brake disc front axle
Renew both sides",1.3,135.2,F208,006E4B2A-5436-4C57-BFF7-0853777F5450
2329,7507,Cill lamp orange,2.0,4.52,L102,7329F3F7-6ACA-4322-80A8-7D5FCD32E0F9
2330,1-EBC-345,Error: 'Translator' object has no attribute 'raise_Exception',1.0,158.0,E325,A28D2184-A078-4BC6-9462-70C863C1C7F8
2331,FT2413061,"Disclar with
Frost protection 1l, TU",2.0,8.4,E416,A0271D75-FB87-464D-949F-A332C49DA796
2332,3286341531114,Error: 'Translator' object has no attribute 'raise_Exception',2.0,286.8,P404,BE5AA0DC-DD0A-449E-9C2B-B3B8FFC9DE51
2333,60577M2EUR,0W-20 ll IV,1.0,24.62,E412,70B84860-F8F9-4F7C-933F-BEA56F4F4321
2334,83125B5ED57,"BMW disc clear with
Frost protection",1.0,5.8,E416,5141C2C6-54CD-4794-90FB-3283454C8FF9
2335,587400,"Maintenance service after
Manufacturer specification (see
Maintenance plan): Service all
30,000 km/ 2 years
carry out",17.0,173.4,E211,8EA25D51-E1A9-4F89-ACFC-D43C0E80114B
2336,12159,Review according to § 29 StVZO,,150.0,E326,A9D7CE00-0300-4B21-AF4E-8BFC5A807455
2337,43930004,"Association pocket after
DIN 13164",1.0,8.73,X534,321647AF-1DCA-4ED5-8586-D3625CE5BE84
2338,14800480,Error: 'Translator' object has no attribute 'raise_Exception',2.5,8.5,E416,5320C9AB-1DF3-43E8-AC67-8E05397F79D8
2339,123456,"Read out error memory &
Test drive",0.5,52.0,E101,133A9830-E635-46D4-87E0-93E2C6AAE55F
2340,1647883380,Ventilated brake disc,2.0,355.24,F208,15975AF2-5731-4641-BB22-0DEC73651C4B
2341,1111,Fill the engine oil,0.2,17.29,E405,B9D25EE8-94BF-4C81-9A81-D2C28298CB96
2342,685455,"Interior view view
renew",4.0,69.28,Q126,44312876-774F-4D30-8C89-E7C287B4757E
2343,M100000558,"Frost protection,
Panel cleaning system (1
863)",2.0,11.4,E416,49555B1C-50E8-4CEF-8C7D-BC0DB0F35A28
2344,1EBC345,"Tuev acceptance / HU
To para.29 StVO",1.0,153.5,E326,70ADA3D4-50CC-41CA-B968-4C43BEC9E648
2345,323050,Error: 'Translator' object has no attribute 'raise_Exception',3.0,32.97,L103,369FA804-549E-480C-9AF9-4EBEC60DE74B
2346,,Error: 'Translator' object has no attribute 'raise_Exception',0.5,8.75,E412,C8E79BB9-28CE-4465-97BD-EAB251EE6A6C
2347,1EBC345,"Tuev acceptance / HU
To para.29 StVO",1.0,158.0,E325,D0F870A4-9143-46D3-BC19-D41A40827389
2348,27065550,Battery replaced,,12.0,C201,880D669D-2DA5-48AD-BE68-EF05179EEFBE
2349,Dot,Error: 'Translator' object has no attribute 'raise_Exception',1.0,11.5,E402,EE9AF0DF-4011-4D20-8DF5-1534C5BA6CE3
2350,17,Display frost protection,1.0,3.4,E416,EDB94D63-63F9-4A05-9AD8-C31A49E630DA
2351,25680910,Error: 'Translator' object has no attribute 'raise_Exception',12.0,156.72,F208,FAA035C4-E8CF-4A94-B2E0-A26799DBF314
2352,34118,Renew particle sensor,14.0,142.8,G315,730C0DC0-84DE-48BA-B12A-D811A491DA3A
2353,915089BC,Error: 'Translator' object has no attribute 'raise_Exception',1.0,258.96,C201,079A5215-B56D-4DC8-BE4E-BAE48A7065D6
2354,27065550,Battery replaces 10ze,10.0,16.17,C201,78ED5347-078C-4932-A10A-E0B51AFD60BA
2355,290990,Diagnostic unit followed/Herst.,0.3,31.5,G109,EE6282DF-C108-45B9-BEC0-3612F3C33A4C
2356,5452000726421,"Cars of all -season tires W |
225/45R17*W vector
4Seasons 3 94W XL",2.0,219.8,P511,A687D47C-5AAC-4081-B66D-B27505864EFA
2357,44999999,"New winter bikes installed LA
Summer bikes in the vehicle
Laid
""Please the bikes after about 50 km
The prescribed
Tighten torque *",,35.0,P165,B94E5A7A-A631-447E-9854-F31DCC9C7323
2358,1500000,GfS/guided function.,,78.0,E102,47201028-27BF-4D8C-8670-B49208794349
2359,AVFHU03,"Fees main and
Emissions",,149.0,E326,3AFB17C0-8CC8-4871-9D94-4F90AD329064
2360,12159,Error: 'Translator' object has no attribute 'raise_Exception',,150.0,E326,2C0E3473-F0EA-4D3F-9410-CC0A61BE0B8E
2361,3528702109946,205/60R16 92H AO Alpin 5,4.0,406.0,P420,E715911B-7E9F-4C7F-9C50-42857FF5C4E7
2362,G013DS,Coolant additives G12evo,0.5,2.97,R106,E61D4CAD-3C40-409E-80D7-26574FC9FA4E
2363,3854362,Error: 'Translator' object has no attribute 'raise_Exception',1.0,115.33,F214,27906DC3-4511-4ACD-8B9F-734AE2FE1106
2364,14800562,"Service brake |
Work value brake |
Both brake discs
renew (front axle)",42.0,68.04,F208,55B123E9-8961-4C07-8D85-4AEF8BB49D30
2365,HUP,Main inspection according to§29 PKW D. DEKRA,1.0,105.5,E319,34F2CBFD-57E0-489C-91EB-F6A4832F895A
2366,600933,1. Inspection without changing the oil,0.6,45.0,E247,DA9099B7-54D9-472D-97F3-A40CC5B51AFD
2367,1500010,Error: 'Translator' object has no attribute 'raise_Exception',20.0,29.8,E102,1F6A7A64-E03D-4E50-AC3E-4C7C2D9AE29C
2368,19206502,"Car, main inspection |
HU/AU external performance
Prüz., 3.1.1.1 A. VIII
StVZO (BW)",1.0,154.0,E326,974DEA8F-8751-469A-A2A3-D9F34FAF9DF3
2369,2013334,"Battery AGM 800 A, 80 Ah",1.0,290.24,C201,0C17086F-B1E1-4326-972D-FE9377445A18
2370,1500000,Error: 'Translator' object has no attribute 'raise_Exception',50.0,88.28,E102,45016C25-C316-4C63-AB0D-7309801312D8
2371,93840000,Original maintenance work,0.5,64.5,E249,C0AB8220-20C9-4C80-98BA-D76F52D7B19C
2372,AVFHU01,TÜV fees HU + AU,1.0,150.0,E326,8F64A65C-5FAB-49F7-8117-A9E47E9BD2CA
2373,2385498,BATTERY,1.0,199.37,C201,77999121-E3CF-4320-9313-37E020F79CA4
2374,G13,Disc cleaner,1.0,5.65,E416,D8246CCA-CDD5-42BC-BFBA-8578097CFD0E
2375,1-EBC-345,"Tuev acceptance / HU
To para.29 StVO",1.0,97.5,E318,52AC8FB3-325A-4BE7-8D53-9499709FDFB4
2376,6430300,Replace the transmitter battery,0.1,11.8,I104,B4E6B3D5-6A31-459D-8EF3-37C28945E533
2377,1847947,Bremsfluessigk 4LV,18.35,16.52,E402,3DE72D46-2850-4C9D-80B5-AFE349DB2BBA
2378,6310502,Error: 'Translator' object has no attribute 'raise_Exception',2.0,40.98,L118,81417754-7159-401D-8259-F76AA5229628
2379,OC1397,Error: 'Translator' object has no attribute 'raise_Exception',1.0,15.6,E413,500BCE61-0EC9-4669-8901-691E1D75460C
2380,5010OW-33,Longlaid,1.0,18.73,E412,CD2704C0-F6FB-4BE9-9D29-0250DFA1D3EC
2381,1111,Fill the engine oil,0.2,17.29,E405,0A69855E-B18B-46E8-9499-44E439FD32FE
2382,14800567,"Car, otherwise. Autoservice |
Work value maintenance
|Computer diagnosis
carry out * [minutes]",30.0,51.0,E102,BBFAA103-46AE-4A33-A3E5-84FC240A0A16
2383,1340000,Inspection.,,130.0,E220,34E8982D-A421-4B72-83FA-51384D724A1E
2384,10912070,"Car, measurement |3D
Axis measurement including
Setting VA/HA",1.0,119.26,T103,56A743DB-BA91-4A63-8549-02D702BAC029
2385,667,Error: 'Translator' object has no attribute 'raise_Exception',2.0,18.9,A101,FEFE32E6-7F12-4F75-8804-9A6F91FE4508
2386,1-EBC-345,"Tuev acceptance / HU
To para.29 StVO",1.0,128.57,E326,C4881551-9A2C-41ED-9308-BD64164B75B2
2387,83125A1A167,Disc clarification with frost protection,1.0,9.9,E416,AB46CB04-6833-491A-9612-2928F5A1522B
2388,ZTW206507VBZ00,Ripe bri,2.0,292.36,P404,CFA799C2-292A-4330-BCF1-790D53F94037
2389,ET,Oil filter,1.0,18.2,E413,42C6E615-2C92-4CEE-B077-45E86248AE83
2390,01500000,Error: 'Translator' object has no attribute 'raise_Exception',,103.5,E102,520D76EF-A310-484C-9058-9D6D8C9A6F73
2391,C1620012480,E: battery,1.0,108.09,C201,DBF4F077-6CC9-4FB6-8644-B8B7D7B362F6
2392,64105500,Replace the windshield,,399.0,O207,F5717B7C-EF86-4FF3-AC27-47C7C2E80024
2393,M092148,Error: 'Translator' object has no attribute 'raise_Exception',2.0,6.69,E418,85D92414-0F01-4C19-8499-DCFCEBFDCDA3
2394,3900,Change of wheel/Reing./Storage <17 Z.,,79.83,P149,4494AA8B-E3D0-4004-B7A2-0C79B82D4CAD
2395,72350LBATT,Device battery,1.0,6.0,I104,1F8BE826-3348-4826-AEF2-B2CC8210C21B
2396,OEL70,Error: 'Translator' object has no attribute 'raise_Exception',1.0,18.73,E412,C9F86559-70AA-46BC-A8EB-BD6AD7D417A9
2397,3001,Multi -kilometer 245 km,245.0,39.2,X612,12D3C391-E373-477B-B038-27FE8D9987AB
2398,165704TSZ00,Mature sem,2.0,96.61,P425,E61D4CAD-3C40-409E-80D7-26574FC9FA4E
2399,ANZ819514,Error: 'Translator' object has no attribute 'raise_Exception',1.0,3.0,E416,04E2D9E7-0934-4DFF-8000-547F5440BB09
2400,AVF-HU01,TÜV fees HU + AU,1.0,150.0,E326,527CB635-3C71-4ECF-92D4-35BFF4BB2D70
2401,54987,Particle filter with the diagnosis,1.0,95.0,E102,069DDB3A-49EB-4E72-A6D6-1487BE97605F
2402,66126912985,"Button cell 3.2 V
CR2032",1.0,3.0,I104,BF50BB79-C01F-441B-9305-6A45023C18F0
2403,825164,"Lights light .....
Exercise, install, n.B.
renew",2.0,33.05,L215,82834A55-C121-43BB-ACAE-925FEA914DDB
2404,52590910,Medium brake light Austauf,0.2,19.6,L103,D43BDA28-A7F2-4821-8C18-64DD0572AC58
2405,99999999,Replace key battery,10.0,14.99,I104,CF987210-2FF3-44AA-84FE-CD3DAF80A83A
2406,1202586085,"Renew brake pads at the front
All (-) series 500 (OE)",,202.92,F214,11998969-2854-4187-91B1-5ABB9A517173
2407,1EBC345,"Tuev acceptance / HU
To para.29 StVO",1.0,153.0,E326,AE6BE209-A100-48F7-9965-7D66CB7C79ED
2408,99999999,Engine oil checked and refilled,,42.0,E405,EBEFCDFC-3EE7-42AE-B83A-73139EA7F6A2
2409,915089BC,BATTERY,1.0,258.96,C201,730FC9C2-7F32-40D4-AD38-4FB21344D41A
2410,ZZ6671RW,Error: 'Translator' object has no attribute 'raise_Exception',1.0,79.75,P149,68B328D6-E3B3-42EA-AB47-35E11453EB5B
2411,CFA0139954218,BATTERY,1.0,4.38,I104,B4E6B3D5-6A31-459D-8EF3-37C28945E533
2412,915089BC,BATTERY,1.0,258.96,C201,45BBEBB7-5190-42C7-8CB2-DB9E0DB3C47D
2413,HUG2,HU/AU GTÜ,1.0,159.0,E326,36A4860E-A03C-47E0-A757-D214984BF8C3
2414,2463,"Battery remote control
renew",0.1,11.0,I104,37AA0C52-4507-4EDB-AEB0-C09EB679F669
2415,312111,Check the battery,50.0,69.0,C103,974961AD-3385-4F6D-B43C-56330370F886
2416,215156,"Disc clarification with frost protection 1l, TU",1.0,4.07,E416,BB2A455E-68C2-4070-805D-AC081729BB84
2417,14800562,Error: 'Translator' object has no attribute 'raise_Exception',60.0,102.0,F206,AA1A6DEE-66CA-4BA9-882B-6AF903C15C7F
2418,27060199,Battery loaded,,49.5,G116,0C7B177C-25FD-4958-838F-DD787BE4AE1C
2419,996V0007,"Traction Battery State of Health (maintenance)
_",0.1,12.5,C103,39C3FD3B-D0E0-4046-B96C-6262FD89301F
2420,95150A,Diagnosis and troubleshooting,10.0,115.0,E102,21A400FD-A070-4082-A64A-387F7DB6A57C
2421,FT2413061,"Disclar with
Frost protection 1l, TU",2.0,8.4,E416,5078B4AF-9567-4539-9C72-473C2AAE1585
2422,99999999,"Seasonal cycle change with
Storage",,49.2,P149,9630A7FE-E815-41B9-99BF-DDA7B764C5BF
2423,,Motoroel with Longlife,4.0,63.2,E441,7A3919F9-CD4A-4501-A3A1-2D7882BFDBEB
2424,Z016,"Change of bike including storage (
Comfort package)",,91.6,P149,43E21082-87B9-4163-B7AC-217C3983A5F2
2425,541126,Error: 'Translator' object has no attribute 'raise_Exception',1.0,15.04,C201,194CBF9E-96EE-4BA6-9460-FA00B3CC46D0
2426,1500060,"GfS/guided function.
Including duking trump examination and generator examination",0.4,35.96,C103,E433C48E-78A4-4A61-9A7C-1CC8698AC9B4
2427,1-EBC-345,Error: 'Translator' object has no attribute 'raise_Exception',1.0,158.0,E325,848CC9BD-5786-47DF-8B0B-3D0DB6618FFF
2428,M100000558,"Frost protection,
Panel cleaning system (1
863)",1.0,4.9,E416,FCE8127E-16A7-4CB3-9E20-6A91488EBB6D
2429,47159733,"Battery out and install
[Standard]",0.75,78.75,C201,D82D8728-A648-472B-BCDE-8E79EBCBEA21
2430,14800484,"Service brake | 0.1
LITER
BRAKE FLUID",10.0,15.0,E402,FDD3444C-7E80-46F5-AAA4-411BBB4B5D8A
2431,SLM,"Diagnosis MKL lightet-> FC deleted
including test drive",0.5,55.0,E101,135753DC-B8A1-4053-AB3E-E563D860137C
2432,93840000,Inspection carried out,5.0,60.5,E249,43905EE0-6163-4FA7-A873-0D9639790037
2433,23811983,"NOx-provider with control unit
u.",,23.0,G315,30CDE54E-8D31-48AA-9181-3D3747F0EB23
2434,ZK4EW,"Seasonal wheel storage &
Change of wheels",,88.15,P149,E8000DF5-B2A2-4A26-847B-458517A04B1C
2435,2603000,"Cleaner,
Panel cleaning system
Windshield",1.0,6.38,E416,3B2FF6CA-BF78-4B6D-87B3-187F9E982102
2436,45059999,"Change change with storage
Vehicle still have any questions, please call me at +49",,92.44,P149,D6D0813B-AE72-465B-A90C-045885D9213E
2437,990MUA,"Diagnostic unit followed/
Herst.",0.3,38.25,G109,1EA3D254-4198-4A20-ABE6-A7068099C595
2438,AZ00016,Refill Adblue,2.0,32.77,A101,A5C549D2-DE85-4D26-8DAC-D8834126B18C
2439,95599870,Kuehlfluessigk,0.3,2.99,R106,5D4CDBCA-4723-4CEF-8FFA-7588E43F74AE
2440,1EBC345,"Tuev acceptance / HU
To para.29 StVO",1.0,158.0,E326,BA37C95F-307D-44F7-AC37-6D3AE2D47EA2
2441,19206500,"Car, main inspection |
HU according to No. 3.1.1.1 system
VIII StVzo (BW)",1.0,99.0,E319,DE0BFD93-CE31-4B4A-A66A-29E12AA1CC58
2442,61216805461,Original BMW AGM battery,1.0,286.22,C201,AA5CFE0D-6709-4263-8134-3E6B891D28AA
2443,470700,"Individual parts Hochvolt-Zetznetz: HV batteries
Check and individually load the batteries
lock and unlock,
86057782) Check for error code (after
Short test)",18.0,190.44,C103,F19C06FA-7CEC-4BB9-8DBD-1DE94064C311
2444,1500060,Ges/guided function,,14.7,E102,8C16FA81-8769-4C9B-BA2C-85A1798F181F
2445,10906001,"Car tire repair |
Repair for repair
TIRES",1.0,26.55,P168,C0578A7D-D11E-42ED-B5B8-D7CC14FC58F5
2446,24455,"Renew nox sensor with the
Teaching diagnosis",1.2,114.0,G315,069DDB3A-49EB-4E72-A6D6-1487BE97605F
2447,Z44066,"Service package change change and
Storage",,79.75,P149,6153FDF9-FC0D-434F-840F-BA216379DCE4
2448,13.0460-5510.2,"Brake padding,
Disc brake",1.0,82.01,F214,E47FEF87-82D4-48E3-BFC7-7133F41C5D0B
2449,,"Avia Dynetic-LL Premium 5W-30
Article no.: Oel33",0.7,13.51,E412,B8AD474E-9A75-40EB-8CC4-6286E04ADDA7
2450,36115B4E8D3,205/55R17 95H RDC,4.0,983.2,P706,09D637B4-E693-4B9D-860C-13539938546D
2451,11046505600,Brake discs replaced at the front,,136.5,F208,8F7E5DC2-F4E5-46FA-885E-318880B27711
2452,27068950,Battery loaded,,14.0,G116,1A12470C-9313-47A7-961E-7C4E1C59BB50
2453,93840000,Original maintenance work,0.5,69.65,E249,61E013C5-BAFA-4E52-A8DA-36C47ECEF26E
2454,14800480,"Car, various services
0.1 l
Display frost protection",2.0,0.68,E416,30D23C71-67F4-4D71-8DF2-FE3B4E18AFFD
2455,1500000,GFS / guided troubleshooting,15.0,23.95,E102,EC18DFBB-F57C-4374-826D-8D509DA7F8E4
2456,1500000,GFS/Leading function.,,23.83,E102,6A820C85-194A-43C7-B0C3-F16B98655FF4
2457,FT2413061,"Disclar with
Frost protection 1l, TU",2.0,10.0,E416,738CB3E0-5D76-4995-AA43-A1B9D45C0995
2458,27060100,Check the battery,,28.9,C103,57794684-792E-4A84-BC7F-A2BDA8C6D536
2459,2463,"Battery remote control
renew",0.1,10.4,I104,B2EEB6ED-0FF0-4687-864C-EC3F7001BA6B
2460,Z000002,Change of tires with storage and balancing,,67.22,P149,0C314D83-852E-4F6A-BD97-73F6FE511EA3
2461,1470646,"Pruefen high-voltage network
(After a short test)
Check the HV on -board network via actual values ​​I.O.
Check the shooter for controlling I.O.
Battery 2 locks around battery
1 and 3.4 to load afterwards",18.0,198.0,C103,4DAD63E3-C6F3-4D78-8ACB-6BC87C252F07
2462,541108,"Starter battery for condition
Pruefen pole stamp:",3.0,45.12,C103,194CBF9E-96EE-4BA6-9460-FA00B3CC46D0
2463,16050600,Anti -frost concentrate,1.0,4.5,E416,D8B107DC-C364-4FA2-8AEA-6F636DC5D569
2464,93830000,"Maintenance service after
Manufacturer specification (see
Maintenance plan): Service all
20,000 km/ 1 year
carry out",10.0,102.0,E249,543AFA4F-C42E-44A1-ADF8-2134BF076983
2465,BÖL,brake fluid,0.5,4.73,E402,2FB22D63-589D-47B5-8830-34EC37951821
2466,104055,"TÜV main and exhaust gas examination
without additional fee",1.0,150.0,E326,E63787F1-8E29-4991-8CEF-CBFF8FA71381
2467,312141,Battery out and install,0.2,24.6,C201,14FC9C82-FA4E-4B56-AC58-8FD75193E506
2468,1500060,GfS/guided function.,,33.8,E102,62811A7C-F2AA-4992-8070-E9247F0A7935
2469,3612001,"Complete package 1 wheel [incl.Assembly,
Balancing (stat.), Change of wheel,
Weights, valve (except RDC), small parts
and altitude disposal]",4.0,56.0,P165,B1CC626C-0DBE-4145-830C-876B622AE9AB
2470,Z44066,"Service package change change and
Storage",,79.75,P149,AAB27BB0-F0C4-494D-8367-6B0F29771C74
2471,323651,"Lights light A+E (1)
Technician Mr. Klatt-069318",10.0,9.5,L103,7018AD11-44D1-4032-BDCF-D6029878CBA8
2472,Z1MHRWME,"Seasonal wheel change with
Storage",,104.2,P149,0CE6BABB-93C9-45B0-8691-370B30008A4B
2473,100048,"Mount winter bikes with storage for
Max. 8 months.Lo: R-",0.9,109.16,P149,ABAD42EE-5F3C-4F79-A7CA-FC207EC7C4A3
2474,2463,"Battery remote control
renew",0.08,8.32,I104,1F8BE826-3348-4826-AEF2-B2CC8210C21B
2475,,Motoroel with Longlife,6.6,104.28,E441,A9D6769D-B561-4D54-9AC0-A34A9CC41F3C
2476,570301,"Main inspection including
Au with exhaust gas measurement",1.0,156.0,E326,730AF133-06DE-422E-A6F6-533FBB62C921
2477,1647883280,Kit 2 brake discs Belooed,1.0,284.71,F208,FAA035C4-E8CF-4A94-B2E0-A26799DBF314
2478,11A0736498Z8,Complete wheel,4.0,1794.34,P713,4A2936F5-2AA1-4187-936C-B7B8A035B272
2479,F026407327,Oil filter,1.0,14.88,E413,5BDDCF6F-40E9-440B-A0BD-F1EE67F5E881
2480,ZPD&L30,"22403 wheel change (stored)
WITH
Storage (99.90)",,83.95,P149,D7FB1CD9-9B85-4A82-A74E-AD0727E2B19A
2481,1EBC345,"Tuev acceptance / HU
To para.29 StVO",1.0,153.0,E325,1D037138-B5D9-400F-9721-8FC35E0313A1
2482,986478343,Brake disc,2.0,91.18,F208,B1D364F0-AD73-4F0B-AE2F-DA250CCF6F2B
2483,98440799,4 wheels changed/stored + laundry,,83.19,P149,B35A1DD8-B52D-4522-ACD1-0EB5F601251B
2484,ZM4403GF,"Change change with storage
Arval",,70.0,P149,CC12C53F-04AB-49D6-A35C-E55AC948CD7C
2485,174X2GY,Motoroel with Longlife,5.4,85.32,E441,8EA25D51-E1A9-4F89-ACFC-D43C0E80114B
2486,2279938,BATTERY,1.0,6.89,I104,25BDAC15-AF93-4B8D-BFA4-A688538D5A73
2487,8332851,Disc washes,1.0,3.12,E418,F9ED38A8-6204-4F7B-946C-53A7E3A35329
2488,Z9999-0030,Emergency oil 0W30,,30.24,E412,D6C2ED02-FFFA-4F59-B5EE-E153B52D9280
2489,1-7MF13Z,Adblue 1 liter,5.0,14.5,A101,99CC2F55-7E38-41E2-9585-D7278927D70F
2490,27060100,Check the battery,,27.7,C103,D3F21C66-B72A-4FDD-A533-9C08163BEFA0
2491,27068950,Battery loaded,,17.7,G116,EBADA023-FB71-4F0D-9E87-6E3299ADE456
2492,14800501,"Car, otherwise. Autoservice |
Labor value
INSPECTION",102.0,166.26,E220,FDD3444C-7E80-46F5-AAA4-411BBB4B5D8A
2493,9515321,Cill lamp 12V21W,1.0,1.1,L102,25FF38F6-7563-4055-942D-BCA499F13516
2494,14800567,"Car, otherwise. Autoservice |
Work value maintenance
|Combined oil and
Inspection service",78.0,132.6,E220,265DBE8E-9497-4F8B-8321-D26C463876EE
2495,93840000,Original maintenance work,0.5,61.5,E249,74981ED8-90F5-44C7-82B8-F9934A829E05
2496,1672028380,Motoroel Dexos1Gen3 (D30/G30),0.7,11.13,E412,A1A67610-F4F1-4128-B05D-62E867741822
2497,61216805461,Original BMW AGM battery,1.0,286.22,C201,FF424938-1CEF-494E-8FC5-3484CED413B6
2498,M999999901,Adblue,5.0,20.0,A101,1750BE04-7687-48EC-B8AC-FF99899CD67D
2499,26883552,Fill in adblue,1.0,10.2,A101,5BDDCF6F-40E9-440B-A0BD-F1EE67F5E881
2500,39560845,"Brake disc front axle both
Renew pages [Standard]",1.3,136.5,F208,540E2EEE-F644-490C-BC23-A7978E35F482
2501,TÜV,"# Main inspection
According to paragraph 29 StVZO
Follow -up",1.0,19.0,E310,1D775385-C5A5-490D-B83C-C4550E76BAF2
2502,16050600,Anti -frost concentrate,1.0,4.5,E416,43905EE0-6163-4FA7-A873-0D9639790037
2503,27068950,Battery shop,,14.8,G116,01BDFFE2-8D01-461D-BBC0-4090C3A4277C
2504,312110,Check the battery,0.4,48.8,C103,E54FE8E5-CDAA-4ABD-B2C4-107034878852
2505,27060100,Battery checked,,27.0,C103,43965216-DB9C-4AF9-8639-0EF5DC4AF30C
2506,2490405,BATTERY,1.0,232.61,C201,18D5B1E6-D237-460A-B221-17C5EAFE8202
2507,1500060,GFS/guided function,,10.47,E102,E68963CE-4F9F-4622-B2E6-49B1E4A6C95A
2508,10911017,"Complete assembly car |
Complete assembly 15
Up to 17 inches",1.0,17.0,P165,19D8C188-0748-4718-BD63-3384F9B7B9E1
2509,83190140584,Tire protection covers,4.0,3.02,P204,C9F3C6C2-8826-4D50-A088-09D96974E6BF
2510,570301,Nan,1.0,3.0,E326,447E145C-B46B-4796-8449-9F9C68AE0D1F
2511,G1956515,195/65R15 95V Goyear Vec4Season,2.0,202.0,P511,71A60D09-AB1D-40A5-BA9B-85F6D54C947D
2512,,"Engine oil
SAE0W20 VW standard 508.00/509.00",1.0,19.5,E412,7C800A39-6596-4ABB-AE29-48B894E701D2
2513,915089AC,BATTERY,1.0,215.8,C201,E68963CE-4F9F-4622-B2E6-49B1E4A6C95A
2514,1500060,"GfS/guided function ..
Diagnosis / time required",,43.75,E102,E77568EE-35FC-43FB-9F0B-A1DC60FA926E
2515,551 5439,"NOx sensor, urea injection",1.0,328.44,G315,DDA96FB1-1ACC-4D0E-B4FE-CF64BDE86D3B
2516,14800562,"Service brake |
Work value brake |
Both brake discs
renew (front axle)
[Minutes]",54.0,91.8,F208,58520FB5-D48D-4EAC-8349-E49029B42186
2517,1EBC345,"Tuev acceptance / HU
To para.29 StVO",1.0,158.0,E326,FD98F454-7A50-4BFF-8E86-4CA32CD1288A
2518,W7063,Oil filter,1.0,15.2,E413,C2E2BF64-AD0F-4661-B194-DDFAC0AA1A93
2519,27068950,Battery loaded 6123,,14.0,G116,A9BC3EE8-854B-4399-8D0E-1DB21F418C02
2520,SCHLÜSSEL,Error: 'Translator' object has no attribute 'raise_Exception',1.0,7.1,I104,38615D41-87D2-4AB8-973F-354A9C1C63F6
2521,0986494714,"Brake blocks |
Brake padding, slide 0
986 494 714",1.0,99.0,F214,8EDE1F6C-A1EB-4F2B-B548-A80EF4A5B9CE
2522,14800567,"Car, otherwise. Autoservice |
Work value maintenance
|Change engine and filter
[Minutes]",54.0,88.02,E220,2550FA3C-9C52-4318-99AA-527A28EED8DD
2523,N10528301,battery,1.0,3.41,I104,0107C26C-823E-4ADA-AD84-5D5DF94ED16B
2524,2463,"Battery remote control
renew",1.0,10.2,I104,27930D5C-F929-4786-AF46-9505FE7AFE01
2525,910000,TÜV follow-up without VAT (continuous item),1.0,20.0,E310,029BFCC2-11AD-4328-BA5C-F0D40077D088
2526,1500000,GFS / guided troubleshooting 71195,,40.5,E102,6C03D522-045C-4DE9-8F3C-8CCD5172A076
2527,S01L,VW50400/50700,1.0,18.73,E412,CC6FC03A-B0FB-4A42-AEC9-F49209A839BB
2528,0000006,Carry out the vehicle test,4.0,59.76,G109,FF424938-1CEF-494E-8FC5-3484CED413B6
2529,9R09RP00,Different repairs,1.0,129.33,G315,A61A74DD-F770-4718-B5FE-1EB09C850E27
2530,27068950,Battery shop,,11.13,G116,9A5B3EBD-B224-47B1-9A15-49D874338BE2
2531,G052164DS,CLEANER,1.0,4.62,E416,3F8B4B3F-72D3-4962-8C1F-ACE06C85003F
2532,EL550,Starter battery EFB,1.0,173.17,C201,0CAF647D-FF89-45C6-89B8-3A4DAA2134C4
2533,1500060,"GfS/guided function.
Error message: Oil sensor defective
-> No relevant error entry,
Exam i.o.",,27.51,E102,25137614-1016-4212-A5AF-F722BC97197F
2534,2463,"Battery remote control
renew",0.1,10.4,I104,CE136EF6-AF6C-45BD-8BCA-CCBE87AFF4F2
2535,2080258,Glue lamp H7,1.0,16.36,L502,AAA3C309-FEF8-452D-9073-CB3051F457F5
2536,122240,"Brake disc front axle
Renew both sides",9.0,91.8,F208,E14AC1B8-5A33-48FB-B22A-CBC7C5594B56
2537,1EBC345,"Tuev acceptance / HU
To para.29 StVO",1.0,158.0,E325,4D0D745E-5874-419B-BCFB-4C90CA309C38
2538,3528701341774,"225/55R17 97H [Michelin Alpin 5]
EU tire label: C B 1 68 DB1",2.0,294.2,P420,2203C188-2B9E-4E6C-A79D-642E1A9D6417
2539,G052164DS,Shit,1.0,2.71,E416,E4E21A84-B3D4-4F62-A282-FEF810057895
2540,93840000,Error: 'Translator' object has no attribute 'raise_Exception',0.5,61.0,E249,889D7B6B-E891-4D42-A3FC-A2E378611E22
2541,0012159,Review according to § 29 StVZO,,113.5,E319,AA69A932-B370-4D53-B82B-EEFCDDA1016A
2542,83122413061,Disc clarification with frost protection,1.5,5.29,E416,09768016-2F44-42A8-ADCF-12E4CCF98B5B
2543,OC614,"Oil filter |Oil filter
614",1.0,19.81,E413,C216DE27-481B-4C1F-8557-A607214AE857
2544,701-8300015,"Features (Service Article) |
1 LTR Adblue Liquid",12.0,39.0,A101,3D578324-0532-41DE-9D37-64204A013651
2545,2385498,BATTERY,1.0,210.44,C201,6A9DE168-907D-48A5-BAB2-23D71DE8DBC3
2546,OX1350,Oil filter | Ox1350 oil filter,1.0,28.05,E413,C0FF0C89-A508-48AF-9968-AF75B27C3D33
2547,44405501,1 tire replaced U.,,16.81,P165,95BB04EA-467A-4A23-8C91-15C6297DAE8E
2548,F026407142,Error: 'Translator' object has no attribute 'raise_Exception',1.0,8.8,E413,D8925361-B7F7-4A6E-A566-C6C3FB637C3C
2549,312141,Error: 'Translator' object has no attribute 'raise_Exception',0.2,24.6,C201,3953A310-6AD3-458E-A8D7-F057206AC017
2550,2413061,"Disc clarification with frost protection 1l, TU",2.0,6.66,E416,050AD9FA-5ED7-4029-BA9F-F3D0E82CF8AD
2551,83122413061,Disc clarification with frost protection,2.0,8.1,E416,498FCCCE-04E2-498B-B848-D70B9436E68A
2552,BH001,Brake fluid Hyundai 1l,1.0,17.01,E402,C40D99F8-4A13-4B28-AAA1-0BEE1626CE2A
2553,Kühlerfrostschutz,Coolant,5.0,32.5,R106,006602C8-F95F-4FC5-B2DB-04E1A5664386
2554,99031,"FZG. Inner cleaning incl.
Outwash",,83.19,X191,313716B9-2481-48BF-B28B-0EAB7497321D
2555,HUAU,Main inspection 29 paragraph 1 UStG,,155.4,E326,61F3308B-7EC6-4C4A-BB19-0D95A7C6292E
2556,14800562,"Service brake |
Work value brake |
Work value brake",72.0,122.4,F208,351442B9-B74F-47CF-88E4-39A2C6030D46
2557,290990,Diagnostic unit followed/Kom.Herst.,0.3,39.0,G109,20AC2139-C26B-4AB6-BDAC-197D1A06A34A
2558,1500000,GfS/guided function.,,32.4,E102,A31CBE9E-5070-47EB-8E6C-CCE7624D0360
2559,83210398509,BMW 5W30-Longlife,0.75,11.34,E412,43C37316-1178-4871-8A6A-889D71EFF4D6
2560,Z44059999,"Seasonal cycle change with
Storage",,74.79,P149,E302CF7A-08BC-4962-B87C-CA61701371CE
2561,A4479001714,Control unit,1.0,250.75,I905,45A27B40-1F8D-4ACA-88D3-5FE607C8BB29
2562,LRSTC4687,Error: 'Translator' object has no attribute 'raise_Exception',1.0,7.67,E418,C678E4C2-3B3A-4EF9-BF56-3604DF3A651B
2563,13626519,"Service oil change |
0.1 l Markenoel after
Manufacturer specification
0W20 |Aral Supertronic LL
IV FE 0W20 (barrel) / aral /
15b6b7 |15b6b6 |15ba61 /",10.0,19.5,E412,3AF770A2-B57B-4384-B1EB-D5A166F3D972
2564,1EBC345,"Tuev acceptance / HU
To para.29 StVO",1.0,153.0,E326,9A26ABE9-A511-4AE1-85D7-DA77D4C6377E
2565,FT2413061,"Disclar with
Frost protection 1l, TU",2.0,7.56,E416,56A8B855-22FE-4E1B-858D-D082C5BE1E4E
2566,9900000832,Brake fluid flat rate,1.0,13.0,E402,D5830234-4559-45E4-B42D-E86C235E0197
2567,541109,"Battery for condition Pruefen
Polbstel: .......... battery .-
Part number: ..........
Test code: ..........",3.0,53.96,C103,38798805-57B5-41DA-BEE7-5A3310DBF02D
2568,27065550,Battery replaced,,14.1,C201,AFC0CEEB-D016-4F64-B780-88F40971E007
2569,G052164DS,CLEANER,1.0,4.62,E416,D5E58DA9-9A77-4068-A303-C43FAE4ED7BE
2570,6310502,Set headlights,2.0,40.98,L118,CFE04E54-851C-4FB0-BF86-2962E670E4A3
2571,,Motor oil 0W20 Quartz Ineo,1.0,15.5,E412,B9D25EE8-94BF-4C81-9A81-D2C28298CB96
2572,290990,Diagnostic unit followed/Herst.,0.3,28.5,G109,F0D6F842-A282-4C7E-9365-24FD6671E651
2573,RSW3,"Assemble winter wheels,
Store summer bikes",,56.22,P149,7C52D66E-8402-4A6F-A5EF-85D39C347DC2
2574,1678091,Battery AGM 70AH720A,1.0,285.71,C201,EAB620CB-6282-443F-B1DE-F1A7697D4CEF
2575,A6541801100,Activated carbon dust filter,1.0,65.09,E413,5F57F5D4-C6B7-41C8-AB79-1C567BB2C41B
2576,1EBC345,"Tuev acceptance / HU
To para.29 StVO",1.0,153.0,E325,1973576F-A256-4663-9023-D58EECC516DF
2577,93840000,Inspection carried out,5.0,61.0,E249,C800204E-4960-4F7A-B028-91DD77B2BE0E
2578,G052164DS,Display frost protection,1.0,7.9,E416,875FBE5A-024B-4758-B16F-59094D78B1E8
2579,66585520,Replace the rear spoiler,,66.0,Q139,5BA60EA6-C454-4F98-AC69-81F0CBE47500
2580,99330,"Park & ​​Fly 1-7 days 99, -inkl.
wash",,83.19,X191,B9B2F094-22DC-4D64-A83E-58FCDDCC68BB
2581,210002,Check the engine oil stand and correct it,0.1,8.5,E405,7A5A235D-5DFB-40F6-836F-47A478C3227D
2582,,5W40 engine oil,3.1,34.1,E441,897EB596-04A8-4D69-B597-8F1C530528C5
2583,G,Error: 'Translator' object has no attribute 'raise_Exception',1.0,12.0,E412,5331CC26-F6F9-45CE-89BE-20D7CB8B2C46
2584,OX813/2D,"Accesories
OX813/2D oil filter",1.0,20.65,E413,0D992C87-3789-4EB5-B5F2-CDA076B2B781
2585,27060100,Check the battery,,27.7,C103,9F295F79-0918-47E7-B427-4B66B2C4CEEB
2586,27061900,Complete the battery,,54.6,C201,AC6024E4-2F11-41CB-8821-7E49D89D20E9
2587,99999999,Error: 'Translator' object has no attribute 'raise_Exception',,49.9,X105,B311AD43-97F7-4BAA-9D67-766C3CD2C7FF
2588,TE2032,BATTERY,2.0,8.54,I104,85A35727-3DD5-460A-A8EC-A3B8E38CA084
2589,55058274,Disc cleaner,1.0,2.37,E416,230795B9-32B4-4815-987F-5C03D5424DD9
2590,00051126,0W-30 Total,1.0,15.5,E412,18C629D8-CCFE-476A-A408-83EF2424D785
2591,10821999,Fastened underbody trim,30.0,42.53,M113,0CF4B418-D0C2-40D5-886A-A4A5CDF31526
2592,3528705295509,Error: 'Translator' object has no attribute 'raise_Exception',2.0,378.75,P420,AE4A5F4E-A6F3-4227-A7E7-E4B96F162EFA
2593,1030034,"Maintenance service after
Manufacturer specification (see
Maintenance plan): Inspection
Service with oil change
carry out",14.0,142.8,E220,31515BDE-9A89-4FF7-9164-B516A53D56C1
2594,40111101,For storage,,60.0,P149,57F16E91-10E2-49F0-AA67-EA0E78BBEDFE
2595,11046505600,Brake discs replaced at the front,,136.5,F208,F16AD660-E84D-4CB7-8CB2-9E53E468B170
2596,27065550,Battery replaced,,12.77,C201,55E2C8BF-8914-4977-AB92-7999995EADC4
2597,2013334,"Battery AGM 800 A, 80 Ah",1.0,326.52,C201,D83A4042-40DC-437E-9777-915E69A337C7
2598,27061900,Error: 'Translator' object has no attribute 'raise_Exception',,48.52,C201,A0CF6AB2-5324-470F-B42B-43E7F9BDB5C5
2599,15401,TÜV fee examination,1.0,6.0,E310,0C87CA7A-ACDE-4830-880E-4EFF8BAB33AC
2600,121540,Renew brake fluid,6.0,63.6,F506,3DE72D46-2850-4C9D-80B5-AFE349DB2BBA
2601,1EBC345,"Tuev acceptance / HU
To para.29 StVO",1.0,153.0,E326,5C0353F9-DB12-45FB-92FE-B881E65F6790
2602,1EBC345,"Tuev acceptance / HU
To para.29 StVO",1.0,158.0,E325,75F1FE48-EB8B-491C-9D08-2D38D58AAB1D
2603,T005333,Shell 5W20 Ultra Ford,0.5,9.75,E412,3A205D7D-ED4C-4476-B24B-E68159EDDA5E
2604,27068900,Error: 'Translator' object has no attribute 'raise_Exception',,27.0,G116,171873B3-5EDD-4A1D-87CC-5EEF73A50ED6
2605,121541,Renew brake fluid,,53.12,F506,E5F2E3A9-6849-48C1-9B48-3E8193FF5CDD
2606,39516847,Battery out and install,0.2,21.0,C201,E96BC61A-04BB-4630-BCE8-5808FD5C2F79
2607,1EBC345,Error: 'Translator' object has no attribute 'raise_Exception',1.0,150.0,E325,650B4387-30E1-44F7-9111-0EFF2DE05778
2608,1EBC345,Error: 'Translator' object has no attribute 'raise_Exception',1.0,158.99,E326,6D48E91C-5B7A-4BEA-AA07-C7BA7FABF62E
2609,290990,Diagnostic unit followed/Herst.,0.3,52.8,G109,EF7F9435-83F3-4D0C-8FC1-AC9F6294745C
2610,801815,Battery load and test,2.0,22.4,G116,A48154EC-DD17-496A-8EF9-67B2FD031867
2611,ZZ0002ACO,Error: 'Translator' object has no attribute 'raise_Exception',1.0,83.19,P149,383638AE-29EF-452C-B296-FBC2D220BF74
2612,MGZSEVMCEMF1Y,Error: 'Translator' object has no attribute 'raise_Exception',0.8,106.8,E211,CAF13C53-A522-486F-97FB-48828DEAF283
2613,FIA,"Vehicle maintenance customer request
Vehicle cleaned from the inside and outside, including
Rims, sucking, window cleaning",1.0,75.0,X191,474C78E5-EC2C-412B-9A9F-A9489E0F7C73
2614,1085270,Error: 'Translator' object has no attribute 'raise_Exception',1.0,6.89,I104,038405C9-D703-4825-A77B-D0B8CFA16089
2615,A0005061400,Shit valve,,263.34,M506,03C4334B-D80B-45D2-9F1F-98B05C80EDF5
2616,8E0012619C,Ripe,1.0,48.23,E421,4E0EC035-4B01-46B6-B51F-EDA95E8770B0
2617,04E115561H,Error: 'Translator' object has no attribute 'raise_Exception',1.0,11.4,E413,5331CC26-F6F9-45CE-89BE-20D7CB8B2C46
2618,MG4MF1Y,Error: 'Translator' object has no attribute 'raise_Exception',1.0,119.0,E211,A554EA48-FDDE-45DA-A90C-DEB618302A13
2619,W12,Error: 'Translator' object has no attribute 'raise_Exception',9.0,109.8,E211,33B33B15-15E8-4422-862A-975548E529E2
2620,6,Carry out the vehicle test,4.0,53.8,E102,9A661625-3606-4382-98B8-5DB105466D2E
2621,14800480,"Car, various services
0.1 l
Display frost protection",10.0,3.5,E416,E29D349D-1AAB-428E-BC6A-A018F71863DB
2622,122,Fill in adblue,1.0,11.65,A101,4C324AEC-F672-4FDD-9090-75CCE0006829
2623,55058274,Disc cleaner,1.0,2.37,E416,3B7DD944-C96C-4F98-9471-8E397F667C62
2624,2099515,BATTERY,1.0,232.61,C201,4C4736AF-7AE3-404D-9F8A-D060686AD0A7
2625,OC 614,OC614mahle oil filter,1.0,23.3,E413,AFB6E98E-9A32-4F86-A4B7-E138B7ADDF09
2626,VZTW205556TMA90,Ripening of the winter,1.0,121.58,P420,0CBADE51-C3C0-4CA1-9F42-288952F9E411
2627,Q32005,"Course lamps set GT20
Course lamps set GT200",1.0,55.5,L502,B3F808F4-D253-455A-ACF6-310EBC9C9A74
2628,12950910,Error: 'Translator' object has no attribute 'raise_Exception',3.0,39.42,I905,0C3927B9-E34E-4E66-8255-DEB6E4D88FBA
2629,320000,Handmark lamp Ern.,0.3,33.42,L215,3100078F-55B5-4C07-9100-B14EC6E1AA7C
2630,,Oil Hel0w20,1.0,18.73,E412,F56C7F19-8300-4ED4-909A-31A19858A099
2631,93190466,Error: 'Translator' object has no attribute 'raise_Exception',1.0,2.0,L102,EDE45C9E-A775-460A-A9CC-6552185B4390
2632,1682088580,Wiperblatt Hi,1.0,10.85,E422,593F1A77-16E1-40D4-9739-3D173F4B1DAB
2633,19206502,Error: 'Translator' object has no attribute 'raise_Exception',1.0,154.0,E326,1E840E07-9A57-43DB-9603-3CF40319B017
2634,27060100,Battery checked,20.0,31.93,C103,EC18DFBB-F57C-4374-826D-8D509DA7F8E4
2635,14800480,"Car, various services
0.1 l
Display frost protection",25.0,8.75,E416,B8BEB11D-4A51-4A43-8377-1B5F939E8305
2636,4041510,"Replace the battery.
Test code 9G480-083K9-97J4RG
Battery deep discharge",0.3,39.0,C201,7DCA3CF5-6E3C-4C8A-9737-818F46921D38
2637,FT0015,Error: 'Translator' object has no attribute 'raise_Exception',1.0,155.0,E326,C5F5784B-B1B7-4ED4-AACD-874E1660A107
2638,1611908680,(Mkt) disc wash fluessi,2.0,2.52,E418,2388F78A-74B4-44A4-937E-7C46BA53594E
2639,F026407143,Oil filter,1.0,13.6,E413,711EE55D-7142-437C-A55E-CA1FE83942A8
2640,1-7MF13Z,Adblue 1 liter,6.0,17.4,A101,0051723A-5018-4A9A-89A5-1416BD2D74AD
2641,5K0971461A,Error: 'Translator' object has no attribute 'raise_Exception',1.0,10.56,N100,1E23A51B-75CD-4121-AC73-CE5788CD3317
2642,P1,"Raeder Service ""Comfort"" up to
18 inches",,88.0,P149,C316A1A4-D375-4379-8A57-4681978836FF
2643,117580070,"Disclar concentrate
06B02",1.0,6.6,E416,516FA236-112F-4024-88B8-D56EF5AB6AC3
2644,14800480,"Car, various services
0.1 l
Display frost protection",40.0,13.6,E416,391F3ACC-D5A6-4ADE-981D-BA5B9CE7574F
2645,OX12,Error: 'Translator' object has no attribute 'raise_Exception',1.0,18.24,E413,777CACD8-A4FF-44C0-9341-43F4B55B6E2B
2646,66126912985,Button,1.0,3.0,I104,865EB2FC-9BE4-49A3-97D1-FEBE9C72A0E8
2647,95507807,"Glue lamp
12V16W",1.0,2.97,L102,D43BDA28-A7F2-4821-8C18-64DD0572AC58
2648,,Original Oel Longlife IV,1.0,18.73,E412,6A930EF9-04A8-4DD9-9A22-234BC28FCD18
2649,10831900,Construction of the cover,,25.6,M113,B285F35B-81B6-425F-8DCA-29BA67439C8B
2650,312141,Error: 'Translator' object has no attribute 'raise_Exception',0.3,28.8,C201,4369967F-4F51-496D-A1B8-15C5450E1749
2651,27061900,Error: 'Translator' object has no attribute 'raise_Exception',,59.6,C201,7FD436C5-CE2F-4854-8490-DB9EA3787450
2652,,Castrol 0W-30,5.3,82.15,E441,26A15455-B945-4E92-8540-5809AFEB6B74
2653,A00098928,25,2.5,17.38,R106,0F53BB7A-6242-4ED9-924D-8657A2328B23
2654,,Mini Engine Oilll04 5W30,1.0,27.23,E412,EA034DB5-11D1-467E-A3C7-79B462AE9776
2655,,"Titangt1 Longlife IV0W-20
Fuchs per liter",5.5,82.5,E441,DD0B788C-C7F6-4FD8-84D5-22367716A641
2656,915089A,Battery EFB 70AH/420A,1.0,215.8,C201,8703517F-56D6-4DFA-84E3-F0FF6F8962C7
2657,S107,Motor oil 0W30 50400/50700,0.5,10.21,E412,18143345-47EC-45AD-8D45-93B90720A985
2658,19206502,"Car, main inspection |
HU/AU external performance
Prüz., 3.1.1.1 A. VIII
StVZO (BW)",1.0,154.0,E326,4F720384-0D4E-4FCA-9E53-D777798DA699
2659,Z4400-01C,Change/store 4 wheelers,,83.99,P149,684E4078-9C96-4D07-848C-197205390FC8
2660,1611909180,Disc wash fluid 20 ° C (1 l),1.0,2.68,E416,889D7B6B-E891-4D42-A3FC-A2E378611E22
2661,915089AC,BATTERY,1.0,215.8,C201,6375C252-AB5B-4052-8419-697A8D14039C
2662,84302,Renew the windshield,2.1,390.6,O207,81545521-707C-4A79-A20F-2F9A17C44F8D
2663,ANZ819514,Error: 'Translator' object has no attribute 'raise_Exception',1.0,4.2,E416,1E522C88-9ECA-41B1-B752-C3366168B76D
2664,27061900,Complete the battery,,42.0,C201,E2384944-08DA-448E-83D2-10B3CDCC783E
2665,1500000,"GfS/guided function.
-Cropy tire pressure",,28.69,E102,C3C73D95-6CA0-481C-A5C3-F1AF0F0D43CB
2666,0 986 479 315,Brake disc VA,2.0,262.4,F208,01B943AE-89E6-4CF2-B5B5-61E826DE5121
2667,1675652380,Kuehler frost protection,1.25,6.97,R106,B4E6B3D5-6A31-459D-8EF3-37C28945E533
2668,5391469,Oil filter,1.0,13.86,E413,481C3AC6-60B1-4309-A90D-70F3B8664181
2669,27065550,Battery replaced,,14.0,C201,1A12470C-9313-47A7-961E-7C4E1C59BB50
2670,7507,Cill lamp orange,2.0,4.52,L102,9388E254-3BB0-48F6-AF1D-AF8FD1A3C9BB
2671,2453,"Maintenance service after
Manufacturer specification (see
Maintenance plan): Service all
15,000 km/ 1 year
carry out",7.0,71.4,E211,D8925361-B7F7-4A6E-A566-C6C3FB637C3C
2672,47180749,Error: 'Translator' object has no attribute 'raise_Exception',0.25,26.25,C103,8EDED505-C585-42F8-A6A9-265CCABBDF33
2673,M999999901,Adblue,8.0,28.0,A101,FD07A348-F8F9-487C-8035-62E5FC197185
2674,24.0125-0158.1,Brake disc,2.0,187.3,F208,B83B3F79-A215-4414-9AE8-08C2C7004BAD
2675,25022710,Renew brake fluid,7.0,71.4,F506,D047FFDB-8CD9-4C2D-A841-292924B56CEE
2676,1500060,GFS/Leading function.,,13.47,E102,1B6AD80C-B6FA-4811-973D-CF506A5E42C2
2677,61627468054,Wiping blade,1.0,22.81,E422,7D5126E0-03B6-43AC-B097-C6F6291BB585
2678,Z5807290,Glue lamp 5W,2.0,3.04,L102,015F3906-1FA6-417A-8F08-A52AF6D7E7A9
2679,19206502,Error: 'Translator' object has no attribute 'raise_Exception',1.0,154.0,E326,FEAA0463-F9F2-4EAB-B98E-643CBD65D47E
2680,444,"Drain engine oil and again
fill up",5.0,58.25,E405,E0DE6CA1-EDBD-4799-8978-3ED75555D4BD
2681,312114,Battery A+E,30.0,41.4,C201,974961AD-3385-4F6D-B43C-56330370F886
2682,ZRÄD_EKD_001,Error: 'Translator' object has no attribute 'raise_Exception',,83.19,P149,6D68D0B0-7659-44B7-A880-86645A7623F7
2683,83122413061,Disc clarification with frost protection,1.0,2.61,E416,6C33DF5C-C37D-459B-90FE-33A9CB69D7D5
2684,5010Z1W216657,Ripe bri,,582.96,P404,A7FF4572-918E-43E2-9950-2B84B73E7E3C
2685,NL11001,"Diagnostic package 1
* O-sound mechanic: feather for
Hauben lock broken on the right
and missing hood lock must
be replaced
*E KB: Bonnet can be
at times do not open, first with
It opens additional pressure
then-please customer address
Check and after RS ​​with SB
repair",14.0,200.34,E102,B9732D56-49BF-4099-B7E3-756CD8A96C08
2686,4544P,Brake disc set VO,1.0,245.02,F208,F604BA1D-5B41-41C6-8462-90A3E62F0C3F
2687,1-EBC-345,"Tuev acceptance / HU
To para.29 StVO",1.0,158.0,E326,E377E968-12A7-41DF-8929-A35C10C26345
2688,,0W-20 motor oil C5 B712010,1.0,14.5,E412,A3E1D10C-76E3-45A4-9310-3C7AAAAC9B70
2689,1500000,GFS/guided function,20.0,25.2,E102,A15A135C-25D4-4331-BBE4-7A94C9CA560D
2690,542401,"Control unit
Renew the coat pipe module
(according to PRUEFUG)",8.0,128.22,I905,2CF1FF25-B968-4B9F-AEC7-63842646701B
2691,COMFORT,"Package ""Comfort Plus"" (15 AW)",1.0,66.39,P149,43C37316-1178-4871-8A6A-889D71EFF4D6
2692,NL16001,Adblue,3.0,33.61,A101,EC2B283D-C77B-458C-8E50-FE60585A876D
2693,8W0698151BB,Error: 'Translator' object has no attribute 'raise_Exception',1.0,165.24,F214,1F07B64A-977B-43B1-8E99-392280C1C9B0
2694,,0W-20 LL I,1.0,25.63,E412,1B3540B8-3503-43A9-B63D-C7144F5C1D10
2695,27061900,Error: 'Translator' object has no attribute 'raise_Exception',,46.5,C201,7DCACC66-E733-4503-9C0F-B568DEF617A2
2696,13626520,"Service oil change |
0.1 l Markenoel after
Manufacturer specification
0W30 |Aral Supertronic
Longlife III 0W-30 1L /
Aral / 581.30.30 /
4008177182617",10.0,19.0,E412,B73E24FF-593D-4A1D-BA13-201BE8634595
2697,915089AC,BATTERY,1.0,215.8,C201,522879DF-CFBC-4681-BEF1-517E17ADDD93
2698,19206506,"Car, main inspection |
HU according to No. 3.1.1.1 system
VIII StVzo (BE)",1.0,97.5,E319,0BA62C92-34DF-4BDA-8D9F-3B7F299B8A43
2699,312141,Battery A+E,0.3,35.7,C201,08EFADEF-32E3-4C1B-B132-28394DCDA3BA
2700,83215B49CA2,Error: 'Translator' object has no attribute 'raise_Exception',1.0,22.69,E412,FBD1BEF9-5C05-4B1B-A7F4-0A59B4C7ECD6
2701,701-8300015,"Features (Service Article) |
1 LTR Adblue Liquid",4.0,16.76,A101,ECD15F14-90B5-4F94-9751-4E99D3DC283D
2702,17MF13Z,Adblue 1 liter,10.0,29.0,A101,602B50CA-1115-4A25-A93A-1DF77C923D2C
2703,40-1407,"Premium package for 4 bikes
Change the wheel
+ Season storage",,84.03,P149,81926F6E-05A5-48BE-823C-95A23088508D
2704,66126912985,"Button cell 3.2 V
CR2032",1.0,3.0,I104,2391ECAB-14EB-4435-AE50-0DE4B2A9B104
2705,G12E050A2,Error: 'Translator' object has no attribute 'raise_Exception',1.0,6.64,R106,4CA130E4-4787-4893-93C7-BE7CFFD39831
2706,19206525,Error: 'Translator' object has no attribute 'raise_Exception',1.0,39.0,E310,533C47D0-AA3A-4E0A-81EC-1B03572C8CE2
2707,52830910,"Glue lamp for the back lamp
EXCHANGE",0.2,29.0,L103,13C1C487-05D1-43A1-9A6E-7AD68CF2597C
2708,SLM,"Check the battery
Vehicle starts hard / bad",0.2,22.4,C103,A760CC80-086C-41CE-8FB6-4B76E471C6B9
2709,27068950,"Battery loaded
To maintain the
For testing, measurement and setting work",,12.5,G116,9184AAB5-7812-44C1-9B44-7B5742F40C81
2710,3286342047317,Error: 'Translator' object has no attribute 'raise_Exception',4.0,936.0,P404,F87A14FE-66BD-4D9C-A0B3-7D95D30D8B82
2711,AVFHU02,Dekra fees HU,,102.5,E319,128DC57A-6E03-47EC-92B8-4ABD33CEA6CD
2712,7892332,Disc cleaner,5.54,4.05,E418,CEDE4AC8-3815-455F-ADC9-60A6992DE121
2713,2013334,"Battery AGM 800 A, 80 Ah",1.0,290.24,C201,AAA3C309-FEF8-452D-9073-CB3051F457F5
2714,2490405,BATTERY,258.45,232.6,C201,8E3C1F71-7DA6-4E6E-8081-D3046234DF5A
2715,4903,Main inspection Dekra,,107.5,E319,DAE3F259-3D86-441F-B4D9-8AD3F5B59451
2716,83125B5ED57,"BMW disc clear with
Frost protection",1.0,5.8,E416,BA8C3688-8A4E-4AEA-BA27-9AB4E2B70A7A
2717,9999,Fill the engine oil,0.0,8.5,E405,7F125E32-C72D-456B-930A-9464216A32B8
2718,NL16009,Adblue fill in BMW Rent,2.0,29.0,A101,0AB3376E-27AD-44CF-A747-B2F5DC1481F2
2719,828232,"Delivered WR assembly including
Imported!SR storage",12.0,108.4,P149,6831D059-0ACD-4CB6-A9BF-6A491A72DCA1
2720,915089AC,BATTERY,1.0,215.8,C201,AFC0CEEB-D016-4F64-B780-88F40971E007
2721,ZP_RÄDERNW,Error: 'Translator' object has no attribute 'raise_Exception',,100.0,P149,D761EF3D-A3B8-443A-8F0E-6B60E439E17F
2722,1EBC345,"Tuev acceptance / HU
To para.29 StVO",1.0,153.0,E326,0E4066A3-3552-46DB-A13F-ECE9A6A5BA5D
2723,4024067003251,"Winter H |
205/60r16*h speed grip
5 96h XL",4.0,333.2,P425,1C7D33A6-1557-485D-AAE3-BB5B41963CBB
2724,44405501,1 tire replaced U.,50.0,16.81,P165,9DDF6A1B-0F56-4B5F-865B-7AC29F6DFCCE
2725,85452593754,"205/60R17 93h
Bridgestone Blizzak LM-00",1.0,149.58,P404,45480667-518A-4E68-9C95-D8B0FC01A941
2726,1-EBC-71,"Error memory
Read out /loeschen
(as part of the inspection
for free)",1.0,49.0,E101,7E9A64E8-1C99-4EF3-B96B-999090374B0D
2727,5060ZUB036,Long.0W20,5.1,95.52,E441,E05B620E-3045-4A49-96AC-9231AEFD9883
2728,915089A,BATTERY,1.0,215.8,C201,66AEF633-CE6F-4470-97A1-004D1CAF98D5
2729,1,Change of wheel + storage,1.0,54.64,X100,F81DCDDE-81FF-4C88-AE8E-091259516B9F
2730,99999999,Oil level tested and supplemented2,,14.0,E405,2EFD2D48-FDA7-43AA-B00E-9558B2602920
2731,S100002950,Adblue refill wages,1.0,15.2,A101,49555B1C-50E8-4CEF-8C7D-BC0DB0F35A28
2732,1-EBC-345,"Tuev acceptance / HU
To para.29 StVO",1.0,158.0,E326,7F16CF81-8159-4835-9E72-3AD59488B778
2733,241145528,"Spark plug Platinum Iridium
Evo",4.0,76.8,E427,20177DCE-01FE-4137-8033-359847BE513E
2734,541011,Make a short test,3.0,32.31,G109,86CCFC89-98C7-49FE-9A3A-02F7D0EC948D
2735,1362668,Replace the diesel particle sensor,8.0,144.16,G315,4C7E8FB9-72DC-45E6-8FA4-999D37234DEC
2736,G05291099,Adbluepau,14.0,25.2,A101,2CFC254B-E983-441E-8807-295E5A0FA33E
2737,3310A50,"Brake disc front axle
Renew both sides",6.0,69.9,F208,0B754876-66D7-491F-B54B-379C73BE524D
2738,1500000,"GFS / guided troubleshooting
Battery learned",,25.0,E102,8703517F-56D6-4DFA-84E3-F0FF6F8962C7
2739,G JZW164DS,Disc cleaner,1.0,6.19,E418,85A35727-3DD5-460A-A8EC-A3B8E38CA084
2740,570301,Nan,1.0,3.0,E326,703DE73C-6AB9-43E6-A974-2A30C4B88725
2741,27068900,Battery loaded,,23.6,G116,009044C8-BC19-4C20-A2AD-E638A0F062F6
2742,7700082,Castrol 0W-30,5.3,82.15,E441,53F89C81-F782-40F9-B6CE-64AF46C66A51
2743,16050600,Anti -frost concentrate,1.0,4.5,E416,547D84D4-BB6A-4191-887C-1C8C1FB9CCF3
2744,27065550,Renew the battery,6.0,61.2,C201,617E02A6-5257-4879-A051-D5CB28DCFD03
2745,121541,Renew brake fluid,,53.12,F506,69949D80-DDD0-47BD-AC0B-B86C50F9075B
2746,"Z4WECH24-19""","Change 4 wheels, wash and store
up to 18 ""
(Seasonal change)",,83.19,P149,BEF2093C-E1B1-489A-A2F3-4370824F3B9C
2747,S100003134,"Vehicle linen /
Suck out",1.0,20.0,X191,60736562-DB56-4996-B800-F0BABC3CB08C
2748,83125A1A167,Disc clarification with frost protection,1.0,9.9,E416,72253460-AC2C-4021-AAAD-78AB5895F7BC
2749,14800480,"Car, various services
0.1 l
Display frost protection",10.0,4.2,E416,C0C53FB3-E411-4606-B8C3-97363B9D890A
2750,RWE,Change of bike inclusion,1.0,83.95,P149,41EC1C32-EAB8-4AA9-B52F-61F52609CAC2
2751,6430300,Replace the transmitter battery,0.1,11.8,I104,B58ACF58-F0EB-4342-9BD4-34BAF5B07155
2752,16079730,"Lamp Glassockel 5W
Total 1) License light lamp defective",1.0,1.48,L102,8072B0E7-82E2-4A78-AAFE-C9F86699E42C
2753,3323000,"Frost protection,
Panel cleaning system
AntiFrost+clearance",1.0,5.03,E416,27930D5C-F929-4786-AF46-9505FE7AFE01
2754,5LA945302C,LIGHT,1.0,7.79,L107,02BB985A-55B8-4AE3-A64E-F3BE03DDC5E1
2755,27068950,Battery shop,,13.0,G116,42E5FC3A-CB3D-4FED-915B-690F31752635
2756,83125A1A166,"Disclar with
Frost protection 1000ml",1.0,4.09,E416,2391ECAB-14EB-4435-AE50-0DE4B2A9B104
2757,6,Carry out the vehicle test,4.0,61.84,G109,EAAA4E0D-9111-44F0-A806-1CA11D18455B
2758,915089AC,BATTERY,1.0,215.8,C201,DD85B938-3593-491C-8A9B-B8B5D8F79476
2759,0W30-1 LII,"Oil0W 30 Longlife II
VW standard: 506.01",1.0,18.73,E412,D5016781-3C7C-42EB-9E7A-A09886A78232
2760,B000DS,Br.fluid1l,1.0,16.12,E402,51FFFE83-26B3-4D44-BDDB-8F6597692ADC
2761,F026407143,Oil filter,1.0,13.6,E413,31515BDE-9A89-4FF7-9164-B516A53D56C1
2762,,"BMW Twinpower Turbo LL-
17 FE+ 0W-20 1L",1.0,18.9,E412,ECD9B0B2-16CE-4FF9-9FE5-AFD57FA6B3ED
2763,44405899,"Tire assembly, balanced",,52.0,P165,6C77F737-0F5F-4BD8-A89A-ADA3FF676429
2764,AW,Change of brake fluid,,30.0,F506,EE9AF0DF-4011-4D20-8DF5-1534C5BA6CE3
2765,924017,"Assemble the winter chip and the
Sommerraeder Saeubern, Pruefen
And store
Storage number: A332",,70.0,P149,12B4BE99-C7F9-4612-A211-4FA6D1061125
2766,01340000,"inspection
Inspection.",,72.8,E220,AD309B0E-95FE-4169-A879-A8DF0F5C86E9
2767,3200155,"Chassis measurement kinematics
Diagnostic system with
Height measurement without
Vehicle load",11.0,155.21,T103,0E25BE0C-E121-4A0F-ACAC-27D9D0FD55B6
2768,27060100,Check the battery,20.0,25.2,C103,A15A135C-25D4-4331-BBE4-7A94C9CA560D
2769,93160455,"CLEANER
Inspections: unique controls/work",1.0,3.0,E416,F805D7E8-9B3A-41A1-A5B7-6647DE72467B
2770,13626520,"Service oil change |
0.1 l Markenoel after
Manufacturer specification
0W30 |C-TEC Special C2
0W-30 (1l) / Masteroil /
0010030030600 /
4260592073554",61.0,115.9,E441,79173219-7822-404B-9314-3E5159AC9F1D
2771,83125A85517,Disc clarification with frost protection,1.0,5.14,E416,10751B82-6A79-42EA-B265-F4A64391D1E5
2772,14800501,"Car, otherwise. Autoservice |
Labor value
INSPECTION",102.0,173.4,E211,C216DE27-481B-4C1F-8557-A607214AE857
2773,52020410,"Headlights set on
VEHICLE",0.4,46.0,L118,DC487308-469F-4B9B-9FC8-E3E41ED93077
2774,90900211,"Licenses
Installed",0.2,25.0,L103,2E4BD294-4873-4C0A-B524-239BA644609F
2775,0006,"Disc clear
Disc water",0.1,0.36,E418,5C0634F5-01A5-4101-9717-904A3FBF1024
2776,Z440522,"Change wheels, cleaned and
Stored",,71.43,P149,71CFDDE5-CCFB-4383-8A2A-7517709F94FD
2777,685455,"Interior view view
renew",4.0,69.28,Q126,2D79795E-D9DB-4B3F-A087-17384B25883D
2778,BR2,Brake cleaning & protection,1.0,4.59,E402,AAEBE4F2-A656-4BC9-A1A8-D2CA9FDFC397
2779,M999999901,Adblue,15.0,60.0,A101,60736562-DB56-4996-B800-F0BABC3CB08C
2780,2580321,-Brake,1.0,107.73,F214,36CB5F5A-1515-44ED-B9DB-1BCD0F39029E
2781,93840000,Original maintenance work,0.5,67.4,E249,7F021525-E511-4475-987F-ED9B5B04923C
2782,1-EBC-345,"Tuev acceptance / HU
To para.29 StVO",1.0,128.57,E325,AB36DB0E-56E1-44D4-9B67-9F08FE4A3EAF
2783,HU7046Z,"Oil filter |Oil filter
7046 Z",1.0,12.03,E413,901A7C51-D210-4AF0-9C2F-A7B2A99D4CFB
2784,14800484,"Service brake | 0.1
LITER
BRAKE FLUID",10.0,12.3,E402,C216DE27-481B-4C1F-8557-A607214AE857
2785,5499999,"Electricity and mass supply
Particle sensor checked-i.o.
Particle sensor defective",,55.5,E102,39FBC6DA-937A-46C1-88F5-FF0D6486A5D0
2786,6,"Carry out the vehicle test (with
Vehicle diagnosis system)",4.0,62.8,G109,5B8E80E0-7D26-4736-8299-5DF4980E959D
2787,83215B49CA2,"BMW Twinpower Turbo LL-
17 FE+ 0W-20 1L",1.0,18.9,E412,4C4FBA7A-90B0-4CF5-AF3F-D1B9D99B56F0
2788,44449901,"Seasonal change of bike
Wheel storage
Check delivered tires for conformity
Calibrate tire pressure control if necessary
Maximum storage period 7 months",,57.98,P149,E534F50B-E180-4F88-9939-7DF549B3EF97
2789,,Motor oil (3224),6.5,113.75,E441,07E237F3-D0E4-47B3-B4C5-577848098725
2790,19206529,"Car, main inspection |
HU/AU external performance
Prüz., 3.1.1.1 A. VIII
StVZO (NW)",1.0,155.0,E326,B8FD7F9B-62F0-4E9D-9A9C-9154D255F7E9
2791,12013310,"Control -clear global test
Error memory query on
VEHICLE",,29.25,G109,29855505-17A3-4368-8B3E-545A53875B56
2792,14800480,"Car, various services
0.1 l
Display frost protection",4.0,1.4,E416,6FC87773-0F3F-48B9-BAD1-92EA8D18674F
2793,FL0003,Ratio,,30.0,X608,AC078838-2DE3-4E5F-9E9B-CDD52493D3C2
2794,TU1,"HU examination Dekra
Throughout post.§10 from.1 UStG",1.0,,E319,C2D0EFD2-1231-47DE-9353-548283E48B8F
2795,27060100,Battery checked,,31.5,C103,E2384944-08DA-448E-83D2-10B3CDCC783E
2796,93840000,Original maintenance work,0.5,61.0,E249,32F85606-7ED8-4EC8-9910-36A8B15632D1
2797,14800480,"Car, various services
0.1 l
Display frost protection",25.0,8.75,E416,5263B70E-6079-4ACB-8357-891AC6CE9F2C
2798,83125B5ED57,"BMW disc clear with
Frost protection",1.0,5.22,E416,78E5DBC8-4EB7-4569-8E8F-F2D467CF9B96
2799,9816245480,Russ sensor,1.0,463.24,G315,96F4E408-9E8F-4C1C-823F-891BAA8351F3
2800,Z10528301,BATTERY,1.0,3.83,I104,CF987210-2FF3-44AA-84FE-CD3DAF80A83A
2801,,"Service oil change |
0.1l Helix Ultra ect
C2/C3 0W30",8.0,15.2,E412,36DA7CF6-BACE-4A77-9FD6-4DCB6CC5476A
2802,OX13,"OX1301D oil filter
Mash
EAN: 4057635172776",1.0,20.07,E413,4D0C8723-EFB9-4919-8813-AD843697C0CA
2803,YQ00956280O,Station unit,92.63,67.78,P180,3A205D7D-ED4C-4476-B24B-E68159EDDA5E
2804,19206517,"Car, main inspection |
HU/AU external performance
Prüz., 3.1.1.1 A. VIII
StVZO (HH)",1.0,149.0,E326,3F63E9A7-1095-46CC-9BE0-39E45D21DB9D
2805,1085270,Battery CR2032,1.0,4.2,I104,FEF819C3-E7C8-4A82-94E5-4660C87101CF
2806,6100006,"Vehicle diagnosis test module
Charging check",3.0,34.8,G109,73048AC6-8209-4C95-B5C7-7563A64CC727
2807,14800480,"Car, various services
0.1 l
Display frost protection",32.0,10.88,E416,01ADD597-6AE4-46F5-84F3-34F93D4D447B
2808,1500000,GFS/guided entrance test,,41.55,E102,64FDA64B-FCD8-4306-948C-20D7F94F94DC
2809,HUD,HU + AU,1.0,153.0,E326,46460987-2549-4D73-940E-DAADFD8C9FB5
2810,801419,Cooling system leaks,0.3,35.4,R210,B4E6B3D5-6A31-459D-8EF3-37C28945E533
2811,AZ00016,Refill Adblue,2.0,32.77,A101,8EBAEF46-9097-478B-8F4B-6ECF0CA4A8DD
2812,FCL,Delete fault memory,0.1,10.9,E101,31DA9EFD-4685-4FAE-99C9-E4C6C1FACD71
2813,1500000,GfS/guided function.,,445.71,E102,E58CA6F0-C6A2-4848-B66D-B4776760EF31
2814,FT2413061,"Disclar with
Frost protection 1l, TU",2.0,7.56,E416,2347DDCF-58F7-469F-B5A6-68A314E669B1
2815,915089AC,BATTERY,1.0,215.8,C201,A0CF6AB2-5324-470F-B42B-43E7F9BDB5C5
2816,1675652380,Kuehler frost protection,1.25,6.97,R106,76C04BE3-5D4C-4306-B1B1-FEF12046695D
2817,320000,Handmark lamp Ern.,0.3,33.42,L103,8072B0E7-82E2-4A78-AAFE-C9F86699E42C
2818,1-EBC-345,"Tuev acceptance / HU
To para.29 StVO",1.0,158.0,E326,C9163C33-3487-45D9-A951-A2290C91FBCE
2819,F026407268,"Oil filter |Oil filter
026 407 268",1.0,12.88,E413,51058AF2-B69E-4D91-9B32-EE6F6CA57635
2820,,Motor oil 504/507,1.0,19.5,E412,DBEE1040-A58B-468B-A303-F98A5738AE87
2821,323050,Renewed brake light light lamp,3.0,29.4,L103,BCD5531F-9696-41C7-9A12-158484AA9A14
2822,4041510,Battery exchange,0.3,30.9,C201,2942CB68-47D7-446C-ABF3-4F2A634B83F2
2823,ZM4403GF,"Change change with storage
Arval",,70.0,P149,73C1CFD0-CAF8-4AC6-9389-2CDF709F8DA2
2824,93840000,Inspection after 3 years,0.5,42.5,E247,196ECB03-1192-4BD0-8EB7-479E96B330DD
2825,27060199,Perform resting measurement,,112.71,C103,8F714E1B-4DFC-4335-BC76-77CF24E9455F
2826,FT2413061,"Disclar with
Frost protection 1l, TU",2.0,8.4,E416,5D786934-7897-4E61-84CC-75512A6A1246
2827,1500010,"GfS/guided function.
Event memory deleted after repair",20.0,35.31,E102,45016C25-C316-4C63-AB0D-7309801312D8
2828,312141,Battery out and install,0.2,23.31,C201,A285BAD1-39D7-4C9D-A0A2-8DEAD4F18EE4
2829,47370822,Battery out and install,0.4,42.0,C201,6C4AD3D3-84D6-497B-913B-7D4170253234
2830,93840000,Original maintenance work,0.5,69.65,E249,04E2D9E7-0934-4DFF-8000-547F5440BB09
2831,100000558,"Frost protection,
Panel cleaning system (1
863)",1.0,4.9,E416,976B3316-26EF-4EF2-87D2-2EDDA5C012A2
2832,0 986 479 315,Brake disc VA,2.0,262.4,F208,D9E62708-A34C-4EB9-96A6-9BFBAC8AAEF4
2833,13046048262,"Brake padding,
Disc brake",1.0,78.8,F214,C6B51650-1D56-4860-96C1-9A245716E7DB
2834,27065550,Battery replaced,,15.5,C201,7DCACC66-E733-4503-9C0F-B568DEF617A2
2835,111111,Tire repair,0.3,28.5,P168,40A34841-5883-4E9B-8BBF-1A7B66952251
2836,14800480,"Car, various services
0.1 l
Display frost protection",2.5,8.75,E416,C321B837-278C-4322-854F-1CA5D4BD0D2A
2837,HU7046Z,"Oil filter |Oil filter
7046 Z",1.0,12.03,E413,FDD3444C-7E80-46F5-AAA4-411BBB4B5D8A
2838,1EBC345,"Tuev acceptance / HU
To para.29 StVO",1.0,161.0,E326,2DAA6F12-B686-4705-8DA1-B37514F2B9B5
2839,14800480,"Car, various services
0.1 l
Display frost protection",25.0,8.5,E416,F8238BFF-D851-4429-A033-0EAB374ECA2D
2840,A9079001703,Control unit,1.0,834.31,I905,7E0B307B-75E5-4ED5-ADD0-4FE49DF63B78
2841,P7BX7,"Main inspection and AU
Investigation § 29 StVZO NL41",1.0,152.0,E326,A3A74490-EB6A-4BBE-B0D4-E7A9325F4F3D
2842,PAFR0058B,Frost protection,1.0,10.38,R106,0051723A-5018-4A9A-89A5-1416BD2D74AD
2843,83122413061,Disc clarification with frost protection,2.0,7.06,E416,1171656A-987A-4EDC-8FB0-6ECADB43AF36
2844,14802200,"Service oil change |
0.1l Helix Ultra Prof
AR-L 0W20",5.0,9.5,E441,1E07153B-DB98-4CEA-9149-1AE1E1851C0D
2845,72350L-BATT,Device battery,1.0,6.53,I104,FD07A348-F8F9-487C-8035-62E5FC197185
2846,290990,Diagnostic unit followed/Herst.,0.3,36.0,G109,F96EC70B-B5C3-48A5-9164-CCC7D6BD8515
2847,801815,Battery load and test,0.2,17.0,C103,8A4ADE6F-840E-4B38-B651-9EE9615E47FA
2848,137698,Ventilated brake disc,2.0,512.27,F208,1201FCFB-0692-47ED-8296-7BDF380FE582
2849,13.0460-5520.2,"Brake blocks |
Brake pad
13,0460-5520.2",1.0,99.11,F214,49413E2E-C831-4607-8417-F62F8F38693C
2850,1611188580,(Mkt) urea,0.9,10.14,A101,37D449BD-192F-47DF-B7EB-33204B2A0499
2851,4038526043337,"205/55R16 94V XL
Vector 4Seasons gene
3",4.0,366.96,P511,5E8D2515-C41B-4FF8-803F-7E01EED14555
2852,1158,"Package tire repair
(Tire repair",4.0,98.8,P168,DEE4A54C-85F2-48CC-973F-2FAD6ADFB171
2853,Z(LEA),"TÜV without au / leasing
Main inspection according to §29",,103.4,E319,28F52CEB-7C91-468E-ABAD-68A3FFA2481F
2854,66209826784,Parking sensor,1.0,118.7,I513,3A6E3AE7-F497-4FEE-8AAD-C506AEBF7CB9
2855,1500000,GfS/guided function.,,31.0,E102,47628EBC-7326-4A9C-B98B-D2BD0170674F
2856,19206502,"Car, main inspection |
HU/AU external performance
Prüz., 3.1.1.1 A. VIII
StVZO (BW)",1.0,154.0,E326,D669EFF3-5A1E-4997-AA87-FE135EF8E739
2857,999999903,Brake fluid (71),1.0,12.5,E402,C6B51650-1D56-4860-96C1-9A245716E7DB
2858,915089BC,BATTERY,1.0,258.96,C201,A9BC3EE8-854B-4399-8D0E-1DB21F418C02
2859,1500060,GfS/guided function.,,41.34,E102,178F1762-9ABC-4F7F-A29F-58DFFE208EB2
2860,ZSBO327WU,"Plus service tires (assemble,
Store)",,95.8,P149,C43D3060-183B-4A3F-89B0-7DF5B3FA1E35
2861,EL03,Lliii 0W30,1.0,18.73,E412,D9FB7B9D-4B21-4227-B1ED-34FD3BAEA027
2862,312111,Check the battery,0.2,23.8,C103,9757D8F9-A1DC-4CB3-996E-A5780ED83D44
2863,4N0971675G,Charging cable,1.0,230.64,W501,BE1EFE73-9357-4A48-9BE6-5E84F7CC4807
2864,312144,Renew the battery,,17.0,C201,6A9DE168-907D-48A5-BAB2-23D71DE8DBC3
2865,6032,"Device battery battery
CR2032 3V 1 Series
Button cell d = 20.0 h =
3.2",1.0,3.35,I104,372EAB08-51ED-4F6C-9DB7-D022C441AA98
2866,27061900,Complete the battery,,33.0,C201,520681C3-E7F0-4B45-B9B9-C1B3C3EE121D
2867,27068950,Battery shop,,14.8,G116,9E42409C-96F5-4525-887A-20069FF9F256
2868,40575600,Rad bearing replaced,,379.5,T505,149153D0-8E1E-4F4A-8D98-F9A83E148A0B
2869,4041510,Replace the battery,0.3,38.4,C201,D7FA26C0-0CB8-4E95-BA30-A33F39303900
2870,SLM,Maintenance according to the manufacturer.,1.0,125.0,E211,C0C194DA-2AE3-4535-B321-E185E56705E1
2871,24012803181,"Brake discs |
Brake disc
24.0128-0318.1",2.0,399.42,F208,AB57688F-3A53-4145-9454-44F0DB60C92F
2872,1-74X2GY,Motoroel with Longlife,6.6,104.28,E441,500BCE61-0EC9-4669-8901-691E1D75460C
2873,1223,"Assembly package with
Disposal of LLKW (Monday",2.0,36.0,P165,1F9C9B34-B03A-4EC9-B083-D2BBB4F635A9
2874,B500000,BRAKE FLUID,0.5,8.2,E402,0842409C-5E7F-43F8-A670-18409011D11C
2875,D_GESETZL.HU,"Throughout the legal
Main inspection through
Prueforger",1.0,117.5,E319,ED1A2EA5-5D5B-45F6-93D5-A0ED9F80D748
2876,3200155,"Chassis measurement kinematics
Diagnostic system with
Height measurement without
Vehicle load",12.0,185.52,T103,9F898BA2-B5D2-47D3-9D9B-D1AA9ECB84F1
2877,N10437301,BATTERY,1.0,3.3,I104,C8071DAE-B372-43B9-A7A1-02663AAB4203
2878,ZY4EW,"Seasonal wheel storage &
Change of wheels",,67.14,P149,94D45A2F-C6B3-4BCB-BE01-4B5FF1E4F374
2879,3,"Mobility vehicle MB
A-class
DA-BA 4411",1.0,35.0,X626,48ADDCD8-FE93-4F6D-9428-F678396D2456
2880,290994,Read/delete error codes,0.1,10.5,E101,EE6282DF-C108-45B9-BEC0-3612F3C33A4C
2881,25680910,2 brake discs VO exchange on the vehicle 11,12.0,150.0,F208,D867F03C-283E-42CD-A4E2-A4CB1EC9FD4A
2882,90541381,BATTERY,1.0,5.62,I104,E32CF7FC-899A-470D-AE8F-7BFA9BF286B1
2883,27068950,Battery shop,10.0,12.6,G116,60B6F8C2-B3CE-4362-8D1C-EA4C662F26FD
2884,KI263502M100,Oelfilter Service set,1.0,28.27,E413,6F4E221D-8E94-4F24-9AC0-310C979F4FB4
2885,2420150,Replace the brake pads at the front,0.8,88.8,F214,7A666E1B-A8EF-45B1-B7DC-546546CFC1C3
2886,ZHP1017,Store wheel change 14-17 inches,,95.8,P149,7C317ACB-B8D0-4416-9E77-641E3F2DA4C6
2887,7700082,Castrol 0W-30,5.3,103.03,E441,94269AE0-FE03-46D1-8D8E-B0A9A5093E48
2888,1-74X2GY,Motoroel with Longlife,4.0,63.2,E441,711EE55D-7142-437C-A55E-CA1FE83942A8
2889,1-7MF13Z,Adblue 1 liter,10.0,29.0,A101,F99F874D-28CF-43F0-A821-A65F03D8F2A4
2890,1500000,GfS/guided function.,,36.0,E102,880D669D-2DA5-48AD-BE68-EF05179EEFBE
2891,Z1AU_SR_FULL,"Seasonal wheel change with
Storage",,104.2,P149,32E4B1AA-3D89-4DED-9CB5-CD7F6F0D9F91
2892,ZRADERSETZ8,2 tires replaced VW leasing,,26.0,P165,E61D4CAD-3C40-409E-80D7-26574FC9FA4E
2893,1678091,Battery AGM 70AH720A,1.0,285.71,C201,4109A36E-E240-4ADC-8506-F0EA8A04BBD2
2894,1-EBC-345,"Tuev acceptance / HU
To para.29 StVO",1.0,154.0,E325,BD666BA1-B0BC-49E6-B3E2-D8511B13824B
2895,124,Preliminary order value EUR,1.0,153.0,E326,F5133241-9C3A-4B34-B008-8A15E106A565
2896,1EBC345,"Tuev-
Follow -up",1.0,19.0,E310,78E166EB-C91B-4B08-A289-63A28C29A1B3
2897,1300002,"Functional test of the digital
Motor electronics (DME)",14.0,252.28,G109,F71492C9-3A30-4D3D-AEB5-74CF97586803
2898,100000,Carry out damage diagnosis,1.0,132.1,E102,F897BD61-D0AF-48D7-945C-53F5DD3766F0
2899,17MF13Z,Adblue 1 liter,10.0,29.0,A101,068E88CF-3C1E-48F6-88EA-3C2B108A9B81
2900,27068950,Battery loaded,,13.1,G116,0B5BD418-072D-48BC-8FD8-FE99F2374AAC
2901,6121528,"Support on -board network voltage /
Rout the lane -up battery",1.0,16.5,G116,3CAAC887-7985-4484-A589-BFFE80D8DA6C
2902,A4479051704,"Tire pressure sensor
This part contains one in the list according to
59 Paragraph 1 of Regulation 1907/2006/EC (REACH
Regulation).
Weight percent.Receive more information
You at svhc.daimler.com.",,256.82,P180,28F8A508-B4A1-4BB9-A266-706D7017F612
2903,AZ00113,Check/diagnosis,2.0,12.6,E102,6A6EA561-7F57-4D5C-AECA-0B4ACF76EF34
2904,83212465854,"BMW TwinPower Turbo LL-04
OW-30",1.0,27.22,E412,5E2AD1C2-8F47-48C0-8CF2-EC1493B0E84F
2905,,Motor oil 0W20VW508 00,4.0,72.0,E441,44269C8A-2930-495F-B37D-E071DE6446AC
2906,Z440501,Package wheel change without balancing,,91.6,P149,E08E555B-97BE-4415-AC49-87F067AE5B3F
2907,915089AC,BATTERY,1.0,215.8,C201,9A5B3EBD-B224-47B1-9A15-49D874338BE2
2908,14800562,"Service brake |
Work value brake |
Both back
Renew brake discs
[Minutes]",90.0,146.7,F205,6E28460F-99C6-49A8-A367-13E3EEDA1B6A
2909,M999999901,Adblue,8.0,28.0,A101,9FCFA0AA-D91D-4301-9744-4C40ED4B4752
2910,62E5NA,Exchange lamps low beam 1 page,2.0,29.7,L502,65EF6E2A-0609-484C-B814-C4E154B89C3F
2911,AZ11320,Upgrade laundry,,14.2,X191,6F5B5F53-A0B2-42E1-88A9-4BFA6566B3B5
2912,72350L-BATT,Device battery,2.0,13.06,I104,EAEAC254-DC0F-4401-845D-A9C297BCB2D4
2913,93190461,LAMP,2.0,30.06,L502,63136E80-608D-45A4-AD8E-F33D665C09D9
2914,1-74X2GY,Motoroel with Longlife,5.5,86.9,E441,5BDDCF6F-40E9-440B-A0BD-F1EE67F5E881
2915,14800484,"Service brake | 0.1
LITER
BRAKE FLUID",10.0,12.3,E402,7CCD0EFE-CC54-4820-9D19-7640C5B6F8AE
2916,G052164DS,"Discipline concentrate
Concentrate for mixing up to 70 c ° ***
Quantities in liter ***",1.0,5.33,E416,994E54B4-4B7E-4D79-A33C-616DFD1BAC15
2917,27061900,Battery removed,,40.5,C201,43965216-DB9C-4AF9-8639-0EF5DC4AF30C
2918,8030200.,"Service every 25,000 km/ 2
YEARS",10.0,115.0,E211,5C0634F5-01A5-4101-9717-904A3FBF1024
2919,701-8300015,"Features (Service Article) |
1 LTR Adblue Liquid",11.0,35.75,A101,B6E3A945-3309-4E0C-9516-7FED4709A0ED
2920,986478853,"Brake discs |
Brake disc
BD753",2.0,137.85,F208,9616DDE0-EF24-49E9-B891-639FF2C0E81E
2921,93820000,"Inspection IT. MG warning plan
including annual body control",1.7,170.0,E211,860B1840-B80C-4F19-92A8-753A17CAFDA7
2922,AZ00016,Refill Adblue,2.0,32.77,A101,14ABD8B1-3D84-420A-A940-8DC366DB4BDA
2923,7711575175,Battery EFB 70AH720A,1.0,333.78,C201,30E94DC9-E085-410B-BC78-513FBC966910
2924,52164DS,"Discipline concentrate
Concentrate for mixing up to 70 c ° ***
Quantities in liter ***",1.0,5.33,E416,99085D4E-3D10-4B2F-ABAE-3ED526AA87A8
2925,541138,Renew the on -board net battery,10.0,202.0,C201,4FBAD12E-9D68-488B-8C8B-FAAEB7C34B96
2926,Z236359V5FNPZ3,"Cupra Leon Copper
EU tire label values:
Fuel efficiency: D (A-G)
Wet liability: B (A-F)
External rolling noise: 72 dB (B)",4.0,1683.53,P722,F5512B0C-CC32-430F-8A48-2F9048914218
2927,OX13,"OX1340D oil filter
Mash
EAN: 4057635205900",1.0,15.28,E413,AFFC6D85-17C7-4A11-88FE-D999B0F76C9F
2928,M100000558,"Frost protection,
Panel cleaning system (1
863)",3.0,12.9,E416,EAEAC254-DC0F-4401-845D-A9C297BCB2D4
2929,DEKRA,Main inspection according to §29 StVZO,1.0,97.5,E319,BBB6C3D8-BDEE-465D-BC0C-2F45B865C738
2930,26883500,Fill in adblue,1.0,10.2,A101,F99F874D-28CF-43F0-A821-A65F03D8F2A4
2931,ZUB2025,Battery for remote control,1.0,4.2,I104,E5B40F82-9973-4A25-A6A7-34A8ECD0712E
2932,470700,"Individual parts Hochvolt-Zetznetz: HV batteries
Check and individually load the batteries
lock and unlock,
86057782) Check for error code (after
Short test)",18.0,205.38,C103,E1FDE086-47B9-46A3-80B2-0086371CD739
2933,1500000,"GFS / guided function
Nox sensor checked/replaced",,57.5,E102,30CDE54E-8D31-48AA-9181-3D3747F0EB23
2934,17MF13Z,Adblue 1 liter,13.0,37.7,A101,25709445-3FDF-4C90-B128-A4F50F8FDE8A
2935,P44050,"Service package change change and
Storage",,79.75,P149,85C7A6F1-A4F9-4486-AFB9-991A343DA4FB
2936,AZ00024,BMW Hol .-/ Bringservice,1.0,100.0,X608,83F8423A-AD8A-424A-8EFE-0C274C32CAC7
2937,9538479,Disc clear,1.0,5.9,E418,322687E6-C1CB-4454-8B4E-10A573118A63
2938,32324600,Charging cable,1.0,316.89,W501,480F9B08-CA96-4B10-BA71-8CAA7FAEF818
2939,5452000488046,"245/45R18 100V [Goodyear Ultra Grip 8
Performance XL]
EU tire label: C B 2 70 DB1",4.0,773.2,P411,B1CC626C-0DBE-4145-830C-876B622AE9AB
2940,OX13,"OX 1340D oil filter
159979410013270227 Teccat",1.0,16.24,E413,8A026D89-1A6F-482A-A999-ED184B92838F
2941,66126912985,Button,1.0,3.0,I104,EB67F9AC-BEE6-4A92-A4D4-1397F1669352
2942,93840000,1. Inspection,0.5,59.0,E247,91B1D46B-62C3-4EB1-8BD9-98DBDF566C44
2943,1500050,GFS/guided function,,9.45,E102,171873B3-5EDD-4A1D-87CC-5EEF73A50ED6
2944,18057085599,Key battery replaced,,0.1,I104,115B2845-B35D-4E3F-933D-532A1F0579E7
2945,825164,"Lights light .....
Exercise, install, n.B.
renew",2.0,33.05,L215,1B8E8FCB-BEC8-446A-9B36-0DC1B62474F1
2946,25022610,"Bleed brake circuit on
VEHICLE",0.7,80.5,F506,7ED24A74-A117-4A64-92C1-C97CFDC2B741
2947,51712R0B,"Brake disc front axle
Renew both sides",7.0,71.4,F208,E47FEF87-82D4-48E3-BFC7-7133F41C5D0B
2948,520C0910,Lamp low beam exchange,0.2,19.6,L502,D43BDA28-A7F2-4821-8C18-64DD0572AC58
2949,N10528301,Battery 2032,2.0,8.19,I104,48442513-355C-4CCE-9D6A-3E98ED0473F8
2950,36116898044,"7JX17 ET: 41 disc wheel
Light metal Lightning GR",1.0,365.64,P601,BFDCAB7D-8653-4987-8C59-D423C55F4F79
2951,1210,"Rad sensor, tire pressure control system",1.0,,P180,71BD414F-1824-4CA5-B6DD-12A85B5098EE
2952,Z016,"Change of bike including storage (
Comfort package)",1.0,91.6,P149,336195E5-0952-4691-B96A-04001CC15E80
2953,93840000,"Tel. 069-3057364-
Sum job no.5000
Inspections: unique controls/work-
Original maintenance work",0.5,56.5,E249,5576D3F8-0C12-4762-ABA8-A4B4E0D19C20
2954,M999999901,Adblue,11.5,46.0,A101,E2D982EF-68D1-4CE6-AF25-61664F01B02B
2955,4L907807GJ,SENSOR,1.0,444.88,G315,B285F35B-81B6-425F-8DCA-29BA67439C8B
2956,1EBC345,"Tuev-
Follow -up",1.0,20.0,E310,B3243932-F241-4467-A73A-3DDC14394BDC
2957,174X2GY,Motoroel with Longlife,6.6,104.28,E441,543AFA4F-C42E-44A1-ADF8-2134BF076983
2958,667,Additional work Adblue fill in,2.0,31.76,A101,F7D6E893-2DFA-4C1A-9301-5FFCCD472411
2959,ZM4403GA,"2 tires mounted and balanced
Arval",,21.0,P165,CFA799C2-292A-4330-BCF1-790D53F94037
2960,760012619,Ripe,1.0,62.9,E421,1666002F-FE7B-4F18-8B7D-E29F1295AE7C
2961,41009881333,Recording lifting platform,1.0,16.38,U333,EAADE023-DF65-4FF5-AF38-C2A5566BFE8F
2962,N10528301,BATTERY,1.0,3.41,I104,5CD8813C-9FCD-4FA6-9C03-0512E6261F22
2963,FCL,Delete fault memory,0.1,10.9,E101,D55DB732-C764-4BBF-BE7B-280C3ADEA5F5
2964,P93190467,"LAMP
Release no .:683921",1.0,2.79,L102,84FA52AC-66B9-4E79-869A-C24F0392B578
2965,444,"Motor oil after overcrowding
produce",5.0,58.25,E405,C442F969-26BF-4D72-82FC-C3A4EB3A6683
2966,0-TUEV,"Main inspection after-29 StVZO
including free HU-front check",1.0,153.98,E326,87382749-94D3-4E4F-836D-0AD774247731
2967,FZ2032,Batt.CR2032,2.0,7.28,I104,D14DA56B-AA3E-4859-8F8F-8C49A7FE9688
2968,2463,"Battery remote control
renew",0.1,10.4,I104,4265A447-67B8-4D29-96E0-C38899C1EEE5
2969,2490405,BATTERY,1.0,232.6,C201,08EFADEF-32E3-4C1B-B132-28394DCDA3BA
2970,HUP,Main inspection according to§29 PKW D. DEKRA,1.0,105.5,E319,A59FBB6F-033E-4E09-8437-EAC59D15726A
2971,F026407213,Oil filter,1.0,24.93,E413,A52F2ED1-7B2C-497B-95C1-714649BC4BA6
2972,14800480,"Car, various services
0.1 l
Display frost protection",10.0,3.4,E416,D6F64942-4A69-4C00-9047-9110137F1303
2973,1500060,Led/guided function.,15.0,21.45,E102,9B2CE2F4-4A8B-4907-8048-AD49076C4B55
2974,63217160781,Longlife incandescent lamp,1.0,11.73,L502,350DBDE6-2722-4CF0-8FB7-209247DDA828
2975,N10528301,BATTERY,1.0,3.41,I104,ADBD1CBA-6368-4564-BD53-A388D70982C4
2976,ZPSB309,Wheels plus package,,86.56,P149,6B6DD670-2345-4BF0-AE05-5BEE1F5C28FF
2977,AZ11320,Upgrade laundry,,14.2,X191,37F143DA-B5AE-45AE-A6AA-D510F2FFE3BE
2978,1500060,GFS/guided function,,167.7,E102,596C6216-5BC3-4296-88C3-264934506BEB
2979,55488247,Oil pressure switch below,1.0,73.98,G227,A13A3525-56D6-457A-A83D-07AE4D1198BA
2980,93190461,"Glue lamp
H7 12V 55W",1.0,15.03,L502,9D71DEF3-E2C7-498D-915C-F69FB46EB08A
2981,M100000557,Frost protection (1602),1.0,11.5,R106,49555B1C-50E8-4CEF-8C7D-BC0DB0F35A28
2982,261007,"Cooling system printing test
-> Print was over 20min content
-> no leaks to the outside
to determine",0.2,24.0,R210,C678E4C2-3B3A-4EF9-BF56-3604DF3A651B
2983,1500000,GFS/guided function,,45.31,E102,9D8E68A0-DE9C-424C-A995-509884D55B89
2984,915089AC,BATTERY,1.0,215.8,C201,9B4BA63C-8CBE-4E78-8109-27BAAA51C843
2985,667,Additional work Adblue fill in,2.0,25.9,A101,DE78CAE5-54DD-4649-81A1-A45FBB9DD165
2986,1500060,GfS/guided function.,50.0,74.5,E102,1F6A7A64-E03D-4E50-AC3E-4C7C2D9AE29C
2987,SCHLÜSSEL,Key battery Ern,1.0,7.1,I104,474C78E5-EC2C-412B-9A9F-A9489E0F7C73
2988,2900000,Reset parameter values,0.1,9.5,E102,5F6B2BDB-AB05-4412-B44A-ABC245F1B60C
2989,FTADBLUE,"Diesel Exhaust Fluid
Adblue 1l",6.0,9.42,A101,8CD71FA5-7DC5-496B-952C-4C86AB209BE8
2990,16050600,Anti -frost concentrate,1.0,4.5,E416,C800204E-4960-4F7A-B028-91DD77B2BE0E
2991,12027068950,Battery loaded,,14.1,G116,158C8DB6-B889-4453-9AFA-25DE6B05D64B
2992,1-EBC-345,"Tuev acceptance / HU
To para.29 StVO",1.0,155.4,E326,EE17C738-316A-4347-B04F-2F6DB5DF96D3
2993,8207,*Ka exchange 12-V battery,3.0,28.5,C201,AA6AEBA2-E359-4D43-B4C7-350A822BE35D
2994,4069790,Renew the oil pressure switch,6.0,69.9,G227,94BB2372-27E8-44AB-AD74-EE647A68F226
2995,HU8016,"Oil filter |OEL filter HU
8016",1.0,29.09,E413,DC27CE25-658C-4AA8-952A-0B63379E165A
2996,3528705871772,205/60R16 92Talpin7,4.0,411.6,P420,CDD04B6E-1126-4DBD-A520-65918E282206
2997,8W0906261E,SENSOR,1.0,372.93,G315,9184AAB5-7812-44C1-9B44-7B5742F40C81
2998,915089AC,BATTERY,1.0,215.8,C201,F612FB35-4C5E-4B77-94CF-F6314299CE34
2999,99950937,0W30 Ford Castr.Map,1.0,18.9,E412,C3D127B8-3E1D-4B31-AB93-FD4DB849C99D
3000,HU6006Z,Oel filter element RG4,1.0,11.38,E413,EE9AF0DF-4011-4D20-8DF5-1534C5BA6CE3
3001,27061900,Complete the battery,,33.0,C201,C181A6EB-B035-4282-89C0-8E724056000F
3002,14800480,"Car, various services
0.1 l
Display frost protection",25.0,10.5,E416,793B0814-04AF-438B-9543-10824CCF78F4
3003,PRO,RW Pro,1.0,49.58,P149,F604BA1D-5B41-41C6-8462-90A3E62F0C3F
3004,1158,"Package tire repair
(Tire repair",4.0,98.8,P168,59561895-E7DA-456A-B0D4-7270E8B75312
3005,AWET,Replace the battery,5.0,57.5,C201,D630A3F3-295E-4D49-A819-99F397B88185
3006,DIAG240,"Diagnoses up to 1.4h
Incl.Check with tester
And various components",14.0,158.2,E102,A478D501-73EA-4F76-8517-21AD0C5948AA
3007,2446902,"Brake padding,
Disc brake Q+ VA",1.0,104.72,F214,78554A95-EA73-4684-B0C4-20B3D9406E46
3008,1500050,GfS/guided function.,,22.42,E102,009044C8-BC19-4C20-A2AD-E638A0F062F6
3009,9836172,"Assemble and force tires 2x tires
(Tires on 17 inches without
Runflat including force weights)",9.0,38.99,P165,2B0339D6-D676-447E-88E9-219AE1F64F48
3010,1030020,"Maintenance service after
Manufacturer specification (see
Maintenance plan): Inspection
Service with oil change
carry out",14.0,142.8,E220,544A4BBF-4461-4E7A-A8D1-009112C5C295
3011,1EBC345,"Tuev acceptance / HU
To para.29 StVO",1.0,98.0,E318,93878C1A-9CAC-4B0A-8CEA-52074B59C285
3012,541011,Make a short test,3.0,57.03,G109,D23FEE57-F59C-4376-97E8-3DFC752DF04E
3013,26883552,Fill in adblue,1.0,10.2,A101,5E139C09-8823-408E-B09F-5452F438B1EB
3014,M100000557,Frost protection (3356),0.5,5.75,R106,9EEC6B5A-610F-4E42-A1AD-AF0286CDF6DD
3015,83125A85517,Disc clarification with frost protection,1.0,5.14,E416,24C098F2-5783-427D-8EC2-C5E0FA92F112
3016,27065550,Replace the battery,,11.13,C201,9A5B3EBD-B224-47B1-9A15-49D874338BE2
3017,1-7MF13Z,Adblue 1 liter,10.0,29.0,A101,B8BB3CB9-166A-4A59-8E52-970E8683810F
3018,,Oil Long.3,0.5,9.37,E412,390269E9-F938-4417-A17E-A440F642941C
3019,122260,"Brake disc rear axle
Renew both sides",9.0,104.85,F206,4B10E9D3-6941-455F-BF09-969D00E8000B
3020,12159,Review according to § 29 StVZO,,169.5,E326,78718156-4057-4F0D-9215-43E9303CFDA3
3021,470700,"Individual parts Hochvolt-Zetznetz: HV batteries
Check and individually load the batteries
lock and unlock,
86057782) Check for error code (after
Short test)",18.0,190.44,C103,CE827621-8E33-496A-B3E6-DE9ED7E0A004
3022,915,089 AC,,215.8,C201,8BB63D11-5276-4B14-864A-E6E0606C80AA
3023,SBAT,"2x vehicle key battery 015
Replaced",,15.5,I104,85A35727-3DD5-460A-A8EC-A3B8E38CA084
3024,10911030,"Complete assembly car |
Complete assembly
Van/van",1.0,17.0,P165,60689106-CC65-40D2-9F3C-C31CA87064A2
3025,1758273,Display frost protection,0.5,2.97,E416,0842409C-5E7F-43F8-A670-18409011D11C
3026,92286103,Brake disc per VA,2.0,259.12,F208,78554A95-EA73-4684-B0C4-20B3D9406E46
3027,8110400,"Axis measurement with
Attitude",1.0,89.0,T103,9DAD5370-1188-4A90-9837-3CF277FC18FD
3028,FLO0810,Premium interior cleaning,,125.21,X149,31FFCD31-E0C6-4FEB-9D67-DC9F1EE2A87C
3029,14800480,"Car, various services
0.1 l
Display frost protection",10.0,4.2,E416,B8FD7F9B-62F0-4E9D-9A9C-9154D255F7E9
3030,S100002950,Adblue refill wages,1.0,15.2,A101,E2D982EF-68D1-4CE6-AF25-61664F01B02B
3031,312111,"Check the battery
-> Battery defective <-",0.2,23.31,C103,A7638D37-7220-4483-A5C6-D9844EED56BC
3032,,"OEL 50400/50700 0W30
Refill oil",1.0,18.73,E412,4F6F23F3-3CA7-4326-B326-1FA5A3CAF625
3033,1EBC345,"Tuev acceptance / HU
To para.29 StVO",1.0,158.0,E325,1884FFB9-B3C8-4B6E-BAA5-E637F1688D5D
3034,83125A1A167,Disc clarification with frost protection,1.0,9.9,E416,0DF7E3EA-D57C-4C9B-8BEA-0FBD8A052121
3035,4041510,Replace the battery,3.0,33.6,C201,B7A30059-7484-43FB-9D96-313609CDBAED
3036,SPL737-6900060,Kuehlerfrost protection 0.1 liter,10.0,12.0,R106,89DA5A7D-E72D-42B7-90AD-13768351CD19
3037,83125A1A171,Disc clear,1.0,1.34,E418,1414D874-8224-4196-97DE-0DD5BA374595
3038,TU,"Main inspection §29 StVZO
Overall other",1.0,98.0,E319,D0D1E6F2-BA1E-4D18-89A1-2CC8615A4B60
3039,88000016,"2 tires including wives / leasing
Replace 2 tires including valve / leasing",1.0,26.0,P165,1C2AD0E5-F898-4B9B-873E-DDB921D273D3
3040,93840000,3. Inspection,0.5,47.5,E247,0842409C-5E7F-43F8-A670-18409011D11C
3041,92286103,Brake disc per VA,2.0,259.12,F208,540E2EEE-F644-490C-BC23-A7978E35F482
3042,R300,"Change wheels including
Storage",1.0,67.14,P149,A675F52F-B008-4CDC-A885-C8208EFA762F
3043,93840000,Original maintenance work,0.5,58.5,E249,23625570-45A3-429A-8F7C-B8B3579C3CE5
3044,93840000,Original maintenance work,0.5,69.9,E249,BD2591EE-7D73-485A-80FD-E869173DC2D2
3045,26604399,Drill drilling drilling,,15.1,N100,9D8E68A0-DE9C-424C-A995-509884D55B89
3046,3325000,"Frost protection,
Panel cleaning system
AntiFrost+clearance",1.0,14.67,E416,C01E36BD-915C-4CFD-B477-B8338F9A1A83
3047,27060100,Check the battery,,33.54,C103,596C6216-5BC3-4296-88C3-264934506BEB
3048,2013334,BATTERY,1.0,326.52,C201,974961AD-3385-4F6D-B43C-56330370F886
3049,M100000558,"Frost protection,
Panel cleaning system (1
863)",3.0,17.1,E416,9EEC6B5A-610F-4E42-A1AD-AF0286CDF6DD
3050,39516667,Battery Load [Standard],0.2,21.0,G116,E96BC61A-04BB-4630-BCE8-5808FD5C2F79
3051,25210910,Replace the brake belee at the front,8.0,87.2,F214,3E4550DC-5110-42D5-8443-255E8314B715
3052,ZK4EW,"Seasonal wheel storage &
Change of wheels",,88.15,P149,BB3A38C4-45D9-4949-83CD-F2B993C75F1B
3053,9900000832,Brake fluid flat rate,1.0,13.0,E402,0B036F4C-8101-420A-A320-B96DFEF57735
3054,39163290,"Error memory query
carry out",0.4,42.0,E101,006602C8-F95F-4FC5-B2DB-04E1A5664386
3055,Z4400-01A,Change/store bikes,,108.4,P149,AEB2E437-4904-43E5-A09A-364BEC0B3021
3056,93840000,Original maintenance work,0.5,61.0,E249,7F1D1461-0FA1-4561-BE11-C5ED18F1F718
3057,12046535650,Brake discs replaced at the back,,115.5,F205,F16AD660-E84D-4CB7-8CB2-9E53E468B170
3058,W20O,Opel Motor Oil OV401547,0.5,9.14,E412,52AEE268-8A7F-49E5-9B8F-9C827CA686DB
3059,27065550,Replace the battery,,11.0,C201,45BBEBB7-5190-42C7-8CB2-DB9E0DB3C47D
3060,93840000,Original maintenance work,0.5,69.65,E249,D4183679-9DFC-420A-95C1-B68D2E9756D0
3061,1-EBC-345,"Tuev acceptance / HU
To para.29 StVO",1.0,99.4,E318,CADBDA1D-6B45-429D-A196-30952FA99F35
3062,1340000,"Inspection.
Services were between acceptance and invoice day (Section 14 (1), Section",,175.5,E220,601B614D-145E-4E8F-A406-3F35A15B59EB
3063,YR00073180,Ventilated brake disc,2.0,512.27,F208,5428C767-3874-4B28-ADAC-AE4866BB618F
3064,66126912985,"Button cell 3.2 V-
CR2032",2.0,6.66,I104,E6D950EE-89AA-4935-B324-F2D8E699D82A
3065,27068950,Battery shop,1.0,10.2,G116,0CAF647D-FF89-45C6-89B8-3A4DAA2134C4
3066,5N907807J,SENSOR,1.0,476.16,G315,30CDE54E-8D31-48AA-9181-3D3747F0EB23
3067,ZM4403GF,"Change change with storage
Arval",,70.0,P149,E8F7E367-7209-49BC-9D6E-8B425FBB5700
3068,1611909180,Disc wash fluid 20 ° C (1 l),1.0,2.68,E416,AC078838-2DE3-4E5F-9E9B-CDD52493D3C2
3069,83125A1A166,"Disclar with
Frost protection 1000ml",1.0,4.09,E416,BF50BB79-C01F-441B-9305-6A45023C18F0
3070,BREMSFL,Brake fluid Ern.,,36.9,F506,E9639359-EDFF-4D66-8F74-1A9DB5F0D713
3071,83125A85517,Disc clarification with frost protection,1.0,5.14,E416,5B64BB02-4904-4794-A267-5650AF48F61A
3072,3900,Change of wheel/Reing./Storage <17 Z.,,79.83,P149,39DA530F-27C5-44AC-A1E0-C2D8BDAF0EFC
3073,3325000,"Frost protection,
Panel cleaning system
AntiFrost+clearance",1.0,12.1,E416,38EB5C85-57D6-4ACB-9C8A-39EAE6C5956B
3074,10911017,"Complete assembly car |
Complete assembly 15
Up to 17 inches",2.0,34.0,P165,0AEB949E-184D-4712-A2F1-19456E3A585A
3075,ME112,"Complete cycle change including
Cleaning and storage",1.0,69.9,P149,D15121CD-9B93-4B35-80C5-3691B7949FBD
3076,290994,Read out error codes,0.1,11.66,E101,A7638D37-7220-4483-A5C6-D9844EED56BC
3077,13046073472,"Brake blocks |
Brake pad
13,0460-7347.2",1.0,94.68,F214,11B9A505-9E13-4DEC-A211-991FEEEA80EE
3078,W-30,"Castrol brand oil 0W-20 after
Manufacturer approval",4.3,61.12,E441,8956C21B-662B-4392-9514-63839493043E
3079,9110901,"Handling delivered
Tires",1.0,62.0,P108,08D137C7-4666-4207-984B-A9ACB18EC981
3080,83125A1A166,Disc clarification with frost protection 1000ml,1.0,4.09,E416,1D0E2ED1-0884-438E-8647-8E5B58B680FF
3081,ZTW216450,TG Zoo winter tires for cars,4.0,988.88,P411,6C77F737-0F5F-4BD8-A89A-ADA3FF676429
3082,9811722280,BATTERY,1.0,222.09,C201,113CF110-8BE3-4F99-8195-F91016E73189
3083,2099515,EFB battery 70AH/ 700A,1.0,232.6,C201,EE6282DF-C108-45B9-BEC0-3612F3C33A4C
3084,323050MUA25,"Main position
Turn light unit and",2.0,26.4,L103,9C30F5DD-C7B2-436F-A0CE-4043AFBE054E
3085,93840000,Inspection carried out,5.0,61.0,E249,02126949-9C81-4D26-9542-B17B8C6F1EF3
3086,312110,Check the battery,0.4,38.4,C103,4C9C0497-85D7-45DE-A650-0B1601B3BF33
3087,47370823,Check the battery [Standard],0.2,21.0,C103,6C4AD3D3-84D6-497B-913B-7D4170253234
3088,1500000,GfS/guided function.,,138.5,E102,D3F21C66-B72A-4FDD-A533-9C08163BEFA0
3089,27068950,Battery loaded,0.1,13.5,G116,661FA997-665D-43C6-92FB-8E6DC7AADBDE
3090,FT0015,Dekra overdraft,1.0,19.8,E328,64AC1E2B-F938-4455-BDC7-6A971DFBC27A
3091,1500060,Ges/guided function,,8.75,E102,C06C3756-9C24-4F96-B427-3E5618ABE66A
3092,,"Motor
46000km",1.0,18.0,E412,ECC63E65-2859-4F96-8E1B-6BB0E3F8678F
3093,156,"Low after relief from
10.06.2024",,160.0,X702,0BE132C5-4238-46B6-8A0B-AD7B27DBF3EB
3094,83125A1A167,Disc clarification with frost protection,1.0,9.9,E416,6E4A1125-3FF2-4DF5-A6DB-1DFDC19521E3
3095,4N0971675G,Charging cable,1.0,230.64,W501,F5512B0C-CC32-430F-8A48-2F9048914218
3096,14800501,"Car, otherwise. Autoservice |
Labor value
INSPECTION",12.0,19.56,E220,D98F0BFF-09B0-4D6F-8CD7-00EA45A19390
3097,14802148,"Service oil change |
0.1l Helix Ultra ect
C2/C3 0W30",15.0,22.5,E412,5CCA67E8-7A11-4289-9459-52930B17E2F0
3098,5K0971461A,CUFF,1.0,10.56,N100,770C810F-52E6-483B-9B49-414E13379DB6
3099,257509TSWPICY1,OZ-WKR-PIR 255/50/19,2.0,932.78,P722,FA491E0E-1015-41EE-96BA-B084EC5C40E8
3100,TÜVNORD,TÜV Nord fees,1.0,98.0,E319,D34B2719-7F77-4D58-B90F-258FBAAE1146
3101,1400000,Brake fluid service.,,115.5,F506,51FFFE83-26B3-4D44-BDDB-8F6597692ADC
3102,26883599,"Reduction agent checked
And",,28.0,A101,EBEFCDFC-3EE7-42AE-B83A-73139EA7F6A2
3103,93840000,Original maintenance work,0.5,56.0,E249,83EEB657-D30E-4CE7-B845-BDE474BD0840
3104,1-EBC-345,"Tuev-
Follow -up",1.0,16.8,E309,51A03F3B-1F37-45B7-855F-93E945AC929B
3105,27065550,Replace the battery,,13.5,C201,D5719FAC-D072-4F66-B75D-9DF80D598E44
3106,1071,"Footmatters
15.00% discount to € 59.95 = € 8.99",1.0,50.96,Q213,F0BC7FC5-6E87-4725-AF79-D7572E59ED1C
3107,312110,Check the battery,0.4,42.0,C103,9F27B214-8027-47AF-A4C2-604548D22441
3108,9306,"Vehicle acceptance (legal
Main inspection)
CARRY OUT",,155.0,E326,834881A8-DD8B-4A1F-B63B-5398C0ED5DEC
3109,1000931920150,Display cleaner with frost protection concentrate,1.5,4.13,E416,EE9AF0DF-4011-4D20-8DF5-1534C5BA6CE3
3110,,Longlaid,1.0,19.0,E412,216DA5DD-9A86-449C-B112-518E9A908887
3111,290990,Diagnostic unit followed/Herst.,0.3,31.5,G109,15F75504-539F-4F3F-8760-AD374CF16880
3112,A001982820826,Bordnet battery,1.0,321.36,C201,E1FDE086-47B9-46A3-80B2-0086371CD739
3113,RSW3,"Assemble winter wheels,
Store summer bikes",,56.22,P149,B31115F7-BCB7-43D0-8B99-44B77E104952
3114,27068900,Battery shop,,27.0,G116,FF3B33D2-F16A-41DA-B5D2-277EFC8A2C33
3115,27060100,Battery checked,,27.0,C103,7B967F01-8116-43AB-BF5F-354AD29FD6E5
3116,312141,Battery out and install,0.2,18.0,C201,0C17086F-B1E1-4326-972D-FE9377445A18
3117,27068950,Battery loaded,,15.5,G116,4C1B59D4-F0A8-41EB-B5BC-99BE03D44034
3118,151B2710,Fill in adblue,2.0,23.3,A101,DC32FEF6-251E-4158-9BAB-D0C445C01570
3119,B000DS,Br.fluid1l,1.0,16.12,E402,628EC364-AF60-4DB0-B159-CD82D2E21744
3120,A001982810826,Bordnet battery,1.0,278.11,C201,0F7F287B-F820-4214-833A-48BD8368429C
3121,55058274,Disc cleaner,1.0,2.37,E416,6507FD55-3AFB-4323-904E-F1ED2E42396A
3122,4M8096323B,Winter disc cleaning,1.0,9.07,E416,8494BFC5-9FE8-4337-B5A6-5651E749CF02
3123,1340000,"Inspection service without
Change oil change",0.7,72.8,E220,697C4490-2A94-4D3A-B418-DEC0F1F9DABA
3124,5w40,5W40 engine oil,3.1,34.1,E441,EE9AF0DF-4011-4D20-8DF5-1534C5BA6CE3
3125,93190466,LAMP,,2.0,L102,D2A56713-E000-436F-A475-748BA83064B5
3126,RPS5555,"Frost protection,
Panel cleaning system
Anti -frost concentrate 1l",1.0,4.8,E416,A7BF3CF9-0A05-4313-8591-896DDB1CEFD8
3127,2222,Change of wheel + storage,1.0,93.28,P149,9025EE41-49FA-4301-A4BE-DE6A6E93FD38
3128,2305506,Brake disc,1.0,120.4,F208,E14AC1B8-5A33-48FB-B22A-CBC7C5594B56
3129,FT2413061,"Disclar with
Frost protection 1l, TU",2.0,8.4,E416,7A893225-A1CC-43CE-8824-2366EA77A418
3130,1500000,GfS/guided function.,,138.5,E102,9F295F79-0918-47E7-B427-4B66B2C4CEEB
3131,1EBC345,"Tuev acceptance / HU
To para.29 StVO",1.0,151.0,E326,A4188CBE-5BFC-4FA0-8DAE-C58062E0067F
3132,83122413061,"Disclar with
Frost protection 1l, TU",1.0,4.2,E416,DE78CAE5-54DD-4649-81A1-A45FBB9DD165
3133,EK950,Starter battery AGM,1.0,315.85,C201,A510F687-3800-4BC4-8FCB-FA55D3E249D2
3134,1500000,GfS/guided function.,,138.5,E102,64FDA64B-FCD8-4306-948C-20D7F94F94DC
3135,00-1000,"Assyst, service scope A
CARRY OUT",10.0,89.0,E211,6DC5DA04-A2AB-4BC5-810F-047ED0C01EC2
3136,27061900,Complete the battery,,41.9,C201,E68963CE-4F9F-4622-B2E6-49B1E4A6C95A
3137,00-1154,Service A,,110.15,E211,7CC115F2-E363-483E-9D99-9E36281D7715
3138,M999999905,"Main inspection (without
VAT according to §10 paragraph 1
UStG)",1.0,155.0,E326,D29B9066-7BEA-4C05-8DD6-17E02382ABF5
3139,99998888600,Assembly,1.0,6.57,P204,45480667-518A-4E68-9C95-D8B0FC01A941
3140,93840000,1. Inspection,0.5,59.0,E247,15D0ABE3-3DE8-4F0B-ACF2-F1E38C674476
3141,FT2413061,"Disclar with
Frost protection IL, TU",2.0,7.56,E416,8CD71FA5-7DC5-496B-952C-4C86AB209BE8
3142,1340000,"Inspection.
Services were between acceptance and invoice day (Section 14 (1), Section",,175.5,E220,8FD5D2BA-6F3E-4FB0-870A-12FE1E5EF50D
3143,16050600,Anti -frost concentrate,1.0,4.5,E416,67B7DE31-3F1D-499D-90C2-A709E2EAEAAB
3144,9999,Fill the engine oil,0.0,8.5,E405,74054C86-D09B-46DF-8766-C4BC4D6149DA
3145,Q32005,"Course lamps set GT20
Course lamps set GT200",1.0,55.5,L502,1BC436AA-1A06-4A39-9EBF-47BFA7AC4DA7
3146,4011,"Tire conversion leasing with storage
Tire conversion due to seasonal
Cave storage 1 season",,75.0,P149,90D551C8-A202-46E2-B6FA-969BEE29A1C4
3147,Z99000181,"1 tire assembled and balanced including
Cave assembly from 18 """,,25.21,P165,6C360626-2D03-48FE-A2BB-B0C821F463D8
3148,55058274,Disc cleaner,1.0,2.37,E416,36EB216F-2B6D-458B-8B9F-43E2C448F607
3149,42055A,"Brake disc front axle
Renew both sides",1.3,135.2,F208,3DCDAC6A-8BD7-4CC5-B61B-BB141CE15346
3150,77002105,"Motor oil 0W20 Ineo Xtra First
Check the engine oil level if necessary",1.3,31.41,E405,53447010-8CCE-4AD0-A4EC-6E707DC9E720
3151,CFA0139954218,BATTERY,1.0,3.72,I104,B58ACF58-F0EB-4342-9BD4-34BAF5B07155
3152,1682088580,Wiperblatt Hi,1.0,9.83,E422,3A5E721D-4A2C-4A1C-B1A6-3FFD099E8347
3153,502005L115562,Filtering,1.0,17.1,E413,707C41BC-CAD4-4349-A510-65D0909AFEFC
3154,M100000558,"Frost protection,
Panel cleaning system (1
863)",3.0,14.7,E416,5B0558A3-AEDE-4C55-8EEE-468EB36F7A00
3155,895530555,Battery 12V,1.0,162.86,C201,8E2A436B-46CD-4E46-A460-24617F2861AE
3156,4000,TÜV incl. Au without VAT (continuous item),,155.0,E326,17182705-B878-429E-AE90-CDA29614E0AE
3157,1-7MF13Z,Adblue 1 liter,6.0,17.4,A101,869E6A09-49AF-4042-BD28-922B6EA0BEE0
3158,14800563,"Service electrics |
Labor value
Vehicle electrics |
Battery hand transmitter
renewed [minutes]",6.0,10.2,I104,930B027D-B727-4D14-8B49-6399C68454A6
3159,1500000,GFS/guided function,,12.1,E102,8BB63D11-5276-4B14-864A-E6E0606C80AA
3160,N10528301,BATTERY,1.0,,I104,E733AA61-8CDC-4CD9-8C13-14507941AB41
3161,17008,Freedom,1.0,5.42,E416,DA9099B7-54D9-472D-97F3-A40CC5B51AFD
3162,2420671,Replace brake disc at the front-pages,0.8,94.4,F208,1201FCFB-0692-47ED-8296-7BDF380FE582
3163,14800562,"Service brake |
Work value brake |
Both brake discs
renew",78.0,127.14,F208,1FFB22FB-2FCC-42BB-B703-78BFD1F42210
3164,,Motoroel with Longlife,4.0,63.2,E441,3837FF6E-EC4A-46A5-856E-0A1530E8C643
3165,ZTW206606HSZ00,Mature sem,2.0,157.3,P425,CFFCF885-5705-4D61-BBE4-04C7F277E670
3166,72350LBATT,Device battery,1.0,6.53,I104,A71DDF91-8AEF-4051-AFFC-1ECD34BB83EB
3167,93840000,Original maintenance work,0.6,80.0,E249,EDAE9D1F-56F8-4BAA-8C6D-90AD996DD49D
3168,8332851,Disc washes,1.0,3.12,E418,5D4CDBCA-4723-4CEF-8FFA-7588E43F74AE
3169,AVFHU02,Dekra fees HU / AU,,159.0,E326,4469AFF3-25A5-4F21-AD9C-A55888022B65
3170,27068950,Battery shop,10.0,14.3,G116,9B2CE2F4-4A8B-4907-8048-AD49076C4B55
3171,YR00073180,Ventilated brake disc,2.0,509.44,F208,16246897-1BCC-426D-B2CC-1F148286E2C0
3172,999999905,"Main inspection (without
VAT according to §10 paragraph 1
UStG)",,145.0,E319,976B3316-26EF-4EF2-87D2-2EDDA5C012A2
3173,1EBC42,"Hol-and Bringservice
(outside 20 km) per km",10.0,10.0,X608,25709445-3FDF-4C90-B128-A4F50F8FDE8A
3174,19206508,"Car, main inspection |
HU/AU external performance
Prüz., 3.1.1.1 A. VIII
Stvzo (be)",1.0,153.0,E326,D6EA4DC0-3795-442F-8E0B-BB5A93BEC522
3175,117580070,"Disclar concentrate
06B02",1.0,6.6,E418,39C3FD3B-D0E0-4046-B96C-6262FD89301F
3176,,"Oil 0W20 508.00/509.00
Oil standard 50800/50900",0.7,13.11,E412,4EF9AF4F-576D-4547-A0A4-0C3D2823BF1A
3177,1500000,Gfs.Guided function,,110.0,E102,C181A6EB-B035-4282-89C0-8E724056000F
3178,FT999992B0055,Castrol Edge0w30,1.0,22.0,E412,B61EF7AE-2C57-4258-B39C-A6A8C81C7B23
3179,ZK4EW,"Seasonal wheel storage &
Change of wheels",,88.15,P149,DC605FF9-C969-4B6E-AECD-DC2812DEDBE9
3180,6121518,"Replace on-board net battery-with
Battery change",10.0,176.4,C201,FF424938-1CEF-494E-8FC5-3484CED413B6
3181,OX81,"OX813/2D oil filter
Accesories",1.0,20.65,E413,C03956CE-A0D7-4B4B-AF02-45E2FB17121D
3182,95150A,Error: 'Translator' object has no attribute 'raise_Exception',10.0,131.39,E102,1224D66A-F998-40CA-9DCE-893FE2B3A71E
3183,312141,Battery A+E,0.3,35.7,C201,73F48603-F268-401E-9381-7EEB3896EA2E
3184,1500000,"Functional function
Sporadic display brake fluid therefore
diagnosis",,60.0,G109,D9FB7B9D-4B21-4227-B1ED-34FD3BAEA027
3185,83515A75980,Cooler frost protection Frostox HT-12,1.0,5.22,R106,3CAAC887-7985-4484-A589-BFFE80D8DA6C
3186,2099515,Error: 'Translator' object has no attribute 'raise_Exception',1.0,284.3,C201,F71D928B-10EF-4E44-8DAE-56376680EA0D
3187,83125A1A167,Error: 'Translator' object has no attribute 'raise_Exception',1.0,9.9,E416,0D1885BB-B4DB-43C6-B4D5-99018BA15F6E
3188,290990,Connect diagnostic device,0.1,10.5,G109,6FDE9F40-9BAF-4985-9F9A-7CC260C1766C
3189,6912,Button cell 3.2 V-CR2032,2.0,6.66,I104,BF751147-739F-464B-A37A-8A02C7E0A6F7
3190,2600764,Set brake covering,1.0,85.38,F214,AAEBE4F2-A656-4BC9-A1A8-D2CA9FDFC397
3191,312141,Battery out and install,0.2,23.31,C201,A7638D37-7220-4483-A5C6-D9844EED56BC
3192,27068950,Battery loaded,,17.9,G116,E58CA6F0-C6A2-4848-B66D-B4776760EF31
3193,14800563,"Service electrics |
Labor value
Vehicle electrics |
Renew depth light
[Minutes]",5.0,8.15,L502,69600B0E-4D22-479C-9998-F47C69F12F59
3194,915089AC,BATTERY,1.0,215.8,C201,11128EE3-EA76-40C9-9381-30F9BF180C10
3195,10831900,Coverage removed 062,,36.8,M113,7A655623-FEE6-48C3-A058-B044DDF7A375
3196,93840000,Original maintenance work,0.5,52.5,E249,39D8F6B5-0AFB-4372-9079-C48CB9A1B598
3197,,Motor oil 1 liter,1.0,13.88,E412,38615D41-87D2-4AB8-973F-354A9C1C63F6
3198,123456,"Read out error memory &
Test drive",0.5,52.0,E101,BEAD5CBC-30F0-4EDD-90E6-749845287D36
3199,99130,"Vehicle preparation inside and
outside",,184.03,X105,03870AF9-D5DA-466E-B6B3-F5267AA74CF4
3200,27065550,Battery replaced,10.0,14.9,C201,1F6A7A64-E03D-4E50-AC3E-4C7C2D9AE29C
3201,5515439,"NOx sensor, urea injection",1.0,328.44,G315,AD0DDCA3-C7CA-4252-A92A-7F7986EC40D6
3202,93840000,Original maintenance work,0.5,55.0,E249,E3D9EC5E-7758-4F9C-A5A6-EC52B11C1FDB
3203,10911030,Error: 'Translator' object has no attribute 'raise_Exception',1.0,17.0,P165,FC4260F8-37FC-4225-99BE-DEA23109DDF1
3204,12E100DS,"Cooler frost protection
KM stand 16906;
No component in the leasing contract",0.4,4.99,R106,E1E0A4B7-BB85-4F91-814C-38F0A71BA1CE
3205,W20,Motor oil OW20,5.5,99.0,E441,91BEE5D9-AE4E-4D29-A7BE-87983E191236
3206,6900000,Change wheels and stored,1.0,105.0,P149,EB4465DE-21D6-4DCD-8618-C3A208E0FE16
3207,12159,Review according to § 29 StVZO,,169.5,E326,564AE214-EC35-41C7-96E7-A6F81FF1A507
3208,1340020,"Maintenance service after
Manufacturer specification (see
Maintenance plan): Inspection
Service without oil change
carry out",10.0,102.0,E220,5262141A-E79F-4252-8BD9-F18AF99C77B2
3209,1-7MF13Z,Adblue 1 liter,11.0,44.0,A101,4C324AEC-F672-4FDD-9090-75CCE0006829
3210,312110,Check the battery,0.4,46.0,C103,EAB620CB-6282-443F-B1DE-F1A7697D4CEF
3211,93840000,Original maintenance work,0.5,67.4,E249,0890FFCA-5CC9-40FE-B17E-AD0E99D38DC2
3212,98000043,Error: 'Translator' object has no attribute 'raise_Exception',,75.63,P149,16E0747F-1C54-4450-A169-7B3B698EFD36
3213,00-1154,Promotion price,,110.15,E211,FF7C1650-5168-4000-A873-539A0FF65770
3214,1500060,Led/guided function.,15.0,21.45,E102,9B5D694A-F9B1-43E7-82EE-CC196AB1BB43
3215,6090983,Error: 'Translator' object has no attribute 'raise_Exception',1.0,1.44,L102,369FA804-549E-480C-9AF9-4EBEC60DE74B
3216,26883599,Error: 'Translator' object has no attribute 'raise_Exception',,16.2,A101,216DA5DD-9A86-449C-B112-518E9A908887
3217,1EBC345,"Tuev acceptance / HU
To para.29 StVO",1.0,150.0,E326,7497297E-F062-4480-B858-75B74F785CAD
3218,24012701031,Error: 'Translator' object has no attribute 'raise_Exception',2.0,180.36,F208,2E1863D3-83BE-4A2E-9BD2-5447A1DADEFE
3219,4026070996,"Diagnostic period P11cc NOx-Sensor 1 set and
DELETED",0.4,28.0,G109,2DEDDF77-A522-4A6F-A054-840CE57A4BC5
3220,27068950,Battery shop,,13.78,G116,178F1762-9ABC-4F7F-A29F-58DFFE208EB2
3221,RPS5555,"Frost protection,
Panel cleaning system
Anti -frost concentrate 1l",2.0,9.6,E416,3C01FA77-CBE4-463D-B70B-426F55F795F5
3222,SLM,"MGEI5 Maintenance for 24000km/
1 year",0.8,103.08,E211,C1560E0D-9B14-45B6-A8CB-DCEBA71A2663
3223,27060100,GfS/guided function.,,36.0,C103,B2E97D8C-22C6-42D5-8FEC-44EC5FFDFA61
3224,6310502,Set headlights,2.0,45.58,L118,72D20C81-5509-42AE-A7FF-D82B049E5458
3225,14802143,"Service oil change |
0.1l Helix Ultra SN
0W20",5.0,7.5,E412,01ADD597-6AE4-46F5-84F3-34F93D4D447B
3226,51230001,"otherwise. Part motor mechanics
|Frost protection glysantin G40
Pink (barrel)",3.0,2.5,R106,F5273830-3B12-4D7C-8DBF-5FBAE4E8312F
3227,16050600,Anti -frost concentrate,1.0,4.5,E416,561EF064-81EC-43AB-A654-29C72CECBCB1
3228,12E050A2,Error: 'Translator' object has no attribute 'raise_Exception',1.0,6.64,R106,5892D0F9-2335-4A9D-A7F2-4367776FAF90
3229,FT99CR2032,Key battery CR2032,2.0,5.45,I104,25721134-9267-4750-9CB9-9D234CA9CDF6
3230,HU1,Main inspection Dekra,1.0,160.9,E326,1D98C308-CF6E-4242-BAEE-E7E8D9FF65EA
3231,VO60109,Error: 'Translator' object has no attribute 'raise_Exception',0.3,33.48,T103,98B8D3FD-8753-4B3D-B257-DB1337C863C8
3232,104103,Check and correct the oil level,0.2,21.8,E405,2CBEF55C-86B6-4D19-ABBB-E2B3A9117D39
3233,1-EBC-345,"Tuev acceptance / HU
To para.29 StVO",1.0,104.0,E318,D52CB0C9-DEF7-4114-B0DC-4B21CC060E0D
3234,ZM4403GF,"Change change with storage
Arval",,70.0,P149,D5E58DA9-9A77-4068-A303-C43FAE4ED7BE
3235,P001,Pit stop package 162292192,,165.54,P149,B59D5500-DAE9-4D8E-85AA-013513DCDB8A
3236,122340,Brake blocks in front A+E (L+R),70.0,91.18,F214,AAEBE4F2-A656-4BC9-A1A8-D2CA9FDFC397
3237,72350LBATT,Device battery,1.0,7.5,I104,9EEC6B5A-610F-4E42-A1AD-AF0286CDF6DD
3238,F0020,0W20 motor oil,4.8,96.0,E441,CE34D503-3880-4745-8858-FB37B7D2ADC3
3239,915089AC,BATTERY,1.0,215.8,C201,8B0E15F9-0344-45D9-8E6B-F6F0D8209CF0
3240,1500000,Gfs.Guided function 807,,110.0,C103,2D1777D0-AA0E-4516-8003-371B11B427DD
3241,ZTW206606HSZ00,Mature sem,1.0,96.13,P425,6CA6BE8E-9AC7-477C-B67B-C507289C1714
3242,Z44051,Error: 'Translator' object has no attribute 'raise_Exception',,92.35,P149,A2F0C388-4991-4D15-B4D0-8D2B426D85E0
3243,77201,Error: 'Translator' object has no attribute 'raise_Exception',0.3,37.94,P165,761B7CBD-DD41-46B8-B822-C760197150DF
3244,801279,"General vehicle diagnosis with MDI
No error codes saved
No inspection beam or error message",,44.7,G109,F78B91E5-2F00-4CCC-BAD8-39F375A7838E
3245,27061900,Error: 'Translator' object has no attribute 'raise_Exception',,57.6,C201,2B67B5FF-F51F-4A82-B7AF-8C8120C34349
3246,N10528301,Error: 'Translator' object has no attribute 'raise_Exception',2.0,8.19,I104,940CF1B6-287B-417E-BA28-298FB36A8432
3247,ZM4403GF,"Change change with storage
Arval",,70.0,P149,53D8BB20-9937-4EDA-9CF0-6CDCC051CEA0
3248,1500000,GFS/guided function,,31.0,E102,D29BC48B-6713-464C-B9DF-52B2EC816C5A
3249,3286342855318,"Winter T |
255/50r19*t Blizzak
LM005 103T AO (+)",1.0,231.4,P404,1206DF9E-1078-4FE4-B7B6-9786B1F33E1E
3250,10,"Main inspection according to §29 StVZO, including requirements
According to No. 1 Anl.Viii a Stvzo",1.0,104.95,E319,3E4AE272-9E93-492D-BF93-C3798900806F
3251,25022710,Renew brake fluid,7.0,71.4,F506,F4DC8CB2-F882-4A76-ABD4-19BEA189D67A
3252,51712R0B,"Brake disc front axle
Renew both sides",7.0,71.4,F208,F7FFC843-52E3-44A1-8ACA-113D7471129D
3253,47159733,Battery out and install,0.75,78.75,C201,A5C90F58-1FA9-4569-ACFA-B75D543180A5
3254,,"Motoroel 0W20supra
0W20 Supra",0.5,8.55,E412,7B29DEF6-5A38-4CB5-A2E3-7BCE42D915B0
3255,100000558,"Frost protection,
Panel cleaning system (1
863)",3.0,12.9,E416,0A442F9F-364C-41B6-BFE3-75B703A85A98
3256,14802174,"Service oil change |
0.1l Shell Helix Ultra
Prof.AV-L 0W20 |VW 509
00 5.5 liters",55.0,82.5,E441,2550FA3C-9C52-4318-99AA-527A28EED8DD
3257,1EBC345,"Tuev acceptance / HU
To para.29 StVO",1.0,150.0,E325,28FB680B-F689-4F61-879A-9149DA5FC2F8
3258,986494537,"Brake padding,
Disc brake",1.0,100.88,F214,0B754876-66D7-491F-B54B-379C73BE524D
3259,,"Service oil change |
0.1l Shell Helix Ultra
Prof.AV-L 0W20",55.0,82.5,E441,077EDB8E-4C79-4975-BAB0-9241EF5A203E
3260,580000,"1st year or 30,000 km
inspection",,222.0,E211,C0F58EFA-2AA8-4E29-8B9F-EFAE3E2B89D5
3261,ZPSB309,Wheels plus package,,86.56,P149,62DCE15E-7A23-4997-A795-0950CAC8892D
3262,14800480,"Car, various services
0.1 l
Display frost protection",20.0,6.8,E416,0E66FED7-6AE0-4A67-AB91-AC82F17F1D03
3263,99999999,Coolant system checked,,26.0,R210,D3C400F2-00AD-4E26-8813-24498EBB8E0F
3264,ZHP1018,Store wheel change from 18 inches,1.0,106.72,P149,01DA9065-CCE5-40D9-8ED4-65D25E3D3E53
3265,12046535650,Brake discs replaced at the back,,115.5,F205,CD2704C0-F6FB-4BE9-9D29-0250DFA1D3EC
3266,1340010,Inspection.,,179.4,E220,7697DD98-74F1-4FA9-ACCA-191DDD9ED19D
3267,1-EBC-345,"Tuev acceptance / HU
To para.29 StVO",1.0,110.0,E318,4A49E643-99C3-42E2-8EC9-9431EE8CB1AF
3268,2468342,Oil filter,1.0,14.62,E413,53F89C81-F782-40F9-B6CE-64AF46C66A51
3269,2146200,Error: 'Translator' object has no attribute 'raise_Exception',1.0,96.0,E319,BCA8DC0A-42BE-42E7-B0A2-FD7658F6D7C2
3270,0986494714,Error: 'Translator' object has no attribute 'raise_Exception',1.0,99.0,F214,351442B9-B74F-47CF-88E4-39A2C6030D46
3271,27061900,Complete the battery,,55.4,C201,64FDA64B-FCD8-4306-948C-20D7F94F94DC
3272,ZTS206557VMY42,Error: 'Translator' object has no attribute 'raise_Exception',1.0,157.25,P320,9DDF6A1B-0F56-4B5F-865B-7AC29F6DFCCE
3273,71105A9BCA1,Lip sealing agent bottle,1.0,22.83,E421,B26349F3-19AC-4752-B278-3A77FC923D8F
3274,63096A,Error: 'Translator' object has no attribute 'raise_Exception',20.0,21.82,L502,89F9E212-DFCC-43D2-83EB-E9FDD5E0D82D
3275,236359V5FNPZ3,Cupra Leon Copper,4.0,1683.53,P722,9B006DFB-E1AF-44D1-AD44-3ED9902A2DE5
3276,1102081,Dekra fees HU / AU,1.0,159.0,E326,804FB3D4-B1B5-4A7B-976F-B53824C3010C
3277,27068950,Battery shop,1.0,10.2,G116,4B8C11C2-2215-4CF7-897D-E84FC710D4C6
3278,1680791780,Error: 'Translator' object has no attribute 'raise_Exception',1.0,163.23,F214,15975AF2-5731-4641-BB22-0DEC73651C4B
3279,667,Additional work Adblue fill in,2.0,32.2,A101,9D30EA62-B692-4CA7-9D04-CCBAC5758E16
3280,1500000,GfS/guided function.,,21.0,E102,E2384944-08DA-448E-83D2-10B3CDCC783E
3281,Z98000000,"Completion-complete service (Pro
Season) (€ 110)
On your vehicle they were with us
Stocked bikes mounted.References
Please refer to the last one
Valid deposit receipt.",,92.44,P149,65A33441-EFDE-4580-9EEC-67AF602DEF46
3282,2013334,"Battery AGM 800 A, 80 Ah",1.0,326.52,C201,24CCB7B6-EAB5-48D6-9EDF-E834960DD65E
3283,ADBLUE16,Adblueplausche,1.0,33.6,A101,474433A6-18E5-480D-A3D2-9ED5E5505A82
3284,536378AN,Error: 'Translator' object has no attribute 'raise_Exception',1.0,146.13,P420,AC580581-CF2F-49AD-AA57-27D5264E19C9
3285,N10437301,BATTERY,1.0,3.3,I104,BBFDFB32-1259-4688-B832-052F77678644
3286,27068950,Battery loaded,,10.36,G116,6A820C85-194A-43C7-B0C3-F16B98655FF4
3287,4024067003251,Error: 'Translator' object has no attribute 'raise_Exception',2.0,166.6,P425,EE0FB530-90CC-4680-BF4D-89519F154814
3288,14800501,"Car, otherwise. Autoservice |
Labor value
Inspection |
Labor value
INSPECTION",54.0,88.02,E211,CC5B48ED-ABA7-40CD-88BC-114DEFAD7E20
3289,72350L-BATT,Device battery,1.0,6.0,I104,5B0558A3-AEDE-4C55-8EEE-468EB36F7A00
3290,HU,"Main inspection/exhaust gas test (Lt.
Fee Ordinance)",1.0,156.0,E326,6FDE9F40-9BAF-4985-9F9A-7CC260C1766C
3291,ZP538F,"otherwise. Parts, car |RC kit
5x108 CI/PE fix |
Wheel fastening rate
Winter wheels",1.0,39.6,P130,27634D4A-F4CA-4BAD-B408-F87A466EE7E8
3292,1EBC345,"Tuev acceptance / HU
To para.29 StVO",1.0,153.0,E326,602B50CA-1115-4A25-A93A-1DF77C923D2C
3293,90541381,BATTERY,1.0,5.63,I104,6F79A49B-82C2-42FD-85AB-D942812E278B
3294,27068950,Battery shop,37.0,14.18,G116,32C0240B-86FA-4ED4-983B-7BB549ED2D66
3295,RPS5555A,Error: 'Translator' object has no attribute 'raise_Exception',1.0,3.96,E416,5676B4E0-A3F1-4A7C-BFEA-28806CD7BB1B
3296,990492003,Disc pasture 1 liter,2.0,10.06,E416,89DA5A7D-E72D-42B7-90AD-13768351CD19
3297,85452593754,"205/60R17 93h
Bridgestone Blizzak LM-00",1.0,149.58,P404,D56E05AD-0F97-4CEF-B3CC-290F88EC9D45
3298,27065550,Replace the battery,,11.0,C201,C181A6EB-B035-4282-89C0-8E724056000F
3299,915089AC,BATTERY,1.0,215.8,C201,9E42409C-96F5-4525-887A-20069FF9F256
3300,SPL1001360320000,Adblue 1 liter,10.0,29.0,A101,FBD28317-EF85-4C58-A883-CBF1C45CA137
3301,ZTS185655HGGP3,Error: 'Translator' object has no attribute 'raise_Exception',1.0,83.08,P311,107280DE-0AB8-4BA7-936A-F5C219805428
3302,4L0012619D,Ripe,1.0,60.61,E421,19E2181E-EA6F-432C-8A9C-1FE12753F53E
3303,99106,"Handling flat rate for
Wheel service",,38.0,P108,E215B62B-BA49-4872-A7A6-F60AE0F22815
3304,2222,"Complete winter bike 17 ""
17 ""Silver light metal rim
225/45R17 Michelin winter tires",4.0,1199.6,P722,1E3EDA1C-D179-45BD-AAC7-1925CF684047
3305,1152,"Assembly package with
Disposal of cars (assembly",4.0,68.0,P165,E715911B-7E9F-4C7F-9C50-42857FF5C4E7
3306,117580070,"Disclar concentrate
06B02",1.0,2.47,E418,E2572EDD-2930-407F-B690-1EC17FCBC605
3307,6025101401,Key battery,2.0,3.6,I104,22E8E459-573D-4630-A7B4-42D5B702212D
3308,14800501,"Car, otherwise. Autoservice |
Labor value
Inspection |
Labor value
INSPECTION",60.0,102.0,E211,79173219-7822-404B-9314-3E5159AC9F1D
3309,10821900,Sound protection tub Aus-u.installed.,,34.5,M113,6F368BEC-4B87-4F72-99B2-AE4C77FBBBF4
3310,93164,"Pannenset Terra-S 700ml
5NA073628A 88Z 235/55 R18 100H,
Continental WinterContact TS 870
P, Sebring, with RDKS, Sterling
Silver, left 5NA073528A 88Z 235/55
R18100H, Continental WinterContact TS870
P, Sebring, with RDKS, Sterling
Silver, right
In addition, a breakdown set release
Obtain Z 093164.
##############################
Keyence # Nuss Eg3305 //
WVGZZ5N2RM158654
##############################
The WKR are off with an order
Riedstr.Sent by UPS",1.0,67.14,E421,4C4AE544-EF3A-4DB6-AB04-0C3715E9BDEB
3311,AN93190471,Light bulb,1.0,1.29,L103,2E4BD294-4873-4C0A-B524-239BA644609F
3312,ZRÄD_EKD_001,Package wheels including storage,,83.19,P149,BA0351AD-05E9-4CE6-976E-8E975795C9D4
3313,93840000,Original maintenance work,0.5,50.5,E249,F0A34ABD-4476-4B6F-8C6F-19AC7BBB9549
3314,AZ,"Inspection 3 years, 72000 km
carry out",,124.0,E211,85A35727-3DD5-460A-A8EC-A3B8E38CA084
3315,1EBC345,"Tuev acceptance / HU
To para.29 StVO",1.0,151.0,E325,78461C2F-73BF-441C-B4F7-EF8B5A984967
3316,Z RAEDER LEA,Change of bike inclicer VW leasing,,75.0,P149,67F92096-73F3-44CD-8B5E-DD23E81B4BE8
3317,27068950,Battery loaded,10.0,15.97,G116,EC18DFBB-F57C-4374-826D-8D509DA7F8E4
3318,10,"Main inspection according to §29 StVZO, including requirements
According to No. 1 Anl.Viii a Stvzo",1.0,104.95,E319,37B53197-75F5-4304-BADE-F412FCF6685C
3319,27061900,Complete the battery,,58.8,C201,522879DF-CFBC-4681-BEF1-517E17ADDD93
3320,213606HGZ0V,Tire goo,2.0,314.62,P411,0ED69CC1-3A15-4CDA-8726-FF9AE30D2158
3321,Z 4400-01A,Change/store bikes,,108.4,P149,0C0A4C40-CCFF-4D8F-8106-F377F428A75E
3322,1-7MF13Z,Adblue 1 liter,10.0,29.0,A101,5E139C09-8823-408E-B09F-5452F438B1EB
3323,27068950,Battery loaded,,18.4,G116,69D0768B-7073-40C8-88ED-D29AF367CA49
3324,915089AC,BATTERY,1.0,215.8,C201,D5719FAC-D072-4F66-B75D-9DF80D598E44
3325,29906105,TÜV fees HU-follow-up control,1.0,19.5,E310,97A9C631-8177-4CC7-8A3A-0B71D242CA39
3326,27068950,Battery shop,,13.85,G116,64FDA64B-FCD8-4306-948C-20D7F94F94DC
3327,M100000558,"Frost protection,
Panel cleaning system (1
863)",1.0,5.7,E416,62E7E6B4-2484-488F-8591-5A79095F8781
3328,3P0061163A,"MAT
Test number number BN11183
Cost place 9017219",1.0,92.44,Q213,492D4BFE-6C72-4F23-90D6-FA0C991A8FB8
3329,1500000,GFS,,14.85,E102,43965216-DB9C-4AF9-8639-0EF5DC4AF30C
3330,3699220,"Delivered WR assembly including
Imported!SR storage",12.0,108.4,P149,05F6E245-50DE-46FE-BC83-3F37EF598A85
3331,NL16009,Adblue fill in BMW Rent,2.0,29.0,A101,2688DD18-D5C7-4B3F-8420-8A718CD99841
3332,4038526044310,"215/60R17 100V XL
Vector 4Seasons gene
3",4.0,549.12,P511,2322DA63-ECF0-4319-BDFF-698DDC8EF206
3333,FT2413061,"Disclar with
Frost protection 1l, TU",2.0,7.56,E416,32FE3441-0A32-49CC-AA85-7CD6E7AB4440
3334,1-EBC-345,"Tuev acceptance / HU
To para.29 StVO",1.0,153.0,E325,9EF21613-3CAE-469F-9E9C-611A7A6C6113
3335,17MF13Z,Adblue 1 liter,10.0,40.0,A101,33853059-EFCD-4712-A948-D28551C1B0B4
3336,801815,Battery load and test,0.2,17.0,C103,FA999173-7A06-4804-82E2-B058FEAEC162
3337,1500060,GfS/guided function.,0.3,40.5,E102,1E7B65C3-FD80-4307-9D0A-03FBE395DF3E
3338,99999999,"Chassis checked
Renewal of the tires recommended",,50.42,T237,DA52DEB1-84EB-4330-B893-406A470080E7
3339,ZK4EW18,"Seasonal wheel storage &
Change of wheel from 18 """,,104.12,P149,4A0F888C-6C55-4C51-8405-BDC00C6E727E
3340,11010910,"Additional battery exchange on
VEHICLE",0.3,30.9,C201,113CF110-8BE3-4F99-8195-F91016E73189
3341,27060100,Check the battery,,28.9,C103,78AA090C-668E-48CC-BC3D-F9450A0721E2
3342,117580070,"Disclar concentrate
06B02",1.0,2.47,E416,3E10A4F1-AF04-4903-9A72-61F3D2D02A23
3343,AZ,"Inspection 3 years, 72000 km
carry out",,124.0,E211,E6243B51-24A3-4787-A0A3-E3D6DB799F57
3344,1678168180,"Set of 4 brake pads
Vo",1.0,114.58,F214,FAA035C4-E8CF-4A94-B2E0-A26799DBF314
3345,27060100,Check the battery,,27.7,C103,64FDA64B-FCD8-4306-948C-20D7F94F94DC
3346,925000,"Change of season
All redeshaders off and grow,",,91.6,P149,CAAE53F4-3EBA-438D-AA23-38FD1480B639
3347,541011,Make a short test,3.0,45.12,G109,194CBF9E-96EE-4BA6-9460-FA00B3CC46D0
3348,27065550,Renew the battery,6.0,61.2,C201,0CAF647D-FF89-45C6-89B8-3A4DAA2134C4
3349,14800562,"Service brake |
Work value brake |
Both brake discs
renew (front axle)
[Minutes]",60.0,97.8,F208,4C5DD2CD-BEDF-4875-A650-DC1B805A4843
3350,FPX,Wheels,1.0,70.0,P149,FCFCFFFC-70B9-4EFD-B5D9-992B59FFA0C2
3351,141140,Check axle setting,0.9,103.99,T103,64E5353E-2F49-480F-A8B9-55C01F703138
3352,TU,TÜV acceptance,1.0,140.4,E326,DC487308-469F-4B9B-9FC8-E3E41ED93077
3353,ZPSB309,Wheels plus package,,86.56,P149,E27A800B-B2A4-452D-B14E-6451A129C033
3354,66585520,Replace the rear spoiler,,67.5,Q139,AC2F6BB5-D91A-43BD-8665-AED55FD59D6B
3355,1340030,Inspection.,,188.5,E220,DA29F1DD-8975-4F59-90EF-2BF94201B45E
3356,P46IR,"Main inspection and AU
Investigation § 29 StVZO",1.0,153.0,E326,403CD41A-16B0-4FEA-B027-561C822D7A04
3357,10906001,"Car tire repair |
Repair for repair
TIRES",1.0,26.55,P168,C712650B-E1E3-4DC0-8F26-8D58941ECC07
3358,1500000,Damage assessment,,52.08,E102,04B0D80E-895D-461A-B774-537484758FE9
3359,GS55545M2EUR,0W-30 LL I,1.0,18.7,E412,A01F019E-3E50-4599-A93C-9736BBB13EB9
3360,57085599,Key battery replaced,,0.1,I104,1F6A7A64-E03D-4E50-AC3E-4C7C2D9AE29C
3361,27068950,Battery shop,10.0,14.2,G116,F612FB35-4C5E-4B77-94CF-F6314299CE34
3362,1271,Fill in adblue,2.0,17.1,A101,5C108894-A42D-4BFE-BB21-BAD337C3A488
3363,290994,Read/delete error codes,0.1,11.9,E101,9757D8F9-A1DC-4CB3-996E-A5780ED83D44
3364,27060150,Check the battery,,14.8,C103,9E42409C-96F5-4525-887A-20069FF9F256
3365,44001141067A,Designation,2.0,347.9,P411,3AF5E0AF-3B67-4371-AD5A-A2245EE36E37
3366,14800562,"Service brake |
Work value brake |
Both brake discs
renew (rear axle)
[Minutes]",60.0,102.0,F506,2F29924D-8DA9-40BA-AD1C-A26951635959
3367,1638015580,"Motoroel 0W20
Motor Oil Supra 0W20",1.5,26.25,E412,2CBEF55C-86B6-4D19-ABBB-E2B3A9117D39
3368,1EBC345,"Tuev acceptance / HU
To para.29 StVO",1.0,149.0,E326,036BF322-F82F-453B-A764-6A7B9DBE615C
3369,262233,"Wiper leaves |
Rear wiper blade",1.0,11.67,E422,D98F0BFF-09B0-4D6F-8CD7-00EA45A19390
3370,8W0073227C8Z8,House brand winter complete bike aluminum,4.0,1418.83,P713,482A36E9-4788-4B2E-A0DF-D22E9C294133
3371,N10528301,Battery CR2032,1.0,3.41,I104,0D99A5FD-87A9-4F9E-BABC-BD857FCD01EF
3372,580901076G542,"Starter battery Repstar
Powerblock Start Stop AGM",1.0,214.53,C201,816EAF35-1348-4970-BECC-A52A9CBD6E67
3373,93820000,"Inspection IT. MG warning plan
including annual body control",1.1,110.0,E211,D1904285-58BC-4245-91DF-1CA888CE9CF9
3374,17008,Freedom,1.0,5.42,E418,BD82D442-1F8C-481A-A04F-30A79709819C
3375,Z201,"Change of wheel including storage and
Bike linen",,100.0,P149,EFBE1971-C6B2-45BF-80E9-A38FB42DF854
3376,19206525,"Car, main inspection |
Subsequent examination no.
3.1.1.1 Appendix VIII StVZO
(Ni)",1.0,39.0,E310,C275FC7D-683D-44D3-B527-6B3CD9D53526
3377,2382101,NOx sensor with module 6.2,1.0,401.86,G315,1A0FF8E1-2230-4308-820E-28E84920859E
3378,1400050,Change of brake fluid,30.0,41.99,F506,7D5B1B7D-6DFF-45A2-AF5C-0A2EBECF2A86
3379,44448801,"Change of cycling comfort
Change of bike, wheels check,
Clean, balance, store",,84.02,P149,2B90D2C8-12EE-4748-921A-F321882724BC
3380,2490405,BATTERY,1.0,232.6,C201,9757D8F9-A1DC-4CB3-996E-A5780ED83D44
3381,541126,"Renew the on -board net battery
(according to PRUEFUG)",4.0,71.95,C201,38798805-57B5-41DA-BEE7-5A3310DBF02D
3382,27068950,Battery loaded,10.0,14.99,G116,CF987210-2FF3-44AA-84FE-CD3DAF80A83A
3383,3323000,"Frost protection,
Panel cleaning system
AntiFrost+clearance",1.0,5.03,E416,869E6A09-49AF-4042-BD28-922B6EA0BEE0
3384,290990,Diagnostic unit followed/Herst.,0.3,32.7,G109,29199E25-6493-4A07-9572-332766CA80A4
3385,M100000558,"Frost protection,
Panel cleaning system (1
863)",1.0,5.7,E416,043BBE6D-E415-49C4-BDF3-8DB90A6DD42B
3386,2463,"Battery remote control
renew",0.1,10.4,I104,C8E79BB9-28CE-4465-97BD-EAB251EE6A6C
3387,1611909180,Disc washes,3.28,2.68,E416,23625570-45A3-429A-8F7C-B8B3579C3CE5
3388,924017,"Assemble the winter chip and the
Sommerraeder Saeubern, Pruefen
And store
Storage number: A332",,70.0,P149,10175D61-3679-49EA-A303-C8045D14F1C6
3389,Z4RÄDERWBT17,"Change 4 wheels, wash and store
17 ""Bt",,82.35,P149,8BF3B7BD-59B7-440F-B9E9-07D8F07CC738
3390,83195B55BD9,Diesel Exhaust Fluid Adblue 10L,0.8,21.93,A101,FEFE32E6-7F12-4F75-8804-9A6F91FE4508
3391,M999999905,"Main inspection (without
VAT according to §10 paragraph 1
UStG)",,155.0,E326,D0998A8F-133D-4C45-8C9A-DE4202C35616
3392,HU,"Main inspection/exhaust gas subsu
chung (according to fees regulation)",1.0,154.0,E326,E06194A7-5C5D-4F5F-8187-65529A8AA275
3393,600933,1. Inspection without changing the oil,0.6,45.0,E247,BD82D442-1F8C-481A-A04F-30A79709819C
3394,72350LBATT,Device battery,2.0,12.0,I104,7AF5C6BD-45A1-4A68-BABA-66EDC8D88FC8
3395,R300,"Change wheels including
Storage",1.0,67.14,P149,EDB94D63-63F9-4A05-9AD8-C31A49E630DA
3396,225458YBTN0,Ripe bri,1.0,157.18,P404,536DE877-0CB8-4424-86A3-5C7586C8C6F1
3397,26931933,Construction of the particle sensor,0.4,54.0,G315,661FA997-665D-43C6-92FB-8E6DC7AADBDE
3398,313,"Test of all vehicle control units.
After replacing the key battery
The errors away",5.0,50.0,C103,C9CD69FE-C4EF-4FEB-AD79-8DF6F712B2B3
3399,F026407166,F 026 407 166 oil filter,1.0,15.84,E413,31408F0D-3FFF-40FF-8D34-B6FF62F37808
3400,N17,Rn17,5.4,119.52,E441,711ECEB4-E5DB-46BB-96D2-9E607B5BDBAE
3401,14800480,"Car, various services
0.1 l
Display frost protection",30.0,10.2,E416,12CEA758-F654-4DDD-AB71-E711CE287102
3402,9002000,Hol-and Bringservice,1.0,28.0,X608,14C63A8D-A0B0-4DF8-8E18-A3DFC3044695
3403,FL0003,Ratio,1.0,30.0,X608,889D7B6B-E891-4D42-A3FC-A2E378611E22
3404,13645492,"Service oil change |
0.1l Shell Helix Ultra
Prof.Ao-L 0W20",43.0,64.5,E441,DC27CE25-658C-4AA8-952A-0B63379E165A
3405,FT9030,"Shell Helix Ultra ect
SAE0W-30 BMW Longlife 04",1.0,20.0,E412,59AB30BD-DEB2-4384-B40D-90C94C32785F
3406,5010N10528301,BATTERY,1.0,4.55,I104,33375E99-7FB4-40F8-805D-D326F4BB331C
3407,312110,Check the battery,,34.0,C103,B775BD08-3EFB-4F5B-B1E8-3FF157856DC4
3408,915105CC,BATTERY,1.0,258.96,C201,1578088F-826D-496D-B127-52E334949A81
3409,108757,BMW Group LL-19fe 0W-30,5.5,110.0,E441,1D0E2ED1-0884-438E-8647-8E5B58B680FF
3410,312141,Battery out and install,0.3,34.5,C201,4109A36E-E240-4ADC-8506-F0EA8A04BBD2
3411,1-EBC-345,"Tuev acceptance / HU
To para.29 StVO",1.0,99.4,E318,E3805F5E-B35F-4F02-B37C-A780351E35ED
3412,986494537,"Brake padding,
Disc brake",1.0,100.88,F214,B1D364F0-AD73-4F0B-AE2F-DA250CCF6F2B
3413,1500060,GFS/ guided function W53,,17.76,E102,C2640EEA-68E5-426E-82B3-0B076958CA66
3414,580000,"1st year or 30,000 km
inspection",,222.0,E211,ED143D25-0047-443D-B671-2D55586B1A8F
3415,600308,TÜV Nord fees,1.0,144.0,E326,8DD10DBC-6250-4955-80EB-F4252A6E1015
3416,1EBC37,"Hol-and Bringservice 5.01
Up to 20.00 km (up to 5 km
simple route free)",1.0,27.5,X608,9EC48498-BACD-4234-B6D6-C64C0A2FDD30
3417,OEL005,0W-20,1.0,18.73,E412,C0BE5E94-B784-4CE4-9087-A4041E2020B9
3418,312111,Check the battery,0.1,10.5,C103,EE6282DF-C108-45B9-BEC0-3612F3C33A4C
3419,A000986200016,Disease detergent,,3.35,E418,519A3F31-D464-4880-9DFD-FF6E46FC5399
3420,1500000,GFS/guided function,20.0,25.2,E102,60B6F8C2-B3CE-4362-8D1C-EA4C662F26FD
3421,7000134AN,"0W20 Total 0V0401547
API SN Plus",3.5,63.0,E441,E32CF7FC-899A-470D-AE8F-7BFA9BF286B1
3422,1684934580,Set of 4 brake pads,1.0,162.28,F214,1201FCFB-0692-47ED-8296-7BDF380FE582
3423,290990,Diagnostic unit followed/Herst.,0.3,34.97,G109,A7638D37-7220-4483-A5C6-D9844EED56BC
3424,26006,Cooling system print test,,24.26,R210,5116DEEF-2863-4E13-A789-8AB35B8DA1D1
3425,1684706280,AT turbocharger,0.7,744.31,M507,575933A4-20A5-4F23-AB46-6D84A9A5A406
3426,AZ00016,Refill Adblue,2.0,32.77,A101,B885C16A-1972-421A-8AB6-E223B2492493
3427,7320H8P,"6th year/90,000 km inspection",1.5,178.5,E211,ED8C0678-DEAE-4C79-AB57-5ACE98ADFB2C
3428,83215B49CA2,"BMW Twinpower Turbo LL-
17 FE+ 0W-20 1L",1.0,21.0,E412,3AB5AB14-7683-40EA-9209-0910E790FABA
3429,14800501,"Car, otherwise. Autoservice |
Labor value
INSPECTION",62.0,101.06,E220,0E66FED7-6AE0-4A67-AB91-AC82F17F1D03
3430,6100006,"Vehicle diagnosis test module
carry out",3.0,60.81,G109,0D4A213F-B10A-451A-852F-41C960A864F1
3431,Z86RW418,RW4 Wheels Premium Service,,121.77,P149,86EAA1DC-09D9-424F-A6BE-F5470F843860
3432,1-EBC-345,"Tuev acceptance / HU
To para.29 StVO",1.0,153.0,E326,FA1F58ED-39BE-4496-8031-30CEE426E1F2
3433,4N0971675G,Charging cable,1.0,230.64,W501,9B006DFB-E1AF-44D1-AD44-3ED9902A2DE5
3434,986479F90,"Brake discs | 0986 479
F90 brake disc",2.0,238.0,F208,55B123E9-8961-4C07-8D85-4AEF8BB49D30
3435,1611909180,"Disc wash 1
Üsssigt-20 ° C (1 l)",1.0,2.98,E416,0890FFCA-5CC9-40FE-B17E-AD0E99D38DC2
3436,14800480,"Car, various services
0.1 l
Display frost protection",30.0,10.2,E416,F2DF2539-0F16-46DB-8619-A9E1997EE150
3437,4041510,Replace the battery,3.0,33.6,C201,8E2A436B-46CD-4E46-A460-24617F2861AE
3438,5800041,MG4 Maintenance Year 1.3.5.7,,201.6,E211,52F6F12F-26E6-4826-94A5-624ABB7EC1E3
3439,9163329,Cue,0.3,2.48,R106,6DA8F3C6-0D69-43C2-9B5B-B5F4BC31FF10
3440,986479F90,Brake disc,2.0,280.0,F208,8801D7B4-CC0C-47D0-BCDC-55E503687188
3441,1500060,GFS/Leading function.,,13.47,E102,2CBAE2C6-3172-4720-8F6D-95F4692EFEA3
3442,2099515,BATTERY,1.0,245.53,C201,14FC9C82-FA4E-4B56-AC58-8FD75193E506
3443,27060100,Battery checked,,33.0,C103,0C7B177C-25FD-4958-838F-DD787BE4AE1C
3444,2080258,Glue lamp H7,1.0,16.36,L502,24CCB7B6-EAB5-48D6-9EDF-E834960DD65E
3445,5L9062610,Error: 'Translator' object has no attribute 'raise_Exception',1.0,75.92,G315,1E7B65C3-FD80-4307-9D0A-03FBE395DF3E
3446,1500060,GFS/guided function,,54.8,E102,277F7256-8BCD-4C6D-9380-6C1F2F2762EB
3447,915089AC,BATTERY,1.0,215.8,C201,45016C25-C316-4C63-AB0D-7309801312D8
3448,996,TÜV incl. Au without VAT (continuous item),1.0,154.5,E326,10BEB070-F45C-4A56-83E7-D91550782221
3449,14800562,"Service brake |
Work value brake |
Both brake discs
Renew the rear axle
(Rear axle)",60.0,102.0,F205,C0D7A870-B3B8-4CDF-BF91-C608B0415A40
3450,AZ00016,Refill Adblue,2.0,32.77,A101,0A8A5D14-2EC9-4091-ACB6-19877AF1B000
3451,1-EBC-345,"Tuev acceptance / HU
To para.29 StVO",1.0,116.77,E318,10D42EB2-D2FF-447A-A91A-A6322F807848
3452,1500010,GfS/guided function.,,29.0,E102,5EAD42C3-E095-4BA9-9650-FEF522E733AF
3453,19206505,"Car, main inspection |
HU/AU external performance
Prüz., 3.1.1.1 A. VIII
Stvzo (by)",1.0,154.0,E326,805CF39B-D616-4CE3-86B8-F2FFD73C8D77
3454,2099515,Error: 'Translator' object has no attribute 'raise_Exception',1.0,232.61,C201,F96EC70B-B5C3-48A5-9164-CCC7D6BD8515
3455,1340000,INSPECTION.,,159.9,E220,E67716B1-0736-42A5-9FE4-33382B9529A1
3456,5N907807J,SENSOR,1.0,476.16,G315,6F368BEC-4B87-4F72-99B2-AE4C77FBBBF4
3457,M999999907,"High -performance engine oil/
exact description
register",1.0,20.9,E412,60736562-DB56-4996-B800-F0BABC3CB08C
3458,93840000,Initial service operation,0.5,57.5,E247,3E10A4F1-AF04-4903-9A72-61F3D2D02A23
3459,27061900,Complete the battery,,40.5,C201,6C03D522-045C-4DE9-8F3C-8CCD5172A076
3460,1-EBC-345,"Tuev acceptance / HU
To para.29 StVO",1.0,19.5,E309,3515A49B-DE83-4865-8EE1-0800624D43B1
3461,27060100,Check the battery,,28.9,C103,8F714E1B-4DFC-4335-BC76-77CF24E9455F
3462,L700,Error: 'Translator' object has no attribute 'raise_Exception',1.0,236.08,C201,08D572C7-357E-4D7E-AD26-66B8904D75E8
3463,93840000,Original maintenance work,0.5,64.5,E249,51EA7910-AFCB-4C86-B012-A04062DE914B
3464,1682635380,(Acc) winter wheel,4.0,1226.27,P713,C7B6AB42-DBED-445E-957F-60D4589CDB8D
3465,Z44066,"Service package change change and
Storage",,79.75,P149,A41540ED-EEEC-4FF8-BB82-7EDF0CBACC8B
3466,36608-2,"Battery remote control
renew",0.1,9.5,I104,EAEAC254-DC0F-4401-845D-A9C297BCB2D4
3467,29,Error: 'Translator' object has no attribute 'raise_Exception',1.0,161.93,E326,4ADD1CB5-B70F-4ECB-B734-176FE8C5C34E
3468,3N906249K,Error: 'Translator' object has no attribute 'raise_Exception',1.0,146.01,M506,E58CA6F0-C6A2-4848-B66D-B4776760EF31
3469,83125A85517,Disc clarification with frost protection,1.0,5.14,E416,00FDD38A-F30C-44D2-A7AF-5021FCEA57CD
3470,290994,"Delete error codes
If the error occurs again, there are more
Work required
Total 1) motor lamp",0.1,9.5,E101,5F6B2BDB-AB05-4412-B44A-ABC245F1B60C
3471,27068950,Battery loaded,,14.9,G116,7FD436C5-CE2F-4854-8490-DB9EA3787450
3472,25680910,2 brake discs VO exchange on the vehicle 11,12.0,150.0,F208,83188D71-5059-4356-BEA1-A5A86698A18E
3473,780099012,Diagnosis of resting stream,0.5,80.0,C103,DC61C4A8-AB6D-47D4-A62F-B401AF9F38E7
3474,einlag,Change of wheel + storage,,96.64,P149,D915DEF0-61D6-411A-B075-CD67A2028B00
3475,S100002950,Adblue refill wages,1.0,15.2,A101,1750BE04-7687-48EC-B8AC-FF99899CD67D
3476,66126912985,Button / battery,1.0,2.91,I104,BF240F99-A87A-4F3B-8330-F224D20FB374
3477,1611909180,Disc wash 1 piece,-1.0,2.68,E416,32F85606-7ED8-4EC8-9910-36A8B15632D1
3478,KM1,"Multi -kilometer
For the WW-GR 888
For the 22nd.10-24.10.2024",479.0,76.5,X612,02E4C44C-11C1-4558-9B2B-E516CC847366
3479,2463,"Battery remote control
renew",1.0,10.2,I104,372EAB08-51ED-4F6C-9DB7-D022C441AA98
3480,1500000,GFS/guided function,0.3,37.8,E102,E059D64E-DA87-4AAB-80E9-32C9B0A806F2
3481,W036,Button cell CR2032,1.0,4.6,I104,79F5FC00-1849-4A2F-8347-AC6F445C10C0
3482,1500060,Check/diagnosis,,33.8,E102,05643DB7-858B-4406-AA34-771D689FB0F2
3483,,Motoroel with Longlife,5.5,112.75,E441,C01E36BD-915C-4CFD-B477-B8338F9A1A83
3484,93840000,Original maintenance work,0.5,55.0,E249,D1794734-2936-4EA6-80A7-47016899E0B6
3485,27065550,Replace the battery,,13.78,C201,847C6A29-78CB-473C-B317-D416F4999D5F
3486,52630910,"Back brake lights
Exchange on the vehicle
-Tritt brake light",2.0,24.84,L102,B5CE6F4B-12CA-4DCB-A384-0227B036CDF9
3487,93190461,Pear,1.0,15.03,L502,C9E152CC-F36D-4425-8512-F36330D54FE9
3488,4041510,Replace the battery,3.0,33.6,C201,A48154EC-DD17-496A-8EF9-67B2FD031867
3489,19206517,"Car, main inspection |
HU/AU external performance
Prüz., 3.1.1.1 A. VIII
StVZO (HH)",1.0,149.0,E326,6A47F622-944B-4E21-A327-0E4B81C2F4C3
3490,95507807,Pear,1.0,2.97,L102,598BE3C2-8893-45AC-B41B-2F8AB7628B6C
3491,16050600,Error: 'Translator' object has no attribute 'raise_Exception',1.0,4.5,E416,7B134624-792D-4322-9E72-C5C23BD78521
3492,2385498,Error: 'Translator' object has no attribute 'raise_Exception',1.0,199.37,C201,15F75504-539F-4F3F-8760-AD374CF16880
3493,802611,"Batteries from the transmitter key
For radio remote control of the
Renew central locking",1.0,13.61,I104,F0045816-38E1-4D43-947F-395ED92CD8DD
3494,Z4400-01A,Error: 'Translator' object has no attribute 'raise_Exception',,108.4,P149,57ACF91D-7E61-4AFB-8760-6F25DF5C8FA0
3495,129167,Service motor oil,3.0,36.3,E222,ABADD0C6-7870-426D-8297-6E58F7A8AC44
3496,4MF1Y,Error: 'Translator' object has no attribute 'raise_Exception',0.8,127.2,E211,12686D0E-A804-4EDD-A041-D31D75192AC6
3497,5010G052577SI,LL4-0W20,1.5,28.1,E412,707C41BC-CAD4-4349-A510-65D0909AFEFC
3498,,"Motor oil 0W20 liter
Accesories",4.0,60.0,E441,DE9B200C-21EA-4A2F-B573-D4F2D765FA7C
3499,600933,"Inspection after 1, 3, 5 years
etc.",0.6,67.2,E247,5D4CDBCA-4723-4CEF-8FFA-7588E43F74AE
3500,1-EBC-345,"Tuev-
Follow -up",1.0,155.0,E325,1627CD45-8395-4F7A-936E-9BF4865033FD
3501,D3A01,Inspection with oil change (flexible),1.0,363.14,E211,C6C19135-9E3D-4571-AB0A-6AB0867B581F
3502,23811983,"NOx-provider with control unit
u.",,23.0,G315,6F368BEC-4B87-4F72-99B2-AE4C77FBBBF4
3503,Z1RL,Error: 'Translator' object has no attribute 'raise_Exception',1.0,67.23,P149,55620B9C-B2B4-4C57-8CA5-3460C18AF849
3504,1611909180,Disc wash fluid 20 ° C (1 l),1.0,2.98,E416,20286B23-75A1-4979-B03B-069F0915A7F6
3505,83135A82511,"Brake fluid dot4, Niederviskos
EU 1000ml",1.0,13.03,E402,BBB6C3D8-BDEE-465D-BC0C-2F45B865C738
3506,AVFHU02,Dekra fees HU / AU,,159.0,E326,6BBE822F-AF91-4033-B040-6E8559DDDBDA
3507,1110030-001,Motor oil LL Ill 0w-30 1lt,1.0,20.0,E412,7E191BF5-2DF0-4322-A1F3-C5344390BF58
3508,12013310,"Control -clear global test
Error memory query on
VEHICLE",,29.25,G109,5C3DFF2D-BEEA-4D46-ACF5-9311B3C8BC2B
3509,99999999,FZG. Preparation carried out,,49.9,X105,439BB908-4F65-48FF-9BCB-DF0F25A3F2E1
3510,2603000,"Cleaner,
Panel cleaning system
Windshield",1.0,6.38,E418,8FD3FE76-F7DE-4173-BA6E-23BE40C11F8D
3511,2404736,Error: 'Translator' object has no attribute 'raise_Exception',1.0,149.6,F214,A65FFA98-BB88-4DBA-B7BA-8C36153FAE45
3512,93840000,Original maintenance work,0.5,52.5,E249,4D8899EB-1542-4ABF-88FF-02DDD48F0D71
3513,1-EBC-71,"Error memory
Read out /loeschen
(as part of the inspection
for free)",1.0,34.0,E101,97120056-3CFB-4F89-8D6D-89139969F539
3514,10911017,"Complete assembly car |
Complete assembly 15
Up to 17 inches",4.0,68.0,P165,1C7D33A6-1557-485D-AAE3-BB5B41963CBB
3515,13884390,"Disciner concentrate 500 ml.
2715010
1010 direct acceptance carried out
Overall 1) Inspection",1.0,4.77,E418,CAF13C53-A522-486F-97FB-48828DEAF283
3516,26407233,"Oil filter |Oil filter
026 407 233",1.0,12.51,E413,CC5B48ED-ABA7-40CD-88BC-114DEFAD7E20
3517,139954,Remote control battery,1.0,6.25,I104,DDD5905A-ADF9-486F-9229-A8D6FB3CBA7C
3518,9306,"Vehicle acceptance (legal
Main inspection)
CARRY OUT",1.0,155.0,E326,79C10E24-AF68-48B6-BD40-20B5F616C224
3519,F026407268,Oil filter,1.0,13.92,E413,37EAAC22-C544-4EED-8484-1E73838409B5
3520,5LA945302C,LIGHT,1.0,7.79,L107,12559121-B1C2-47D3-AE98-E72B5E4A998D
3521,95N48A,Error: 'Translator' object has no attribute 'raise_Exception',10.0,102.0,E211,3837FF6E-EC4A-46A5-856E-0A1530E8C643
3522,1EBC345,"Tuev acceptance / HU
To para.29 StVO",1.0,99.0,E318,6E830606-FA13-48AA-827B-E926C402D7DD
3523,27068950,Battery shop,,13.85,G116,CEC19832-44FE-4CF6-BFC3-6393F3B41845
3524,1-EBC-37,Error: 'Translator' object has no attribute 'raise_Exception',1.0,28.5,X608,04B2A344-AC55-494D-878F-1DA172209E3D
3525,08160910,Error: 'Translator' object has no attribute 'raise_Exception',6.7,670.0,B416,0DE5CDD7-3D19-40A5-9497-0B1FAA4DF713
3526,HU,Error: 'Translator' object has no attribute 'raise_Exception',1.0,155.0,E326,704A0CD0-0389-4D09-95EB-82608D4A3595
3527,701-8300015,Error: 'Translator' object has no attribute 'raise_Exception',12.0,39.0,A101,930B027D-B727-4D14-8B49-6399C68454A6
3528,219656TGUC0,Tire goo,2.0,265.72,P411,49AFAC8F-787B-40A3-8004-DCAE58628246
3529,1-EBC-345,"Tuev acceptance / HU
To para.29 StVO",1.0,156.0,E326,B7DFDE4A-2136-4CD0-8328-54C837CD28DD
3530,ZTW165704TSZ00,Mature sem,2.0,98.69,P425,8D91AD91-C9A5-4201-9D8A-854A4C65FA4B
3531,S100002950,Adblue refill wages,1.0,15.2,A101,37AA0C52-4507-4EDB-AEB0-C09EB679F669
3532,14800480,"Car, various services
0.1 l
Display frost protection",25.0,8.5,E416,63AE395B-0964-4147-A36D-9ED4F3F7F3AD
3533,320000,Handmark lamp Ern.,0.3,33.42,L215,BF2485F8-B7D2-42AD-9278-FC36E85D8326
3534,FT99CR2032,Key battery CR2032,2.0,5.45,I104,6446249B-3D74-4C14-9C3B-F1B39C43ABA2
3535,2305506,Brake disc,2.0,240.8,F208,A65FFA98-BB88-4DBA-B7BA-8C36153FAE45
3536,83122413061,Disc clarification with frost protection,1.0,2.61,E416,D6EC31CB-331A-45F8-8EBE-2105C1679838
3537,PRO,RW Pro,,49.58,P149,84778313-FC6C-4536-91BC-E47FA366A917
3538,1638015580,0W-20 motor oil C5 B712010,1.0,14.5,E412,59F060C9-3875-4FB4-A419-0F1CDD800A6C
3539,12355116,NOx Sensor Bank 1,1.0,319.22,G315,069DDB3A-49EB-4E72-A6D6-1487BE97605F
3540,1EBC345,"Tuev acceptance / HU
To para.29 StVO",1.0,153.0,E325,2CB0B6EC-8338-4CD9-BED3-9467300E24FE
3541,Z010036TE,BATTERY,1.0,1.13,I104,D96E2663-452D-48E1-ABDF-56A0199A19CA
3542,541011,Make a short test,3.0,32.31,G109,C48E7D05-F413-42EE-B292-878CB5B9B445
3543,83122413061,Error: 'Translator' object has no attribute 'raise_Exception',1.0,2.61,E416,98F196C9-E1EA-4642-AA0D-B20B772D49CF
3544,121544,Error: 'Translator' object has no attribute 'raise_Exception',0.2,19.0,F506,4C43C8C1-D619-4437-97DC-8B2D3F57A6FF
3545,915089AC,"BATTERY
-Arrefüf, what def.",1.0,215.8,C201,64FDA64B-FCD8-4306-948C-20D7F94F94DC
3546,N10528301,BATTERY,1.0,3.41,I104,78F09D15-D11A-445F-8BA7-620BD40EB87A
3547,SPL1001360320000,Adblue 1 liter,7.0,28.0,A101,61ED12C7-F40B-4B7C-8FFF-2B612870FB93
3548,8030270,Error: 'Translator' object has no attribute 'raise_Exception',4.0,46.0,F506,5C0634F5-01A5-4101-9717-904A3FBF1024
3549,312110,Check the battery,0.4,38.4,C103,4369967F-4F51-496D-A1B8-15C5450E1749
3550,14800562,"Service brake |
Work value brake |
Work value brake",72.0,122.4,F208,8EDE1F6C-A1EB-4F2B-B548-A80EF4A5B9CE
3551,MUA,"Disassemble RDKS sensor tires
Ern.Wheels balanced
RDK's sensors learned",0.8,100.0,P165,84FA6BC8-E60D-43E2-8414-5C589C6243CD
3552,95515591,Battery 12 V,1.0,264.98,C201,A8FFE8E4-2D02-4BF7-A3EF-53C474A74200
3553,44449006,"R change Fleet Spot
Ink!.Clean the contact surfaces.
M-X 1587",,18.0,P108,00A1C2EF-174A-4CD2-A3A9-453426D3616D
3554,600933,Error: 'Translator' object has no attribute 'raise_Exception',0.6,,E247,607F1F38-C847-449F-9B10-DBC114FBEC39
3555,4405STAND,4 bikes from. And installed (invited),,83.19,P149,73E8343B-D922-466C-A579-3878418E7A75
3556,290994,Read/delete error codes,0.1,10.12,E101,1A0FF8E1-2230-4308-820E-28E84920859E
3557,19205001,"Complete assembly car |
CPL.Montage 15 to 17
Customs active.rdks",2.0,44.0,P165,7B418E7A-EB58-4983-A613-3DBE7518A23B
3558,93160455,"CLEANER
Inspections: unique controls/work",1.0,3.8,E416,4CE3517E-6FFA-4F29-BEE5-A16CE4E50F5F
3559,D444495,Tire package,1.0,79.83,P149,BE34FB4C-3181-4B9D-AF97-7E7A3A7EEC39
3560,HU7032Z,Error: 'Translator' object has no attribute 'raise_Exception',1.0,10.41,E413,0F6D4717-A95D-4968-84F8-3D03BD6E535C
3561,N10528301,BATTERY,1.0,3.41,I104,DC37D25E-C6AD-4426-9BBA-7CB2B4EB1EC9
3562,ZRADERSETZ8,2 tires replaced VW leasing,,26.0,P165,8D91AD91-C9A5-4201-9D8A-854A4C65FA4B
3563,OX81,"OX813/2D oil filter
Accesories",1.0,20.65,E413,2624F5A2-915C-48BF-9402-28CFBD1204D9
3564,5010000,Error: 'Translator' object has no attribute 'raise_Exception',,215.8,C201,FF01079C-20C5-4F1F-B478-A614482FCEA8
3565,ZHP1017,Store wheel change 14-17 inches,,95.8,P149,AFEEEB0A-BE1E-47D8-AF3A-E221694C8653
3566,986479E42,Brake disc,2.0,224.36,F208,5AA06D95-1860-4A0B-8FEC-5C22801C7FBF
3567,RPS5590,"Frost protection cooler protection
RS12 EVO 1.5l",1.0,14.57,R106,74885A9C-22ED-430A-83FF-8794F3A644C0
3568,1-EBC-345,"Tuev acceptance / HU
To para.29 StVO",1.0,99.0,E319,35B36D7B-105A-4D2D-AFF8-A00159EBA13F
3569,19206500,"Car, main inspection |
HU according to No. 3.1.1.1 system
VIII StVzo (BW)",1.0,99.0,E319,7F7390FC-710F-4151-9843-F102F8045277
3570,14800480,"Car, various services
0.1 l
Display frost protection
|Sonax Antifrost &
Clear (barrel) / diverse /
03327050 |03328050 /",10.0,3.4,E416,F5273830-3B12-4D7C-8DBF-5FBAE4E8312F
3571,309359,Main inspection according to §29 StVZO,1.0,97.5,E319,EEF2A9AE-CD90-4144-8DE4-5AF77D9A4A61
3572,27065550,Battery renewed,,12.5,C201,8703517F-56D6-4DFA-84E3-F0FF6F8962C7
3573,27060100,Error: 'Translator' object has no attribute 'raise_Exception',20.0,29.8,C103,1F6A7A64-E03D-4E50-AC3E-4C7C2D9AE29C
3574,36115A279A0,WKR Complete bike winter or,4.0,2450.41,P722,B1BDC84C-6C8D-469E-B472-6DDC5B8E1F03
3575,57855599,Key battery ERS.,,15.5,I104,474433A6-18E5-480D-A3D2-9ED5E5505A82
3576,N10528301,BATTERY,1.0,3.41,I104,4F6D4423-44BB-4857-A8CE-694E3C509D47
3577,N10528301,Battery for remote control,1.0,3.41,I104,39DA530F-27C5-44AC-A1E0-C2D8BDAF0EFC
3578,92S5A130,Starter battery S5A AGM,1.0,354.0,C201,8EDED505-C585-42F8-A6A9-265CCABBDF33
3579,Z002,Seasonal wheel change and storage,,50.0,P149,80804AD9-E772-4835-B661-147B89736E77
3580,M100000558,"Frost protection,
Panel cleaning system (1
863)",2.0,9.8,E416,83967B08-1CE5-41C1-847E-F38C10564EB3
3581,43930004,"Association pocket after
DIN 13164",1.0,8.73,X534,1908D842-E6E1-4F3C-8982-F9C61C2522FD
3582,3310A50,"Brake disc front axle
Renew both sides",6.0,69.9,F208,B1D364F0-AD73-4F0B-AE2F-DA250CCF6F2B
3583,915089A,BATTERY,1.0,215.8,C201,7FD436C5-CE2F-4854-8490-DB9EA3787450
3584,ZTW206606HB050,Ripe bri,4.0,399.31,P404,81F8A6F7-C8E1-4277-8A42-FBB0C532236B
3585,ZP00002,"Standard wheel change, laundry,
Storage for 1 season",,88.22,P149,C74F420A-DB25-4F0D-8475-970484C4AA86
3586,SW18,"Summer wheels mounted, winter wheels invited
up to 18 inches",0.5,58.66,P149,05D8672D-9844-404C-BFB0-F05B5C2AF496
3587,27060199,Perform resting measurement,,112.71,C103,78AA090C-668E-48CC-BC3D-F9450A0721E2
3588,6250907,End -end candles (sentence) exchange outside,0.1,10.9,E427,D55DB732-C764-4BBF-BE7B-280C3ADEA5F5
3589,PRO,Error: 'Translator' object has no attribute 'raise_Exception',,49.58,P149,562489F8-C6C5-4C13-91B4-1B68C38B4F0D
3590,ZRADW.WIS2,"GRW seasonal wheel change including
Storage and wheel cleaning",,88.15,P149,9B798EA1-C2B7-42DE-BF97-01AF51D88E02
3591,10001500000,GFS/guided function,,51.6,E102,45D871B2-4D8F-4FC7-8997-5D5B207C8EFE
3592,60577M2EUR,Error: 'Translator' object has no attribute 'raise_Exception',1.0,20.0,E412,44F839E7-A874-47FB-A9CF-F99B63840E8C
3593,16050600,Anti -frost concentrate,1.0,4.5,E416,0490B669-736A-4D98-A3D6-8AB8534E1B12
3594,1-EBC-345,"Tuev-
Follow -up",1.0,155.0,E325,3515A49B-DE83-4865-8EE1-0800624D43B1
3595,290990,Diagnostic unit followed/Herst.,0.4,70.4,G109,F71D928B-10EF-4E44-8DAE-56376680EA0D
3596,52830910,Error: 'Translator' object has no attribute 'raise_Exception',0.2,27.0,L103,84A81ED2-B206-429D-863C-375D9165CBA1
3597,2446902,"Brake padding,
Disc brake Q+ VA",1.0,104.72,F214,540E2EEE-F644-490C-BC23-A7978E35F482
3598,27068950,Battery loaded 10ze,10.0,16.17,G116,78ED5347-078C-4932-A10A-E0B51AFD60BA
3599,O041,"Edge Pro.LL4 OEL 0W-20
-1 liter refill engine oil
Screw cap
Driver: Mr. Jörg Haye",1.0,18.73,E412,91064EC8-62DC-499F-8E70-780D50BB9455
3600,RPS5590,"Frost protection cooler protection
RS12 EVO 1.5l",1.0,14.57,R106,45847959-DB4B-4582-9579-5D31D3EBC6F2
3601,27068900,Battery shop,,28.9,G116,8F714E1B-4DFC-4335-BC76-77CF24E9455F
3602,17409100,Error: 'Translator' object has no attribute 'raise_Exception',1.0,11.65,L118,830D78EF-087F-4847-B8F9-AA7777E03DD6
3603,500060,Error: 'Translator' object has no attribute 'raise_Exception',,43.75,E102,9184AAB5-7812-44C1-9B44-7B5742F40C81
3604,541011,Make a short test,3.0,22.95,G109,5E79A2BC-A7B9-4C1B-9B7F-8BC9B00E4C85
3605,TU1,"HU examination Dekra
Throughout post.§10 from.1 UStG",1.0,,E319,FC634660-D489-4877-B3FE-CC6A41D6D60D
3606,60577M1DS,Error: 'Translator' object has no attribute 'raise_Exception',1.0,20.0,E412,44F839E7-A874-47FB-A9CF-F99B63840E8C
3607,14800567,"Car, otherwise. Autoservice |
Work value maintenance
|Combined oil and
Inspection service",78.0,132.6,E220,C7D24A4C-752A-4674-8424-74F414C5B9B8
3608,83125A85518,Disc clarification with frost protection,1.0,18.91,E416,F8D35A8E-0A10-455F-A37B-13176D0CE0C4
3609,3323000,"Frost protection,
Panel cleaning system
AntiFrost+clearance",1.0,5.03,E416,0051723A-5018-4A9A-89A5-1416BD2D74AD
3610,1340020,"Maintenance service after
Manufacturer specification (see
Maintenance plan): Inspection
Service without oil change,
carry out",10.0,102.0,E220,A79377CB-FE15-4E26-8914-45DF655C0707
3611,83122413061,Disc clarification with frost protection,3.0,11.34,E416,9EABB7C7-840C-414E-9F61-3568DF42BE33
3612,1EBC71,Error: 'Translator' object has no attribute 'raise_Exception',1.0,34.0,E101,0D4CDCED-0EBC-4304-9C36-86004FFF4356
3613,AZ36031,Error: 'Translator' object has no attribute 'raise_Exception',8.0,31.3,P165,7A2DD622-F86C-4206-AA37-090BF40E1F24
3614,ZM4403GF,"Change change with storage
Arval",,70.0,P149,390269E9-F938-4417-A17E-A440F642941C
3615,1999,Carry out maintenance after 1 year,0.8,92.0,E211,F95A5640-E34E-4656-BDC0-F44E5544A9C3
3616,93840000,Original maintenance work,0.5,66.67,E249,03724125-B584-4537-9355-2A4F4A1A51CC
3617,2463,Error: 'Translator' object has no attribute 'raise_Exception',1.0,10.2,I104,ED90292B-4B37-4C6B-B3B5-FA04769DEB5F
3618,FT0015,Error: 'Translator' object has no attribute 'raise_Exception',1.0,138.66,E326,DF47B9E0-B8FE-4DB2-B718-AAB1C73CC370
3619,1500000,"GfS/guided function.
-Cropy tire pressure",,28.69,E102,FB7E2CF2-852E-43D7-8F1E-F5CAEA916679
3620,,Refill oil,1.0,19.9,E412,66E1B59E-6554-462C-A13C-1A779FFE2FF1
3621,27068950,Battery shop,,16.9,G116,05643DB7-858B-4406-AA34-771D689FB0F2
3622,27068900,Battery shop,,28.9,G116,78AA090C-668E-48CC-BC3D-F9450A0721E2
3623,OL0W20VW,Motor oil 0W20 Quartz Ineo,1.0,15.5,E412,0A69855E-B18B-46E8-9499-44E439FD32FE
3624,1672028680,Total 5W-30 Dexos2 Longlife,3.0,63.69,E441,ED28A074-6558-4BCD-AE2E-4B3B29021E97
3625,915105CC,BATTERY,1.0,258.96,C201,2AC94595-668D-4E21-941D-2AF06E20371E
3626,24.0125-0184.1,Error: 'Translator' object has no attribute 'raise_Exception',2.0,241.12,F208,C216B247-13D9-4D62-B2ED-53AE1C93EFCD
3627,,Castrol Magnatec A5 5W-30,2.5,46.0,E440,0C860AFA-E6AA-49CE-8260-1E761FDBB35E
3628,1617246180,"Control housewife
2 days lf time",1.0,85.19,I905,21A400FD-A070-4082-A64A-387F7DB6A57C
3629,27060199,Perform resting measurement,,112.71,C103,57794684-792E-4A84-BC7F-A2BDA8C6D536
3630,2468342,Oil filter,1.0,14.62,E413,94269AE0-FE03-46D1-8D8E-B0A9A5093E48
3631,51717065919,Recording lifting platform,1.0,15.91,U333,3ABF9A90-2CAF-47CD-99EC-22A649DA3FCE
3632,7711734503,SKL Konz-42C1L,2.5,8.45,E416,12686D0E-A804-4EDD-A041-D31D75192AC6
3633,27065550,Replace the battery,,13.78,C201,178F1762-9ABC-4F7F-A29F-58DFFE208EB2
3634,,Motoroel Dexos1Gen3 (D30/G30),0.7,11.13,E412,135753DC-B8A1-4053-AB3E-E563D860137C
3635,01340000,"inspection
Inspection.",,143.0,E220,DC3E3551-B3ED-401D-AE7F-78A967595119
3636,72350L-BATT,Device battery,1.0,6.0,I104,CE136EF6-AF6C-45BD-8BCA-CCBE87AFF4F2
3637,10912070,"Car, measurement |3D
Axis measurement including
Setting VA/HA",1.0,90.0,T103,0E91B4F1-DCA8-4CC5-AFF7-026E67870E92
3638,16050600,Error: 'Translator' object has no attribute 'raise_Exception',1.0,4.5,E416,02126949-9C81-4D26-9542-B17B8C6F1EF3
3639,SLM,"Diagnosis MKL lightet-> FC deleted
including test drive",0.5,67.5,E101,A1A67610-F4F1-4128-B05D-62E867741822
3640,Z440503,Package change change including balancing,,108.4,P149,EFA05D3A-A177-4AA5-91C8-AB58F07B966D
3641,14800480,Error: 'Translator' object has no attribute 'raise_Exception',30.0,10.2,E416,238619D8-A0FA-4EC8-A102-2B4249BE093D
3642,,Titan GT15W-30,0.5,9.37,E412,E67716B1-0736-42A5-9FE4-33382B9529A1
3643,27068950,Battery shop,,14.7,G116,8C16FA81-8769-4C9B-BA2C-85A1798F181F
3644,HU7020Z,"Oil filter |Oil filter
7020 Z",1.0,14.36,E413,73493B54-A9E4-4072-A8C0-CA4C9C763D67
3645,910315,"Main inspection including
Emissions",1.0,155.4,E326,A54CC1F1-3C1C-4275-9ED0-7186F00C5919
3646,10,Error: 'Translator' object has no attribute 'raise_Exception',1.0,104.95,E319,2E85341D-8036-4C8A-A8FE-0CEAFA985617
3647,1541 MUA,Renew brake fluid,0.6,72.0,F506,AB77BB78-4AC3-4639-8B79-DCBF086E33DA
3648,Z012,Comfort change of wheel stored,,75.63,P149,8B10D62D-C9B0-4F57-8427-16CE82FB9F1B
3649,27065550,Replace the battery,,16.2,C201,516EEB99-46ED-4517-BABE-B91CAC3FE76C
3650,1085270,Error: 'Translator' object has no attribute 'raise_Exception',1.0,6.71,I104,3DE72D46-2850-4C9D-80B5-AFE349DB2BBA
3651,1611188580,(Mkt) urea,0.9,10.14,A101,EBD58CF6-C440-499F-B7B6-3CA17690023C
3652,2463,Error: 'Translator' object has no attribute 'raise_Exception',0.17,18.7,I104,E2D982EF-68D1-4CE6-AF25-61664F01B02B
3653,36608-2,"Battery remote control
renew",0.1,9.5,I104,9FCFA0AA-D91D-4301-9744-4C40ED4B4752
3654,11010910,Additional battery exchange,0.3,36.9,C201,DBF4F077-6CC9-4FB6-8644-B8B7D7B362F6
3655,16050600,Anti -frost concentrate,1.0,4.5,E416,DBD62635-F664-44BF-90A0-C5DDED2C7F2C
3656,27061900,Error: 'Translator' object has no attribute 'raise_Exception',,40.5,C201,9B4BA63C-8CBE-4E78-8109-27BAAA51C843
3657,20560,R16 Bridgestone winter tires,4.0,435.6,P404,189A617B-3C2F-4AF0-B0FF-A13B1CD7F1AB
3658,0 986 494 799,Brake padding sentence VA,1.0,108.0,F214,D9E62708-A34C-4EB9-96A6-9BFBAC8AAEF4
3659,M999999901,Error: 'Translator' object has no attribute 'raise_Exception',10.0,40.0,A101,49555B1C-50E8-4CEF-8C7D-BC0DB0F35A28
3660,3612055,Replace a tire,8.0,22.0,P165,45480667-518A-4E68-9C95-D8B0FC01A941
3661,1152,"Assembly package with
Disposal of cars (assembly",2.0,34.0,P165,D5C4262F-7533-4620-90F9-A7244930DCF5
3662,3528706971310,"225/50R19 100VXLS1E
Primacy",2.0,360.75,P320,D5C4262F-7533-4620-90F9-A7244930DCF5
3663,5010ZTS206557,Mature mic,,157.25,P320,95BB04EA-467A-4A23-8C91-15C6297DAE8E
3664,M100000558,"Frost protection,
Panel cleaning system (1
863)",3.0,12.9,E416,FD07A348-F8F9-487C-8035-62E5FC197185
3665,6079730,Glue lamp,1.0,1.68,L102,7018AD11-44D1-4032-BDCF-D6029878CBA8
3666,1EBC345,"Tuev acceptance / HU
To para.29 StVO",1.0,100.0,E319,8C7C8CBE-0FDF-4905-A2B0-1548CF30AC6D
3667,ZK2RE,Replace 2 tires,,36.98,P165,94D45A2F-C6B3-4BCB-BE01-4B5FF1E4F374
3668,SG1387929,Brake disc VA for Opel,2.0,245.22,F208,3C867E19-1658-4629-96DC-1ADF39CA80C1
3669,17013550,Check motoroel and.,,13.6,E405,FB1D6F98-9E62-4B16-BE72-A68D0C3EA3ED
3670,A9079001703,Control unit,1.0,834.31,I905,6B1CE157-F416-42A8-A660-86B17F86913D
3671,Q32005,"Course lamps set GT20
Course lamps set GT200",1.0,55.5,L502,AB803EAB-AD31-479E-81C1-4B1E584FC75F
3672,14800567,"Car, otherwise. Autoservice |
Work value maintenance",66.0,112.2,E220,FDB05DA2-C107-4E6A-B4BF-E64D4293C0A0
